{
  "type" : "FeatureCollection",
  "crs" : {
    "type" : "name",
    "properties" : {
      "name" : "EPSG:2178"
    }
  },
  "features" : [{"type":"Feature","id":1,"geometry":{"type":"Polygon","coordinates":[[[7422945.4100000001,5547932.3499999996],[7422945.5,5547926.4700000007],[7422946.1100000003,5547919.1999999993],[7422947.6699999999,5547910.8599999994],[7422948.3700000001,5547910.5399999991],[7422952.29,5547893.3000000007],[7422958.5899999999,5547873.0099999998],[7422961.8099999996,5547862.6300000008],[7422964.5700000003,5547853.6600000001],[7422969.8600000003,5547836.4399999995],[7422977.4100000001,5547812.3699999992],[7422980.5499999998,5547802.2400000002],[7422987.9100000001,5547778.1300000008],[7422994.1900000004,5547758.1300000008],[7422998.8200000003,5547743.8300000001],[7423002.6399999997,5547733],[7423004.2999999998,5547728.2899999991],[7423004.1799999997,5547728.25],[7423008.2999999998,5547716.5299999993],[7423008.3899999997,5547716.5600000005],[7423020.4699999997,5547682.4199999999],[7423020.3700000001,5547682.3900000006],[7423024.4900000002,5547670.6899999995],[7423024.5999999996,5547670.7300000004],[7423026.25,5547666.0099999998],[7423030.6900000004,5547653.3900000006],[7423031.2400000002,5547651.8800000008],[7423036.8600000003,5547638.0700000003],[7423044.71,5547618.7699999996],[7423044.5199999996,5547618.7300000004],[7423045.6200000001,5547615.0800000001],[7423046.04,5547615.2100000009],[7423047.9900000002,5547615.1099999994],[7423049.6200000001,5547607.9199999999],[7423049.1500000004,5547607.8100000005],[7423049.9900000002,5547604.0800000001],[7423050.6500000004,5547601.1300000008],[7423051.2000000002,5547598.5700000003],[7423051.54,5547598.6500000004],[7423065.1500000004,5547560.4399999995],[7423065.0499999998,5547559.9900000002],[7423065.1299999999,5547559.5399999991],[7423068.1200000001,5547552.3699999992],[7423074.3700000001,5547537.5700000003],[7423080.6200000001,5547522.2599999998],[7423084.1699999999,5547513.5899999999],[7423084.54,5547513.75],[7423085.4900000002,5547511.5700000003],[7423085.1299999999,5547511.4000000004],[7423088.7999999998,5547502.6500000004],[7423088.8799999999,5547502.4399999995],[7423096.4699999997,5547484.4000000004],[7423099.7199999997,5547476.4499999993],[7423099.6100000003,5547476.4000000004],[7423103.8899999997,5547466.1699999999],[7423104.0199999996,5547466.2200000007],[7423107.3300000001,5547458.2200000007],[7423108.2300000004,5547456.3000000007],[7423111.5899999999,5547447.6500000004],[7423113.6200000001,5547442.4299999997],[7423113.7999999998,5547441.9700000007],[7423122.2000000002,5547420.8200000003],[7423128.2300000004,5547405.5800000001],[7423128.2800000003,5547405.4700000007],[7423132.5499999998,5547393.6500000004],[7423135.4900000002,5547386.1400000006],[7423144.7699999996,5547357.4700000007],[7423148.7000000002,5547344.9900000002],[7423148.2800000003,5547344.8599999994],[7423148.8899999997,5547342.9299999997],[7423149.2999999998,5547343.0600000005],[7423153.1699999999,5547330.6699999999],[7423153.25,5547330.4399999995],[7423153.1200000001,5547330.3900000006],[7423160.7400000002,5547306.9299999997],[7423166.1200000001,5547289.3800000008],[7423166.7400000002,5547287.3900000006],[7423167.7199999997,5547284.4199999999],[7423176.4000000004,5547265.8399999999],[7423179.5499999998,5547255.4000000004],[7423182.8399999999,5547244.3399999999],[7423185.2199999997,5547236.3699999992],[7423185.6900000004,5547233.2899999991],[7423186.3899999997,5547229.7899999991],[7423189.8099999996,5547212.4000000004],[7423191.1100000003,5547208.0099999998],[7423190.8700000001,5547207.9399999995],[7423191.7300000004,5547204.9600000009],[7423191.8899999997,5547205],[7423195.4000000004,5547192.9100000001],[7423197.5499999998,5547185.5500000007],[7423198.2000000002,5547185.75],[7423198.6600000001,5547184.2100000009],[7423199.0599999996,5547182.8800000008],[7423198.4500000002,5547182.5999999996],[7423199.3799999999,5547179.4199999999],[7423204.0499999998,5547173.8599999994],[7423203.2400000002,5547173.1600000001],[7423203.7599999998,5547172.5399999991],[7423207.3200000003,5547168.2699999996],[7423207.8499999996,5547167.6300000008],[7423208.6799999997,5547168.2899999991],[7423223.1299999999,5547150.9900000002],[7423231.5099999998,5547140.2200000007],[7423244.3899999997,5547123.6600000001],[7423237.0899999999,5547116.2899999991],[7423238,5547114.4399999995],[7423232.5,5547109.9800000004],[7423231.9900000002,5547109.25],[7423231.7300000004,5547108.4000000004],[7423231.7699999996,5547107.0899999999],[7423232.0999999996,5547105.2400000002],[7423232.7599999998,5547103.2400000002],[7423240.29,5547087.6400000006],[7423238.2800000003,5547086.6699999999],[7423228.54,5547081.9299999997],[7423229.7999999998,5547079.3599999994],[7423229.0499999998,5547078.9800000004],[7423231.5099999998,5547074.3300000001],[7423243.4100000001,5547050.5500000007],[7423270.04,5546994.8900000006],[7423318.5199999996,5547015.8699999992],[7423346.5800000001,5547022.4100000001],[7423365.0700000003,5547025.3599999994],[7423389.3099999996,5547024.9499999993],[7423433.2300000004,5547015.4199999999],[7423477.4100000001,5546995.6999999993],[7423496.3200000003,5546968.9900000002],[7423503.8300000001,5546947.9299999997],[7423506.4199999999,5546940.6300000008],[7423518.3499999996,5546906.7899999991],[7423540.8899999997,5546835.8900000006],[7423545.71,5546820.7300000004],[7423584.6900000004,5546714.3499999996],[7423589.5099999998,5546701.2100000009],[7423598.04,5546677.9399999995],[7423640.9400000004,5546570.1999999993],[7423672.1299999999,5546499.6400000006],[7423672.6299999999,5546498.5],[7423683.0599999996,5546474.3300000001],[7423700.7800000003,5546434.9199999999],[7423726.5700000003,5546378.7200000007],[7423778.9199999999,5546277.5700000003],[7423807.0800000001,5546229.6199999992],[7423807.4199999999,5546228.8300000001],[7423843.0700000003,5546168.5500000007],[7423872.6399999997,5546118.5500000007],[7423923.5700000003,5546052.2599999998],[7423991.2400000002,5545999.9700000007],[7424055.7000000002,5545967.6600000001],[7424104.2000000002,5545953.7100000009],[7424148,5545947.2799999993],[7424177.5300000003,5545944.4800000004],[7424227.6299999999,5545943.0099999998],[7424277.4699999997,5545947.9299999997],[7424327.1299999999,5545957.25],[7424376.4800000004,5545974.1699999999],[7424425.4699999997,5546000.0800000001],[7424428.6600000001,5546001.7899999991],[7424451.5999999996,5546014.0500000007],[7424454.8499999996,5546015.7799999993],[7424523.1500000004,5546059.0800000001],[7424572.0199999996,5546087.8399999999],[7424620.8200000003,5546118.3900000006],[7424669.6399999997,5546148.3100000005],[7424718.3499999996,5546181.1400000006],[7424766.9299999997,5546216.9900000002],[7424815.4199999999,5546255.2899999991],[7424863.8600000003,5546294.6999999993],[7424899.2199999997,5546324.6400000006],[7424931.4100000001,5546350.3100000005],[7425007.54,5546410.5999999996],[7425045.6299999999,5546441],[7425088,5546476.0099999998],[7425137.0199999996,5546515.8300000001],[7425138.1299999999,5546516.7300000004],[7425136.8300000001,5546518.8399999999],[7425107.7400000002,5546565.8399999999],[7425106.9500000002,5546567.1199999992],[7425102.7699999996,5546573.8599999994],[7425094.6799999997,5546583.2699999996],[7425078.8700000001,5546601.6699999999],[7425069.7000000002,5546593.8900000006],[7425064.1399999997,5546588.5700000003],[7425051.2199999997,5546576.0800000001],[7425047.4500000002,5546581.1699999999],[7425044.6399999997,5546578.8300000001],[7425032.0300000003,5546593.4700000007],[7425031.3399999999,5546595.3499999996],[7425028.6200000001,5546602.0299999993],[7425026.4100000001,5546606.9399999995],[7425027.0199999996,5546607.6999999993],[7425017.1100000003,5546620.5500000007],[7424989.2800000003,5546657.0999999996],[7424956.4800000004,5546700.0299999993],[7424955.9000000004,5546700.7899999991],[7424914.1900000004,5546755.6699999999],[7424880.7199999997,5546799.4000000004],[7424849.4299999997,5546840.3399999999],[7424814.0700000003,5546886.7300000004],[7424794.1699999999,5546912.7200000007],[7424781.5499999998,5546929.4499999993],[7424771.54,5546935.5099999998],[7424761.6299999999,5546944.7200000007],[7424758.8899999997,5546946.5],[7424754.6799999997,5546949.5299999993],[7424733.4800000004,5546963.9000000004],[7424738.2300000004,5546982.1699999999],[7424741.0199999996,5546992.9000000004],[7424743.1500000004,5547001.1099999994],[7424714.9000000004,5547064.2899999991],[7424700.5899999999,5547101.5199999996],[7424694.9100000001,5547115.9299999997],[7424693.7699999996,5547119.9000000004],[7424687.6100000003,5547120.9399999995],[7424685.7599999998,5547120.5299999993],[7424677.4800000004,5547122.1400000006],[7424673.6299999999,5547122.7899999991],[7424671.8799999999,5547121.4600000009],[7424670.79,5547123.2400000002],[7424660.8799999999,5547125.0500000007],[7424659.0999999996,5547127.2899999991],[7424659.1799999997,5547127.8200000003],[7424659.6200000001,5547128.1199999992],[7424661.3300000001,5547141.1600000001],[7424664.3899999997,5547158.5999999996],[7424664.9199999999,5547160.3599999994],[7424668.04,5547178.0899999999],[7424669.8099999996,5547189],[7424668.0599999996,5547199.1500000004],[7424667.4800000004,5547201.5],[7424665.8300000001,5547210.6199999992],[7424665.5,5547211.3000000007],[7424664.0700000003,5547221.4399999995],[7424663.9500000002,5547221.7300000004],[7424662.1799999997,5547231.0500000007],[7424661.75,5547231.8000000007],[7424661.4900000002,5547237.5099999998],[7424659.3200000003,5547247.3499999996],[7424658.6699999999,5547250.8399999999],[7424654.8499999996,5547273.0399999991],[7424651.2400000002,5547288.0299999993],[7424643.9000000004,5547319.8699999992],[7424637.2400000002,5547346.3399999999],[7424633.8300000001,5547359.7799999993],[7424632.8600000003,5547359.6600000001],[7424632.7699999996,5547361.7100000009],[7424632.4299999997,5547370.8699999992],[7424633.2199999997,5547370.4399999995],[7424633.4500000002,5547377.5199999996],[7424634,5547382.6899999995],[7424635.0700000003,5547393.7200000007],[7424630.2599999998,5547396.4399999995],[7424628.7999999998,5547419.9900000002],[7424628.3399999999,5547427.2599999998],[7424626.6299999999,5547451.6999999993],[7424635.5300000003,5547459.9399999995],[7424639.8099999996,5547463.8900000006],[7424640.3600000003,5547480.8100000005],[7424640.5800000001,5547487.4299999997],[7424640,5547522.0899999999],[7424639.7300000004,5547549.8499999996],[7424638.7800000003,5547599.4000000004],[7424627.6299999999,5547600.3300000001],[7424625.4500000002,5547600.5099999998],[7424627.2999999998,5547602.7899999991],[7424627.1299999999,5547608.2200000007],[7424626.9699999997,5547608.2200000007],[7424626.3700000001,5547622.1400000006],[7424633.9800000004,5547620.9499999993],[7424634.7699999996,5547630.5399999991],[7424635.1100000003,5547634],[7424640.4699999997,5547700.4000000004],[7424647.9100000001,5547704.5199999996],[7424648.7199999997,5547719.8000000007],[7424649.2699999996,5547731.3800000008],[7424638.7599999998,5547751.7799999993],[7424638.3200000003,5547752.3300000001],[7424652.9299999997,5547767.0199999996],[7424652.9000000004,5547767.8599999994],[7424652.6100000003,5547767.6500000004],[7424651.7800000003,5547780.6500000004],[7424647.1500000004,5547777.9700000007],[7424646.7000000002,5547779.75],[7424645.5199999996,5547784.3599999994],[7424644.4000000004,5547788.7400000002],[7424643.1299999999,5547793.7100000009],[7424641.8399999999,5547799.8900000006],[7424641.4199999999,5547817.3699999992],[7424640.9000000004,5547851.9100000001],[7424641.0099999998,5547867.1099999994],[7424640.9199999999,5547883.7799999993],[7424640.8899999997,5547897.8699999992],[7424640.8499999996,5547915.4499999993],[7424646.3600000003,5547915.8800000008],[7424645.2800000003,5547931.7400000002],[7424644.4299999997,5547945.6600000001],[7424643.0999999996,5547964.7300000004],[7424642.2199999997,5547978.1199999992],[7424641.1500000004,5547993.5500000007],[7424641.1100000003,5547994.1899999995],[7424640.7400000002,5547999.5299999993],[7424639.0800000001,5548018.2200000007],[7424637.96,5548030.7699999996],[7424636.1299999999,5548051.3599999994],[7424634.7000000002,5548068.1400000006],[7424634.9000000004,5548068.1699999999],[7424634.7300000004,5548070.6999999993],[7424640.2800000003,5548070.7599999998],[7424640.2800000003,5548071.6500000004],[7424641.1600000001,5548071.7699999996],[7424641.9699999997,5548072.0700000003],[7424643.4900000002,5548073.1300000008],[7424643.9299999997,5548075.5],[7424644,5548077.2699999996],[7424643.8300000001,5548082.7799999993],[7424643.7199999997,5548091.9499999993],[7424643.7699999996,5548102.2300000004],[7424643.7800000003,5548105.6899999995],[7424643.79,5548115.8200000003],[7424643.3799999999,5548134.8699999992],[7424641.7400000002,5548136.9299999997],[7424642.0700000003,5548137.7899999991],[7424642.1200000001,5548138.4600000009],[7424642.2999999998,5548143.8699999992],[7424641.46,5548153],[7424640.6100000003,5548162.2799999993],[7424644.2400000002,5548162.75],[7424667.6500000004,5548166.0199999996],[7424667.6100000003,5548165.6999999993],[7424669.1299999999,5548165.8699999992],[7424669.0899999999,5548166.1400000006],[7424673.3799999999,5548166.6600000001],[7424673.4000000004,5548166.3900000006],[7424674.9900000002,5548166.5399999991],[7424674.8600000003,5548167.1699999999],[7424695.6500000004,5548169.6699999999],[7424695.75,5548169.0500000007],[7424697.3099999996,5548169.1699999999],[7424697.2800000003,5548169.4900000002],[7424701.5599999996,5548170.0099999998],[7424701.5800000001,5548169.6899999995],[7424703.1399999997,5548169.8900000006],[7424703.1200000001,5548170.3300000001],[7424705.2599999998,5548170.3900000006],[7424734.0199999996,5548173.8599999994],[7424766.0099999998,5548177.8499999996],[7424774.4400000004,5548179.4100000001],[7424774.2400000002,5548181.1400000006],[7424773.3799999999,5548188.6699999999],[7424772.54,5548204.8599999994],[7424772.2000000002,5548214.1099999994],[7424774.2199999997,5548225.1600000001],[7424777.2999999998,5548239.8599999994],[7424781.7599999998,5548254.4199999999],[7424786.0800000001,5548268.8300000001],[7424794.4199999999,5548296.5899999999],[7424803.6600000001,5548327.2200000007],[7424813.1900000004,5548358.5600000005],[7424818.8099999996,5548377.1699999999],[7424827.3200000003,5548405.3300000001],[7424829,5548410.9199999999],[7424830.7800000003,5548410.4000000004],[7424834.0700000003,5548421.4700000007],[7424836.1900000004,5548428.8800000008],[7424835.5800000001,5548447.1699999999],[7424835.3499999996,5548451.1699999999],[7424835.5,5548451.1799999997],[7424834.9699999997,5548460.2799999993],[7424834.8200000003,5548460.2699999996],[7424834.46,5548466.1199999992],[7424834.5899999999,5548466.1199999992],[7424833.4000000004,5548485.0099999998],[7424832.1699999999,5548503.7799999993],[7424831.8499999996,5548508.7200000007],[7424832,5548508.7300000004],[7424831.0499999998,5548523.2899999991],[7424830.9000000004,5548523.2799999993],[7424830.5999999996,5548528.2100000009],[7424833.4900000002,5548530.7100000009],[7424838.2400000002,5548529.2100000009],[7424838.2000000002,5548529.0700000003],[7424856.9299999997,5548523.1799999997],[7424856.9800000004,5548523.3200000003],[7424861.7400000002,5548521.8200000003],[7424861.7000000002,5548521.6899999995],[7424877.9900000002,5548516.7300000004],[7424894.8099999996,5548511.5500000007],[7424908.8499999996,5548507.2100000009],[7424908.8200000003,5548507.1099999994],[7424923.2199999997,5548502.5899999999],[7424937.7599999998,5548498.2100000009],[7424952.6500000004,5548493.5099999998],[7424964.5099999998,5548489.7899999991],[7424976.3099999996,5548486.1899999995],[7424976.3499999996,5548486.3300000001],[7424981.1399999997,5548484.8599999994],[7424994.3799999999,5548512.0099999998],[7425008.1500000004,5548539.7200000007],[7425011.6799999997,5548546.9199999999],[7425015.3200000003,5548553.8699999992],[7425019.7800000003,5548562.8200000003],[7425024.2300000004,5548571.7699999996],[7425028.8099999996,5548580.8800000008],[7425033.3899999997,5548589.9900000002],[7425033.9100000001,5548589.5399999991],[7425039.3600000003,5548600.6899999995],[7425044.8099999996,5548611.8399999999],[7425049.6600000001,5548621.9199999999],[7425054.5099999998,5548632.0099999998],[7425060.04,5548643.3800000008],[7425065.5599999996,5548654.75],[7425071.6500000004,5548667.1600000001],[7425077.7400000002,5548679.5600000005],[7425086.5800000001,5548697.6699999999],[7425095.4199999999,5548715.7799999993],[7425096.7199999997,5548718.4499999993],[7425098.0199999996,5548721.1199999992],[7425116.3799999999,5548758.2599999998],[7425134.7400000002,5548795.3900000006],[7425139.1600000001,5548804.3200000003],[7425140.71,5548807.4600000009],[7425142.2599999998,5548810.5999999996],[7425153.4800000004,5548833.2699999996],[7425164.6900000004,5548855.9399999995],[7425178.71,5548884.3000000007],[7425192.7300000004,5548912.6699999999],[7425202.7699999996,5548933.0199999996],[7425212.8099999996,5548953.3699999992],[7425208.8200000003,5548955.2899999991],[7425218.46,5548974.1199999992],[7425228.0899999999,5548992.9399999995],[7425238.9800000004,5549014.1199999992],[7425249.8799999999,5549035.3000000007],[7425261.9400000004,5549058.8100000005],[7425273.9900000002,5549082.3200000003],[7425275.5300000003,5549084.9399999995],[7425275.7000000002,5549085.2100000009],[7425285.3399999999,5549104.7899999991],[7425285.1799999997,5549105.0500000007],[7425285.0099999998,5549105.1400000006],[7425286.46,5549107.9000000004],[7425294.1900000004,5549103.7799999993],[7425296.9000000004,5549108.8900000006],[7425302.9199999999,5549120.4100000001],[7425305.6100000003,5549125.4800000004],[7425304.7000000002,5549125.9700000007],[7425317.04,5549149.6300000008],[7425320.1399999997,5549155.5199999996],[7425326.5199999996,5549167.4900000002],[7425355.04,5549221.8900000006],[7425350.7000000002,5549223.9800000004],[7425374.04,5549269.6699999999],[7425384.3300000001,5549289.7200000007],[7425393.3799999999,5549309.2599999998],[7425402.8600000003,5549333.6999999993],[7425403.0599999996,5549334.2200000007],[7425408.4100000001,5549348.8399999999],[7425411.2999999998,5549357.5199999996],[7425412.0700000003,5549359.8000000007],[7425428.7599999998,5549383.9299999997],[7425430.2400000002,5549386.6099999994],[7425433.0700000003,5549391.5500000007],[7425536.7300000004,5549603.9100000001],[7425538.54,5549607.6300000008],[7425545.8899999997,5549622.4100000001],[7425547.1299999999,5549625.0099999998],[7425549.4000000004,5549629.4800000004],[7425553.5,5549637.9299999997],[7425554.2999999998,5549639.5399999991],[7425557.1900000004,5549645.0999999996],[7425562.5199999996,5549655.3499999996],[7425564,5549658.2599999998],[7425569.6100000003,5549669.4900000002],[7425576.4699999997,5549683.6799999997],[7425567.2800000003,5549686.3599999994],[7425540.8300000001,5549691.5800000001],[7425528.5300000003,5549692.8599999994],[7425514.6699999999,5549688.1400000006],[7425500.5,5549684.5700000003],[7425485.8499999996,5549687.3900000006],[7425475.7000000002,5549690.9600000009],[7425467.3399999999,5549690.6699999999],[7425457.4299999997,5549692.5500000007],[7425449.1200000001,5549700.4399999995],[7425439.9199999999,5549701.3800000008],[7425427.0499999998,5549698.75],[7425415.96,5549700.3499999996],[7425409.2000000002,5549705.2300000004],[7425402.2300000004,5549710.8300000001],[7425389.9400000004,5549725.5899999999],[7425383.2699999996,5549748.8100000005],[7425368.2400000002,5549766.4700000007],[7425348.5700000003,5549815.1799999997],[7425333.3499999996,5549821.2599999998],[7425326.5999999996,5549823.9499999993],[7425320.4400000004,5549825.4700000007],[7425299.5199999996,5549829.5600000005],[7425270.7999999998,5549835.2300000004],[7425250.0099999998,5549839.3399999999],[7425235.2400000002,5549843.3200000003],[7425193.9199999999,5549854.6199999992],[7425190.4900000002,5549855.4399999995],[7425186.0499999998,5549856.5],[7425180.4400000004,5549857.7599999998],[7425138.0700000003,5549867.3000000007],[7425092,5549876.9700000007],[7425091.1399999997,5549877.1500000004],[7425089.6900000004,5549877.4399999995],[7425060.2400000002,5549883.4000000004],[7425040.9299999997,5549887.5199999996],[7425018.0999999996,5549892.1600000001],[7425015.8600000003,5549892.6600000001],[7425014.3399999999,5549892.9900000002],[7424991.2400000002,5549898.1199999992],[7424984.4199999999,5549899.8699999992],[7424949.4000000004,5549908.8399999999],[7424947.2699999996,5549909.3599999994],[7424941.9900000002,5549910.6300000008],[7424936.9299999997,5549912.0700000003],[7424932.7599999998,5549913.4100000001],[7424928.4100000001,5549915],[7424924.0300000003,5549916.8599999994],[7424919.96,5549918.7699999996],[7424918.5199999996,5549919.1600000001],[7424915.3600000003,5549920.0099999998],[7424886.3899999997,5549927.8599999994],[7424883.4900000002,5549922.5500000007],[7424892.0899999999,5549918.3599999994],[7424888.5700000003,5549910.9000000004],[7424836.4800000004,5549921.75],[7424663.7800000003,5549957.5199999996],[7424648.75,5549924.7200000007],[7424647.8099999996,5549922.5700000003],[7424645.9299999997,5549918.2400000002],[7424638.0499999998,5549900.7599999998],[7424638,5549900.6500000004],[7424622.0599999996,5549865.2699999996],[7424619.1100000003,5549859.5899999999],[7424605.4299999997,5549833.2400000002],[7424597.7300000004,5549814.7200000007],[7424595.04,5549807.7899999991],[7424575.5499999998,5549760.0099999998],[7424572.8799999999,5549754.1300000008],[7424569.3399999999,5549743.2899999991],[7424553.5700000003,5549694.9900000002],[7424534.5800000001,5549637.0800000001],[7424531.5999999996,5549623.9900000002],[7424525.9699999997,5549599.3300000001],[7424518.8600000003,5549575.9100000001],[7424507.3200000003,5549571.0099999998],[7424495.0300000003,5549564.9600000009],[7424500.3300000001,5549554.5899999999],[7424486.5499999998,5549546.7400000002],[7424478.25,5549549.8100000005],[7424476.7300000004,5549550.3800000008],[7424471.6299999999,5549552.3300000001],[7424433.5499999998,5549532.9399999995],[7424431.6399999997,5549532.5500000007],[7424405.5300000003,5549519.0899999999],[7424395.21,5549513.7799999993],[7424338.21,5549484.4000000004],[7424339.6799999997,5549482.3200000003],[7424337.6699999999,5549481.3399999999],[7424337.0700000003,5549482.6899999995],[7424332.1699999999,5549480.5199999996],[7424319.9199999999,5549475.0700000003],[7424319.9299999997,5549474.6799999997],[7424315.9699999997,5549471.8000000007],[7424315.2199999997,5549472.7400000002],[7424309.5899999999,5549469.7799999993],[7424306.7800000003,5549468.3100000005],[7424307.9500000002,5549466.0099999998],[7424303.1900000004,5549463.6099999994],[7424302.0300000003,5549465.8599999994],[7424298.9299999997,5549464.2599999998],[7424282.1299999999,5549455.6099999994],[7424281.6100000003,5549455.3399999999],[7424218.7000000002,5549422.9100000001],[7424211.6699999999,5549419.2899999991],[7424206.4000000004,5549416.5700000003],[7424204.4900000002,5549415.8900000006],[7424204.75,5549415.4199999999],[7424205.9500000002,5549416.0199999996],[7424206.5999999996,5549416.0899999999],[7424210.7999999998,5549408.1600000001],[7424211.1900000004,5549407.4199999999],[7424211.6399999997,5549406.1999999993],[7424211.2000000002,5549405.9299999997],[7424207.6699999999,5549392.5800000001],[7424207.3099999996,5549390.5800000001],[7424206.9000000004,5549388.2699999996],[7424205.3200000003,5549379.4499999993],[7424204.8799999999,5549377.8900000006],[7424203.8499999996,5549374.2799999993],[7424201.1399999997,5549364.2599999998],[7424195.3300000001,5549365.9800000004],[7424195,5549364.8300000001],[7424194.4699999997,5549365],[7424193.6900000004,5549362.0999999996],[7424194.2000000002,5549362.0099999998],[7424193.8499999996,5549360.8100000005],[7424191.1500000004,5549357.9000000004],[7424187.8399999999,5549354.3399999999],[7424186.0099999998,5549353.1400000006],[7424178.3300000001,5549348.1400000006],[7424172.8399999999,5549344.5500000007],[7424171.3200000003,5549342.5600000005],[7424167.9100000001,5549338.0800000001],[7424159.5,5549328.8000000007],[7424159.2800000003,5549328.9800000004],[7424158.5199999996,5549328.1699999999],[7424154.1100000003,5549331.75],[7424151.4699999997,5549333.9000000004],[7424151.0599999996,5549334.2300000004],[7424149.7599999998,5549332.9900000002],[7424145.8600000003,5549328.4100000001],[7424144.1399999997,5549326.3800000008],[7424142,5549323.8699999992],[7424132.6500000004,5549312.8800000008],[7424084.9299999997,5549256.8399999999],[7424082.1100000003,5549253.5199999996],[7424041.5599999996,5549208.7200000007],[7424036.3200000003,5549202.5299999993],[7424034.0899999999,5549188.4900000002],[7424032.29,5549183.0099999998],[7424027.6399999997,5549168.9199999999],[7424024.0099999998,5549165.4900000002],[7423992.3099999996,5549135.5299999993],[7423989.7599999998,5549133.1199999992],[7423965.6799999997,5549135.6300000008],[7423942.3399999999,5549136.0700000003],[7423910.04,5549135.5899999999],[7423893.9699999997,5549133.5999999996],[7423874.0800000001,5549131.1400000006],[7423866.9100000001,5549130.2599999998],[7423859.46,5549128.9800000004],[7423848.2000000002,5549127.6999999993],[7423832.7400000002,5549126.1699999999],[7423816.8799999999,5549124.2799999993],[7423813,5549123.8100000005],[7423799.9100000001,5549122.25],[7423762.1600000001,5549116.1899999995],[7423762.6500000004,5549114.4800000004],[7423753.0700000003,5549108.8200000003],[7423745.0499999998,5549104.0899999999],[7423742.6100000003,5549108.5600000005],[7423742.5300000003,5549108.6999999993],[7423742.4500000002,5549108.8499999996],[7423737.7000000002,5549117.4499999993],[7423735.54,5549116.2699999996],[7423733.6799999997,5549119.6600000001],[7423732.3600000003,5549118.9399999995],[7423731.1299999999,5549120.3200000003],[7423729.5800000001,5549121.3100000005],[7423727.75,5549121.6099999994],[7423725.9199999999,5549121.3800000008],[7423713.7599999998,5549116.9399999995],[7423712.0899999999,5549116.2899999991],[7423707.2800000003,5549114.4800000004],[7423707.1699999999,5549114.7699999996],[7423703.8600000003,5549113.5199999996],[7423703.9699999997,5549113.2300000004],[7423699.1200000001,5549111.4000000004],[7423697.6500000004,5549110.8699999992],[7423697.4900000002,5549110.8100000005],[7423690.5899999999,5549108.25],[7423690.4299999997,5549108.3900000006],[7423690.21,5549108.3900000006],[7423690.0499999998,5549108.25],[7423690.0099999998,5549108.0299999993],[7423688.4500000002,5549107.4499999993],[7423688.2800000003,5549107.5999999996],[7423688.0599999996,5549107.5999999996],[7423687.9000000004,5549107.4499999993],[7423687.8600000003,5549107.2400000002],[7423680.7400000002,5549104.5899999999],[7423680.5700000003,5549104.5299999993],[7423664.9699999997,5549098.6699999999],[7423659.3300000001,5549096.5700000003],[7423652.8899999997,5549094.1799999997],[7423634.7699999996,5549087.1400000006],[7423618.5499999998,5549080.3200000003],[7423618.3799999999,5549080.25],[7423618.2400000002,5549080.1699999999],[7423611.9199999999,5549076.5],[7423602.7400000002,5549071.2599999998],[7423594.3899999997,5549066.3100000005],[7423589.54,5549063.4600000009],[7423588.6200000001,5549062.9299999997],[7423588.46,5549062.8399999999],[7423580.4199999999,5549058.1699999999],[7423580.3600000003,5549058.2799999993],[7423580.0899999999,5549058.1300000008],[7423578.0999999996,5549056.9700000007],[7423577.9900000002,5549056.9100000001],[7423578.04,5549056.8300000001],[7423569.75,5549052.0199999996],[7423554.9900000002,5549041.0199999996],[7423539.2000000002,5549029.4700000007],[7423539.1100000003,5549029.5999999996],[7423534.8600000003,5549026.5299999993],[7423522.1500000004,5549016.5999999996],[7423520.8399999999,5549015.5700000003],[7423517.9000000004,5549013.2699999996],[7423515.7699999996,5549011.6199999992],[7423509.3300000001,5549006.5899999999],[7423506.8300000001,5549004.6300000008],[7423502.5099999998,5549001.2599999998],[7423488.3799999999,5548990.1199999992],[7423485.2999999998,5548987.6999999993],[7423485.1600000001,5548987.8699999992],[7423477.1500000004,5548981.5999999996],[7423477.29,5548981.4299999997],[7423474.1600000001,5548978.9800000004],[7423468.2599999998,5548974.3800000008],[7423460.3200000003,5548968.1799999997],[7423457.04,5548965.6300000008],[7423456.9100000001,5548965.7799999993],[7423448.1600000001,5548958.9600000009],[7423448.2800000003,5548958.8100000005],[7423444.4800000004,5548955.8499999996],[7423444.3300000001,5548955.7300000004],[7423439.9800000004,5548952.3200000003],[7423420.6100000003,5548937.3100000005],[7423420.4500000002,5548937.1899999995],[7423413.8300000001,5548931.9800000004],[7423413.7699999996,5548932.0600000005],[7423409.5,5548928.5800000001],[7423402.9000000004,5548923.3800000008],[7423402.75,5548923.2599999998],[7423385.2300000004,5548909.4600000009],[7423385.6100000003,5548908.9199999999],[7423381.54,5548905.6699999999],[7423373.7800000003,5548896.8900000006],[7423367.7199999997,5548889.9399999995],[7423360.2300000004,5548881.3499999996],[7423355.6699999999,5548876.9299999997],[7423352.2699999996,5548874.3300000001],[7423351.9400000004,5548874.7400000002],[7423325.2300000004,5548852.6699999999],[7423298.29,5548830.1400000006],[7423298.4299999997,5548829.9600000009],[7423291.8499999996,5548824.0800000001],[7423291.71,5548823.9600000009],[7423289.0999999996,5548821.8000000007],[7423288.79,5548821.5500000007],[7423288.5099999998,5548821.8699999992],[7423284.2400000002,5548818.4299999997],[7423280.8399999999,5548822.3599999994],[7423253.5899999999,5548799.4499999993],[7423253.6399999997,5548799.3900000006],[7423253.4800000004,5548799.2599999998],[7423253.3600000003,5548799.4000000004],[7423239.9199999999,5548787.8300000001],[7423242.0899999999,5548784.8699999992],[7423241.1799999997,5548784.0800000001],[7423237.3600000003,5548783.4600000009],[7423232.3300000001,5548776.0399999991],[7423229.5499999998,5548771.7400000002],[7423228.2199999997,5548771.0700000003],[7423227.2599999998,5548769.8800000008],[7423223.5700000003,5548763.2200000007],[7423223.2699999996,5548761.8100000005],[7423224.3399999999,5548761.3200000003],[7423220.6399999997,5548758.2699999996],[7423213.3499999996,5548742.6799999997],[7423213.1200000001,5548742.5099999998],[7423206.9199999999,5548728.9000000004],[7423206.8099999996,5548728.5999999996],[7423202.0099999998,5548718.1999999993],[7423199.6100000003,5548713.0800000001],[7423199.7599999998,5548713.0099999998],[7423196.3399999999,5548705.75],[7423179.6799999997,5548669.6799999997],[7423174.3300000001,5548658.2400000002],[7423171.25,5548651.9900000002],[7423170.6500000004,5548650.4900000002],[7423169.7400000002,5548648.5899999999],[7423169.5,5548647.9600000009],[7423158.5700000003,5548624.8800000008],[7423156.0899999999,5548619.1199999992],[7423156.2300000004,5548619.0500000007],[7423148,5548600.0800000001],[7423144.7199999997,5548592.5899999999],[7423144.6399999997,5548592.6300000008],[7423144.4199999999,5548592.1199999992],[7423144.5499999998,5548592.0600000005],[7423144.5199999996,5548591.9900000002],[7423145.3300000001,5548591.6400000006],[7423144.75,5548590.3100000005],[7423143.9299999997,5548590.6699999999],[7423143.8899999997,5548590.5800000001],[7423143.7400000002,5548590.6400000006],[7423143.5300000003,5548590.1400000006],[7423143.6100000003,5548590.1099999994],[7423140.4000000004,5548582.6600000001],[7423136.9800000004,5548574.8800000008],[7423136.8399999999,5548574.9399999995],[7423135.6500000004,5548572.2799999993],[7423135.8899999997,5548572.1799999997],[7423132.4199999999,5548564.2799999993],[7423132.2800000003,5548564.3399999999],[7423130.1299999999,5548559.3399999999],[7423130.0300000003,5548559.0999999996],[7423119.9800000004,5548535.5199999996],[7423119.8899999997,5548535.3000000007],[7423114.3200000003,5548522.4600000009],[7423108.7800000003,5548509.7200000007],[7423103.5899999999,5548497.8300000001],[7423098.0099999998,5548484.9000000004],[7423095.9800000004,5548480.0399999991],[7423096.1200000001,5548479.9800000004],[7423092.0099999998,5548470.5600000005],[7423088.0499999998,5548461.1400000006],[7423087.9199999999,5548461.1999999993],[7423085.7800000003,5548456.3300000001],[7423085.7000000002,5548456.3599999994],[7423079.3200000003,5548441.8000000007],[7423079.5899999999,5548441.6699999999],[7423079.4900000002,5548441.4499999993],[7423080.4299999997,5548441.0199999996],[7423076.9699999997,5548432.7400000002],[7423076.79,5548432.8200000003],[7423074.8700000001,5548428.2400000002],[7423068.7400000002,5548411.5500000007],[7423062.6600000001,5548390.4399999995],[7423060.3399999999,5548382.2300000004],[7423060.1900000004,5548382.2699999996],[7423059.1200000001,5548378],[7423054.4299999997,5548361.4299999997],[7423049.0599999996,5548343.0999999996],[7423045.6600000001,5548331.5800000001],[7423042.5599999996,5548320.5800000001],[7423036.0999999996,5548297.4199999999],[7423032.3300000001,5548282.6500000004],[7423030.5800000001,5548276.6099999994],[7423025,5548253.7899999991],[7423024.7300000004,5548252.7599999998],[7423023.4400000004,5548247.8300000001],[7423023.2199999997,5548246.8200000003],[7423021.1500000004,5548238.5199999996],[7423021.4000000004,5548237.9900000002],[7423017.6900000004,5548223.25],[7423018.5499999998,5548223.0299999993],[7423013.3200000003,5548202.4800000004],[7423012.3099999996,5548202.6799999997],[7423011.4900000002,5548199.4900000002],[7423010.1299999999,5548194.2400000002],[7423009.3399999999,5548191.0199999996],[7423010.4000000004,5548190.8200000003],[7423005.1500000004,5548170.2100000009],[7423004.2599999998,5548170.4299999997],[7423000.4699999997,5548155.6600000001],[7422999.9299999997,5548155.8000000007],[7422997.29,5548145.1199999992],[7422982.0999999996,5548083.5],[7422974.9400000004,5548057.3200000003],[7422973.7699999996,5548053.0199999996],[7422974.2000000002,5548052.9000000004],[7422971.7199999997,5548043.9199999999],[7422971.5599999996,5548043.9600000009],[7422971,5548041.6699999999],[7422970.3399999999,5548038.9800000004],[7422968.9000000004,5548033.1199999992],[7422967.6699999999,5548028.3100000005],[7422967.7999999998,5548028.2799999993],[7422967.0199999996,5548025.0500000007],[7422966.5999999996,5548025.1500000004],[7422965.9000000004,5548022.2100000009],[7422965.7400000002,5548022.2599999998],[7422964.7400000002,5548018.1400000006],[7422964.8799999999,5548018.1099999994],[7422964.2000000002,5548015.2100000009],[7422964.6299999999,5548015.1099999994],[7422963.8399999999,5548011.8800000008],[7422963.3200000003,5548011.8599999994],[7422961.7400000002,5548005.3900000006],[7422962.0099999998,5548005.3399999999],[7422959.5300000003,5547995.3000000007],[7422959.2599999998,5547995.3699999992],[7422957.6399999997,5547988.8900000006],[7422957.4800000004,5547988.3300000001],[7422956.2599999998,5547982.2899999991],[7422953.4000000004,5547970.6699999999],[7422947.5700000003,5547947.0999999996],[7422945.79,5547938.4299999997],[7422945.4100000001,5547932.3499999996]]]},"properties":{"objectid":1,"id_dzielni":1,"nr_dzielni":"I","nazwa":"Stare Miasto","nazwa_peln":"Dzielnica I Stare Miasto","opis":"UCHWALA NR XCIX/1495/14 RADY MIASTA KRAKOWA","powierzchn":5567646,"data_aktua":1396303200000}},{"type":"Feature","id":2267742732290,"geometry":{"type":"Polygon","coordinates":[[[7424625.4500000002,5547600.5099999998],[7424627.6299999999,5547600.3300000001],[7424638.7800000003,5547599.4000000004],[7424639.7300000004,5547549.8499999996],[7424640,5547522.0899999999],[7424640.5800000001,5547487.4299999997],[7424640.3600000003,5547480.8100000005],[7424639.8099999996,5547463.8900000006],[7424635.5300000003,5547459.9399999995],[7424626.6299999999,5547451.6999999993],[7424628.3399999999,5547427.2599999998],[7424628.7999999998,5547419.9900000002],[7424630.2599999998,5547396.4399999995],[7424635.0700000003,5547393.7200000007],[7424634,5547382.6899999995],[7424633.4500000002,5547377.5199999996],[7424633.2199999997,5547370.4399999995],[7424632.4299999997,5547370.8699999992],[7424632.7699999996,5547361.7100000009],[7424632.8600000003,5547359.6600000001],[7424633.8300000001,5547359.7799999993],[7424637.2400000002,5547346.3399999999],[7424643.9000000004,5547319.8699999992],[7424651.2400000002,5547288.0299999993],[7424654.8499999996,5547273.0399999991],[7424658.6699999999,5547250.8399999999],[7424659.3200000003,5547247.3499999996],[7424661.4900000002,5547237.5099999998],[7424661.75,5547231.8000000007],[7424662.1799999997,5547231.0500000007],[7424663.9500000002,5547221.7300000004],[7424664.0700000003,5547221.4399999995],[7424665.5,5547211.3000000007],[7424665.8300000001,5547210.6199999992],[7424667.4800000004,5547201.5],[7424668.0599999996,5547199.1500000004],[7424669.8099999996,5547189],[7424668.04,5547178.0899999999],[7424664.9199999999,5547160.3599999994],[7424664.3899999997,5547158.5999999996],[7424661.3300000001,5547141.1600000001],[7424659.6200000001,5547128.1199999992],[7424659.1799999997,5547127.8200000003],[7424659.0999999996,5547127.2899999991],[7424660.8799999999,5547125.0500000007],[7424670.79,5547123.2400000002],[7424671.8799999999,5547121.4600000009],[7424673.6299999999,5547122.7899999991],[7424677.4800000004,5547122.1400000006],[7424685.7599999998,5547120.5299999993],[7424687.6100000003,5547120.9399999995],[7424693.7699999996,5547119.9000000004],[7424694.9100000001,5547115.9299999997],[7424700.5899999999,5547101.5199999996],[7424714.9000000004,5547064.2899999991],[7424743.1500000004,5547001.1099999994],[7424741.0199999996,5546992.9000000004],[7424738.2300000004,5546982.1699999999],[7424733.4800000004,5546963.9000000004],[7424754.6799999997,5546949.5299999993],[7424758.8899999997,5546946.5],[7424761.6299999999,5546944.7200000007],[7424771.54,5546935.5099999998],[7424781.5499999998,5546929.4499999993],[7424794.1699999999,5546912.7200000007],[7424814.0700000003,5546886.7300000004],[7424849.4299999997,5546840.3399999999],[7424880.7199999997,5546799.4000000004],[7424914.1900000004,5546755.6699999999],[7424955.9000000004,5546700.7899999991],[7424956.4800000004,5546700.0299999993],[7424989.2800000003,5546657.0999999996],[7425017.1100000003,5546620.5500000007],[7425027.0199999996,5546607.6999999993],[7425026.4100000001,5546606.9399999995],[7425028.6200000001,5546602.0299999993],[7425031.3399999999,5546595.3499999996],[7425032.0300000003,5546593.4700000007],[7425044.6399999997,5546578.8300000001],[7425047.4500000002,5546581.1699999999],[7425051.2199999997,5546576.0800000001],[7425064.1399999997,5546588.5700000003],[7425069.7000000002,5546593.8900000006],[7425078.8700000001,5546601.6699999999],[7425094.6799999997,5546583.2699999996],[7425102.7699999996,5546573.8599999994],[7425106.9500000002,5546567.1199999992],[7425107.7400000002,5546565.8399999999],[7425136.8300000001,5546518.8399999999],[7425138.1299999999,5546516.7300000004],[7425154.5300000003,5546530.0800000001],[7425261.8300000001,5546617.3499999996],[7425356.2199999997,5546671.3900000006],[7425432.3499999996,5546712.5899999999],[7425530.29,5546761.5],[7425545.2699999996,5546765.9299999997],[7425602.7300000004,5546782.9199999999],[7425623.6900000004,5546789.1099999994],[7425724.0499999998,5546809.3599999994],[7425828.1200000001,5546814.3300000001],[7425931.5700000003,5546811.3800000008],[7425943.7999999998,5546809.7200000007],[7426017.4000000004,5546799.75],[7426040.71,5546796.5899999999],[7426106.9100000001,5546780.5899999999],[7426203.2599999998,5546750.25],[7426284.2599999998,5546735.8200000003],[7426346.9400000004,5546739.9900000002],[7426407.3200000003,5546744.0199999996],[7426506.1500000004,5546774.75],[7426586.9900000002,5546812.25],[7426611.4699999997,5546823.8599999994],[7426651.1799999997,5546842.6799999997],[7426684.7699999996,5546858.8599999994],[7426741.7999999998,5546874.1099999994],[7426744.1500000004,5546874.7400000002],[7426817.8700000001,5546918.1300000008],[7426883.6699999999,5546955.2100000009],[7426974.8499999996,5547049.8599999994],[7427006.4199999999,5547090.0800000001],[7427039.1200000001,5547131.7100000009],[7427090.7199999997,5547237.6099999994],[7427115.6100000003,5547285.8499999996],[7427124.54,5547306.8599999994],[7427131.1100000003,5547322.3100000005],[7427150.3799999999,5547346.1099999994],[7427158.7199999997,5547356.4100000001],[7427181.2400000002,5547392.4000000004],[7427268.8300000001,5547487.5199999996],[7427309.6900000004,5547523.6999999993],[7427344.6399999997,5547544.8399999999],[7427381.0999999996,5547554.5199999996],[7427428.1200000001,5547567.2400000002],[7427457.9500000002,5547569.3499999996],[7427441.0599999996,5547608.0999999996],[7427440.1399999997,5547610.1899999995],[7427438.1500000004,5547614.7599999998],[7427432.2400000002,5547628.2899999991],[7427427.6500000004,5547632.0600000005],[7427417.3200000003,5547641.6999999993],[7427411.5599999996,5547646.9600000009],[7427407.7199999997,5547650.4700000007],[7427397.7300000004,5547659.5800000001],[7427384.2599999998,5547669.9399999995],[7427381.5,5547673.1899999995],[7427374.0099999998,5547682.0700000003],[7427366.5899999999,5547694.4100000001],[7427367.79,5547699.3300000001],[7427361.8799999999,5547709.3800000008],[7427358.9000000004,5547710.9900000002],[7427354,5547714.5700000003],[7427351,5547716.7599999998],[7427345.8600000003,5547724.3000000007],[7427337.0199999996,5547735.1500000004],[7427334.7199999997,5547737.9499999993],[7427326.7400000002,5547747.6899999995],[7427322.8200000003,5547752.3100000005],[7427315.5999999996,5547759.0700000003],[7427309.7400000002,5547763.3900000006],[7427293.9299999997,5547775.0399999991],[7427271.7300000004,5547787.0299999993],[7427252.5300000003,5547793.5899999999],[7427226.96,5547800.4600000009],[7427208.7300000004,5547807.8699999992],[7427188.6399999997,5547816.9199999999],[7427169.1900000004,5547826.1699999999],[7427160.8399999999,5547833.0299999993],[7427144.7300000004,5547846.2599999998],[7427125.0999999996,5547862.3900000006],[7427154.7699999996,5547891.5800000001],[7427155.0300000003,5547891.9000000004],[7427170.75,5547903.7400000002],[7427194.9299999997,5547921.9499999993],[7427198.2300000004,5547924.6899999995],[7427199.6600000001,5547925.8900000006],[7427210.6299999999,5547935.0600000005],[7427211.2400000002,5547935.5600000005],[7427216.75,5547940.1699999999],[7427221.8499999996,5547944.4299999997],[7427233.6299999999,5547952.7699999996],[7427298.0499999998,5547998.3100000005],[7427318.7199999997,5548005.3699999992],[7427368.9400000004,5548022.5099999998],[7427427.0099999998,5548038.0700000003],[7427493.4100000001,5548057.5800000001],[7427494.3700000001,5548057.8599999994],[7427512.4199999999,5548063.1600000001],[7427520.3600000003,5548062.9100000001],[7427544.7999999998,5548068.8399999999],[7427550.7300000004,5548070.2899999991],[7427561.1299999999,5548072.8100000005],[7427585.0300000003,5548078.5999999996],[7427593.3700000001,5548080.6199999992],[7427591.9299999997,5548087.6600000001],[7427596.3899999997,5548093.4399999995],[7427597.25,5548099],[7427600.4800000004,5548119.6600000001],[7427594.1100000003,5548212.8399999999],[7427591.8499999996,5548243.9399999995],[7427588.7599999998,5548289.4399999995],[7427588.5700000003,5548292.4399999995],[7427585.1600000001,5548342.6899999995],[7427583.2300000004,5548375.0999999996],[7427573.9000000004,5548388.8000000007],[7427561.29,5548387.8599999994],[7427560.0099999998,5548419.4499999993],[7427568.7999999998,5548419.6600000001],[7427571.8700000001,5548442.6999999993],[7427570.9000000004,5548455.6400000006],[7427566.0300000003,5548472.7899999991],[7427557.4699999997,5548495.7599999998],[7427548.0199999996,5548514.8300000001],[7427522.3300000001,5548551.8200000003],[7427502.7999999998,5548574.9299999997],[7427488.5999999996,5548591.3499999996],[7427475.9400000004,5548604.0199999996],[7427460.5300000003,5548616.6899999995],[7427446.7999999998,5548627.4600000009],[7427432.4800000004,5548639.1899999995],[7427416.0899999999,5548652.8800000008],[7427401.0800000001,5548665.3200000003],[7427400.3700000001,5548665.9000000004],[7427389.4699999997,5548674.8900000006],[7427373.9000000004,5548687.7300000004],[7427357.4000000004,5548701.3100000005],[7427344.5199999996,5548711.9100000001],[7427342.7400000002,5548713.3699999992],[7427335.4100000001,5548719.4000000004],[7427328.8600000003,5548724.7699999996],[7427310.7300000004,5548739.5099999998],[7427300.5099999998,5548746.9000000004],[7427293.9199999999,5548752.3399999999],[7427289.1500000004,5548756.2699999996],[7427282.1900000004,5548762.0099999998],[7427264.5199999996,5548738],[7427258.5300000003,5548728.8800000008],[7427223.71,5548682.9900000002],[7427223.2999999998,5548683.2899999991],[7427218.96,5548686.5099999998],[7427214.2199999997,5548690.0199999996],[7427206.7199999997,5548694.9199999999],[7427196.7199999997,5548702.0199999996],[7427189.1900000004,5548707.7200000007],[7427187.2000000002,5548704.8399999999],[7427187.2800000003,5548702.8399999999],[7427174.0899999999,5548682.5],[7427170.6699999999,5548680.5500000007],[7427165.4800000004,5548670.5299999993],[7427161.0099999998,5548660],[7427157.0700000003,5548648.4199999999],[7427153.2699999996,5548635.9600000009],[7427154.4500000002,5548631.5],[7427157.4000000004,5548625.3699999992],[7427151.5700000003,5548613.7300000004],[7427149.3399999999,5548611.8300000001],[7427147.6799999997,5548612.1699999999],[7427146.0099999998,5548612.5],[7427143.7199999997,5548614.3599999994],[7427135.4000000004,5548596],[7427122.7199999997,5548563.5099999998],[7427109.8600000003,5548530.5500000007],[7427107.1299999999,5548524.7799999993],[7427103.8700000001,5548527.4900000002],[7427100.2300000004,5548530.5099999998],[7427094.46,5548535.0999999996],[7427088.3099999996,5548540],[7427083.8099999996,5548543.6899999995],[7427079.2999999998,5548547.3699999992],[7427053.6399999997,5548568.1199999992],[7427019.4299999997,5548546.6300000008],[7426991.4199999999,5548531.5199999996],[7426990.8899999997,5548532.1799999997],[7426965.2199999997,5548518.1999999993],[7426960.8799999999,5548528.4100000001],[7426956.3899999997,5548524.2300000004],[7426950.4400000004,5548518.4399999995],[7426949.0099999998,5548516.2200000007],[7426945.6500000004,5548519.5099999998],[7426932.7000000002,5548506.5099999998],[7426914.2999999998,5548496.9700000007],[7426800.1299999999,5548437.0600000005],[7426744.0099999998,5548406.2599999998],[7426739.1100000003,5548413.6400000006],[7426737.9699999997,5548415.3100000005],[7426734.0899999999,5548421.1300000008],[7426732.3200000003,5548423.8800000008],[7426730.2000000002,5548426.9700000007],[7426727.1399999997,5548433.5399999991],[7426725.5199999996,5548437.0199999996],[7426710.7800000003,5548468.6500000004],[7426702.7199999997,5548485.9600000009],[7426654.4000000004,5548623.5500000007],[7426633.0899999999,5548683.9299999997],[7426623.7699999996,5548710.3499999996],[7426593.1399999997,5548797.1400000006],[7426557.5999999996,5548877.5399999991],[7426555.71,5548881.8000000007],[7426497.0999999996,5548987.8699999992],[7426461.46,5549043.1099999994],[7426448.4500000002,5549063.7699999996],[7426435.9199999999,5549082.2100000009],[7426408.4000000004,5549117.0299999993],[7426410.2599999998,5549118.75],[7426416.1799999997,5549124.2300000004],[7426392.3700000001,5549152.3800000008],[7426360.1600000001,5549189.1199999992],[7426345.75,5549202.1699999999],[7426335.3799999999,5549214],[7426333.46,5549212.3200000003],[7426316.8499999996,5549232.8900000006],[7426300.4500000002,5549252],[7426285.6900000004,5549269.1899999995],[7426266.7599999998,5549289.5800000001],[7426267.5899999999,5549290.7400000002],[7426272.4699999997,5549296.3900000006],[7426265.4500000002,5549302.6099999994],[7426260.6299999999,5549297.1199999992],[7426250.0999999996,5549307.6600000001],[7426239.0599999996,5549319.4399999995],[7426218.25,5549340.5899999999],[7426216.8099999996,5549342.0600000005],[7426204.0199999996,5549354.3599999994],[7426202.6500000004,5549355.6799999997],[7426182.25,5549375.7100000009],[7426186.2599999998,5549380.1099999994],[7426179.0099999998,5549387.1899999995],[7426183.5,5549393.7300000004],[7426169.6799999997,5549422.1099999994],[7426165.8499999996,5549429.9700000007],[7426149.5800000001,5549439.9900000002],[7426138.7400000002,5549446.9900000002],[7426121.1299999999,5549459.6899999995],[7426130.4199999999,5549474.6300000008],[7426133.8700000001,5549479.7899999991],[7426112.6600000001,5549493.9499999993],[7426074.6500000004,5549517.6899999995],[7426063.9699999997,5549499.1899999995],[7426059.5300000003,5549501.5800000001],[7426021.8399999999,5549522.4499999993],[7426008.6200000001,5549529.7599999998],[7426003.6399999997,5549532.5199999996],[7426001.71,5549533.5800000001],[7425974.6900000004,5549550.1199999992],[7425929.9299999997,5549577.5199999996],[7425919.4299999997,5549585.5600000005],[7425921.9299999997,5549591.0199999996],[7425907.6399999997,5549607.3000000007],[7425886.54,5549620.75],[7425863.0199999996,5549634.3499999996],[7425854.4299999997,5549638.5999999996],[7425844.5700000003,5549643.1799999997],[7425842.79,5549644.0500000007],[7425837.1299999999,5549646.8399999999],[7425828.4900000002,5549651.0899999999],[7425817.7300000004,5549656.4000000004],[7425817.4299999997,5549655.8399999999],[7425815.8300000001,5549652.7599999998],[7425813.4500000002,5549653.8499999996],[7425810.1299999999,5549655.3800000008],[7425772.8600000003,5549672.5500000007],[7425722.3700000001,5549695.8100000005],[7425710.0700000003,5549701.5600000005],[7425691.1200000001,5549710.2899999991],[7425636.4699999997,5549734.9900000002],[7425616.4500000002,5549744.8000000007],[7425611.0599999996,5549747.4499999993],[7425585.6200000001,5549759.9299999997],[7425571.1600000001,5549767.0099999998],[7425543.7300000004,5549782.8300000001],[7425536.3399999999,5549787.0899999999],[7425529.6600000001,5549790.1500000004],[7425515.8399999999,5549796.4800000004],[7425510.8799999999,5549797.7899999991],[7425485.1799999997,5549803.1099999994],[7425461.2000000002,5549807.3000000007],[7425421.6299999999,5549812.6899999995],[7425420.4299999997,5549812.8499999996],[7425418.4299999997,5549813.1600000001],[7425367.8099999996,5549820.8599999994],[7425364.4400000004,5549810.7799999993],[7425364.1200000001,5549809.8300000001],[7425360.8300000001,5549810.3100000005],[7425355.0800000001,5549812.5800000001],[7425348.5700000003,5549815.1799999997],[7425368.2400000002,5549766.4700000007],[7425383.2699999996,5549748.8100000005],[7425389.9400000004,5549725.5899999999],[7425402.2300000004,5549710.8300000001],[7425409.2000000002,5549705.2300000004],[7425415.96,5549700.3499999996],[7425427.0499999998,5549698.75],[7425439.9199999999,5549701.3800000008],[7425449.1200000001,5549700.4399999995],[7425457.4299999997,5549692.5500000007],[7425467.3399999999,5549690.6699999999],[7425475.7000000002,5549690.9600000009],[7425485.8499999996,5549687.3900000006],[7425500.5,5549684.5700000003],[7425514.6699999999,5549688.1400000006],[7425528.5300000003,5549692.8599999994],[7425540.8300000001,5549691.5800000001],[7425567.2800000003,5549686.3599999994],[7425576.4699999997,5549683.6799999997],[7425569.6100000003,5549669.4900000002],[7425564,5549658.2599999998],[7425562.5199999996,5549655.3499999996],[7425557.1900000004,5549645.0999999996],[7425554.2999999998,5549639.5399999991],[7425553.5,5549637.9299999997],[7425549.4000000004,5549629.4800000004],[7425547.1299999999,5549625.0099999998],[7425545.8899999997,5549622.4100000001],[7425538.54,5549607.6300000008],[7425536.7300000004,5549603.9100000001],[7425433.0700000003,5549391.5500000007],[7425430.2400000002,5549386.6099999994],[7425428.7599999998,5549383.9299999997],[7425412.0700000003,5549359.8000000007],[7425411.2999999998,5549357.5199999996],[7425408.4100000001,5549348.8399999999],[7425403.0599999996,5549334.2200000007],[7425402.8600000003,5549333.6999999993],[7425393.3799999999,5549309.2599999998],[7425384.3300000001,5549289.7200000007],[7425374.04,5549269.6699999999],[7425350.7000000002,5549223.9800000004],[7425355.04,5549221.8900000006],[7425326.5199999996,5549167.4900000002],[7425320.1399999997,5549155.5199999996],[7425317.04,5549149.6300000008],[7425304.7000000002,5549125.9700000007],[7425305.6100000003,5549125.4800000004],[7425302.9199999999,5549120.4100000001],[7425296.9000000004,5549108.8900000006],[7425294.1900000004,5549103.7799999993],[7425286.46,5549107.9000000004],[7425285.0099999998,5549105.1400000006],[7425285.1799999997,5549105.0500000007],[7425285.3399999999,5549104.7899999991],[7425275.7000000002,5549085.2100000009],[7425275.5300000003,5549084.9399999995],[7425273.9900000002,5549082.3200000003],[7425261.9400000004,5549058.8100000005],[7425249.8799999999,5549035.3000000007],[7425238.9800000004,5549014.1199999992],[7425228.0899999999,5548992.9399999995],[7425218.46,5548974.1199999992],[7425208.8200000003,5548955.2899999991],[7425212.8099999996,5548953.3699999992],[7425202.7699999996,5548933.0199999996],[7425192.7300000004,5548912.6699999999],[7425178.71,5548884.3000000007],[7425164.6900000004,5548855.9399999995],[7425153.4800000004,5548833.2699999996],[7425142.2599999998,5548810.5999999996],[7425140.71,5548807.4600000009],[7425139.1600000001,5548804.3200000003],[7425134.7400000002,5548795.3900000006],[7425116.3799999999,5548758.2599999998],[7425098.0199999996,5548721.1199999992],[7425096.7199999997,5548718.4499999993],[7425095.4199999999,5548715.7799999993],[7425086.5800000001,5548697.6699999999],[7425077.7400000002,5548679.5600000005],[7425071.6500000004,5548667.1600000001],[7425065.5599999996,5548654.75],[7425060.04,5548643.3800000008],[7425054.5099999998,5548632.0099999998],[7425049.6600000001,5548621.9199999999],[7425044.8099999996,5548611.8399999999],[7425039.3600000003,5548600.6899999995],[7425033.9100000001,5548589.5399999991],[7425033.3899999997,5548589.9900000002],[7425028.8099999996,5548580.8800000008],[7425024.2300000004,5548571.7699999996],[7425019.7800000003,5548562.8200000003],[7425015.3200000003,5548553.8699999992],[7425011.6799999997,5548546.9199999999],[7425008.1500000004,5548539.7200000007],[7424994.3799999999,5548512.0099999998],[7424981.1399999997,5548484.8599999994],[7424976.3499999996,5548486.3300000001],[7424976.3099999996,5548486.1899999995],[7424964.5099999998,5548489.7899999991],[7424952.6500000004,5548493.5099999998],[7424937.7599999998,5548498.2100000009],[7424923.2199999997,5548502.5899999999],[7424908.8200000003,5548507.1099999994],[7424908.8499999996,5548507.2100000009],[7424894.8099999996,5548511.5500000007],[7424877.9900000002,5548516.7300000004],[7424861.7000000002,5548521.6899999995],[7424861.7400000002,5548521.8200000003],[7424856.9800000004,5548523.3200000003],[7424856.9299999997,5548523.1799999997],[7424838.2000000002,5548529.0700000003],[7424838.2400000002,5548529.2100000009],[7424833.4900000002,5548530.7100000009],[7424830.5999999996,5548528.2100000009],[7424830.9000000004,5548523.2799999993],[7424831.0499999998,5548523.2899999991],[7424832,5548508.7300000004],[7424831.8499999996,5548508.7200000007],[7424832.1699999999,5548503.7799999993],[7424833.4000000004,5548485.0099999998],[7424834.5899999999,5548466.1199999992],[7424834.46,5548466.1199999992],[7424834.8200000003,5548460.2699999996],[7424834.9699999997,5548460.2799999993],[7424835.5,5548451.1799999997],[7424835.3499999996,5548451.1699999999],[7424835.5800000001,5548447.1699999999],[7424836.1900000004,5548428.8800000008],[7424834.0700000003,5548421.4700000007],[7424830.7800000003,5548410.4000000004],[7424829,5548410.9199999999],[7424827.3200000003,5548405.3300000001],[7424818.8099999996,5548377.1699999999],[7424813.1900000004,5548358.5600000005],[7424803.6600000001,5548327.2200000007],[7424794.4199999999,5548296.5899999999],[7424786.0800000001,5548268.8300000001],[7424781.7599999998,5548254.4199999999],[7424777.2999999998,5548239.8599999994],[7424774.2199999997,5548225.1600000001],[7424772.2000000002,5548214.1099999994],[7424772.54,5548204.8599999994],[7424773.3799999999,5548188.6699999999],[7424774.2400000002,5548181.1400000006],[7424774.4400000004,5548179.4100000001],[7424766.0099999998,5548177.8499999996],[7424734.0199999996,5548173.8599999994],[7424705.2599999998,5548170.3900000006],[7424703.1200000001,5548170.3300000001],[7424703.1399999997,5548169.8900000006],[7424701.5800000001,5548169.6899999995],[7424701.5599999996,5548170.0099999998],[7424697.2800000003,5548169.4900000002],[7424697.3099999996,5548169.1699999999],[7424695.75,5548169.0500000007],[7424695.6500000004,5548169.6699999999],[7424674.8600000003,5548167.1699999999],[7424674.9900000002,5548166.5399999991],[7424673.4000000004,5548166.3900000006],[7424673.3799999999,5548166.6600000001],[7424669.0899999999,5548166.1400000006],[7424669.1299999999,5548165.8699999992],[7424667.6100000003,5548165.6999999993],[7424667.6500000004,5548166.0199999996],[7424644.2400000002,5548162.75],[7424640.6100000003,5548162.2799999993],[7424641.46,5548153],[7424642.2999999998,5548143.8699999992],[7424642.1200000001,5548138.4600000009],[7424642.0700000003,5548137.7899999991],[7424641.7400000002,5548136.9299999997],[7424643.3799999999,5548134.8699999992],[7424643.79,5548115.8200000003],[7424643.7800000003,5548105.6899999995],[7424643.7699999996,5548102.2300000004],[7424643.7199999997,5548091.9499999993],[7424643.8300000001,5548082.7799999993],[7424644,5548077.2699999996],[7424643.9299999997,5548075.5],[7424643.4900000002,5548073.1300000008],[7424641.9699999997,5548072.0700000003],[7424641.1600000001,5548071.7699999996],[7424640.2800000003,5548071.6500000004],[7424640.2800000003,5548070.7599999998],[7424634.7300000004,5548070.6999999993],[7424634.9000000004,5548068.1699999999],[7424634.7000000002,5548068.1400000006],[7424636.1299999999,5548051.3599999994],[7424637.96,5548030.7699999996],[7424639.0800000001,5548018.2200000007],[7424640.7400000002,5547999.5299999993],[7424641.1100000003,5547994.1899999995],[7424641.1500000004,5547993.5500000007],[7424642.2199999997,5547978.1199999992],[7424643.0999999996,5547964.7300000004],[7424644.4299999997,5547945.6600000001],[7424645.2800000003,5547931.7400000002],[7424646.3600000003,5547915.8800000008],[7424640.8499999996,5547915.4499999993],[7424640.8899999997,5547897.8699999992],[7424640.9199999999,5547883.7799999993],[7424641.0099999998,5547867.1099999994],[7424640.9000000004,5547851.9100000001],[7424641.4199999999,5547817.3699999992],[7424641.8399999999,5547799.8900000006],[7424643.1299999999,5547793.7100000009],[7424644.4000000004,5547788.7400000002],[7424645.5199999996,5547784.3599999994],[7424646.7000000002,5547779.75],[7424647.1500000004,5547777.9700000007],[7424651.7800000003,5547780.6500000004],[7424652.6100000003,5547767.6500000004],[7424652.9000000004,5547767.8599999994],[7424652.9299999997,5547767.0199999996],[7424638.3200000003,5547752.3300000001],[7424638.7599999998,5547751.7799999993],[7424649.2699999996,5547731.3800000008],[7424648.7199999997,5547719.8000000007],[7424647.9100000001,5547704.5199999996],[7424640.4699999997,5547700.4000000004],[7424635.1100000003,5547634],[7424634.7699999996,5547630.5399999991],[7424633.9800000004,5547620.9499999993],[7424626.3700000001,5547622.1400000006],[7424626.9699999997,5547608.2200000007],[7424627.1299999999,5547608.2200000007],[7424627.2999999998,5547602.7899999991],[7424625.4500000002,5547600.5099999998]]]},"properties":{"objectid":2267742732290,"id_dzielni":2,"nr_dzielni":"II","nazwa":"Grzegórzki","nazwa_peln":"Dzielnica II Grzegórzki","opis":"UCHWAŁA NR XCIX/1496/14 RADY MIASTA KRAKOWA","powierzchn":5845232,"data_aktua":1396303200000}},{"type":"Feature","id":2267742732291,"geometry":{"type":"Polygon","coordinates":[[[7428688.3399999999,5550694.8000000007],[7428705.5599999996,5550661.6999999993],[7428708.5300000003,5550656],[7428721.1100000003,5550650.2200000007],[7428750.0800000001,5550636.3300000001],[7428781.1699999999,5550621.75],[7428822.5899999999,5550602.8300000001],[7428832.75,5550598.0800000001],[7428867.3799999999,5550581.9399999995],[7428872.8700000001,5550579.3800000008],[7428881.0199999996,5550575.6999999993],[7428891.96,5550570.7799999993],[7428894.0800000001,5550569.8300000001],[7428902.4299999997,5550565.9399999995],[7428907.3799999999,5550563.6199999992],[7428939.0300000003,5550548.8699999992],[7428946.4400000004,5550545.5999999996],[7428951.7699999996,5550543.4399999995],[7428973.8200000003,5550534.7400000002],[7428988.9400000004,5550529.1999999993],[7428994.3499999996,5550527.3000000007],[7428995.4000000004,5550526.9700000007],[7429000.0800000001,5550525.5099999998],[7429006.71,5550523.2699999996],[7429035.8700000001,5550515.2400000002],[7429087.79,5550501.8699999992],[7429125.5099999998,5550491.0199999996],[7429166.21,5550479.4499999993],[7429214.3099999996,5550466.5500000007],[7429240.9100000001,5550459.25],[7429274.4400000004,5550449.7899999991],[7429298.5899999999,5550443.3000000007],[7429314.96,5550438.7300000004],[7429322.7999999998,5550436.5500000007],[7429358.29,5550426.6500000004],[7429387.6900000004,5550418.7799999993],[7429388.9900000002,5550416.6600000001],[7429373.8600000003,5550361.3900000006],[7429367.8300000001,5550342],[7429349.9800000004,5550291.25],[7429331.9699999997,5550242.6999999993],[7429319.5499999998,5550208.6999999993],[7429318.3899999997,5550208.5199999996],[7429316.5999999996,5550204.6500000004],[7429317.7300000004,5550204.1899999995],[7429311.1900000004,5550185.8900000006],[7429281.21,5550102.0899999999],[7429300.9400000004,5550094.9299999997],[7429354.9400000004,5550075.8200000003],[7429376.1900000004,5550064.5299999993],[7429387.8099999996,5550055.5600000005],[7429414.2699999996,5550031.8000000007],[7429415.8300000001,5550030.9399999995],[7429417.9299999997,5550027.6799999997],[7429513.2800000003,5549994.5800000001],[7429534.8399999999,5549983.0399999991],[7429568.8700000001,5549961.2300000004],[7429559.75,5549931.9199999999],[7429555.8399999999,5549911.3100000005],[7429555.96,5549900.6400000006],[7429555.0899999999,5549887.9100000001],[7429555.1500000004,5549831.5099999998],[7429555.6900000004,5549781.5099999998],[7429555.9199999999,5549776.9399999995],[7429557.4900000002,5549771.7200000007],[7429559.5899999999,5549768.2599999998],[7429562.25,5549765.3699999992],[7429565.54,5549763.4100000001],[7429568.5700000003,5549761.0899999999],[7429556.9900000002,5549735.5299999993],[7429548.7599999998,5549710.9399999995],[7429542.3700000001,5549694.8900000006],[7429541.3499999996,5549692.3499999996],[7429533.8200000003,5549674.3000000007],[7429517.9000000004,5549636.1600000001],[7429530.2300000004,5549633.3800000008],[7429542.5800000001,5549630.5899999999],[7429557.3300000001,5549627.2699999996],[7429560.1600000001,5549642.3000000007],[7429563.96,5549663.2300000004],[7429583.7999999998,5549655.9499999993],[7429584.3399999999,5549658.8699999992],[7429589.1299999999,5549654],[7429597.0700000003,5549651.6999999993],[7429606.5899999999,5549644.8699999992],[7429611.3600000003,5549645.8200000003],[7429633.1900000004,5549637.8100000005],[7429656.2000000002,5549629.3599999994],[7429677.21,5549621.6400000006],[7429697.3799999999,5549614.2300000004],[7429718.5899999999,5549606.4499999993],[7429739.5099999998,5549598.7599999998],[7429761.1500000004,5549590.8200000003],[7429782.6900000004,5549582.9100000001],[7429805.0599999996,5549574.6899999995],[7429808.1900000004,5549573.5500000007],[7429806.7000000002,5549567.6899999995],[7429794.7300000004,5549521.4199999999],[7429797.1200000001,5549519.5299999993],[7429807.0800000001,5549514.9000000004],[7429816.6699999999,5549510.4199999999],[7429831.7800000003,5549503.2200000007],[7429837.6799999997,5549499.9700000007],[7429848.0099999998,5549494.2699999996],[7429890.0899999999,5549478.0600000005],[7429910.4900000002,5549470.1999999993],[7429923.3799999999,5549464.4199999999],[7429922.2199999997,5549458.9199999999],[7429934.21,5549454.7100000009],[7429954.9500000002,5549441.1500000004],[7429966.79,5549432.4600000009],[7429980.0899999999,5549425.9700000007],[7429991.2199999997,5549420.5399999991],[7429991.5,5549420.4000000004],[7429987.9000000004,5549408.4800000004],[7429987.6699999999,5549407.7300000004],[7430020.0700000003,5549434.0600000005],[7430030.0599999996,5549442.4399999995],[7430057.6399999997,5549465.6099999994],[7430079.5099999998,5549483.9700000007],[7430085.9000000004,5549488.8599999994],[7430118.2599999998,5549515.4900000002],[7430157.2199999997,5549547.0600000005],[7430197.0199999996,5549579.2300000004],[7430233.54,5549609.4800000004],[7430262.1799999997,5549633.2100000009],[7430267.9400000004,5549638.5299999993],[7430271.7400000002,5549642.6500000004],[7430274.9000000004,5549646.3100000005],[7430278.0700000003,5549651.0899999999],[7430283.2199999997,5549659.4100000001],[7430306.1699999999,5549703.5500000007],[7430310.0199999996,5549710.8800000008],[7430318.1600000001,5549726.3699999992],[7430322.4500000002,5549734.5500000007],[7430324.7000000002,5549739.8699999992],[7430326.0700000003,5549745.2400000002],[7430327.0700000003,5549750.2699999996],[7430327.1699999999,5549753.5399999991],[7430326.5499999998,5549756.7899999991],[7430324.71,5549761.6999999993],[7430322.9299999997,5549765.8699999992],[7430319.7800000003,5549769.8100000005],[7430361.0199999996,5549801.8800000008],[7430368.4500000002,5549796.1099999994],[7430376.7599999998,5549792.7599999998],[7430385.4699999997,5549792.0899999999],[7430393.9299999997,5549793.2899999991],[7430440.1900000004,5549806.8499999996],[7430445.46,5549787.9900000002],[7430452.9800000004,5549782.2799999993],[7430459.2300000004,5549774.3100000005],[7430462.5599999996,5549764.9700000007],[7430463.3099999996,5549755.0199999996],[7430471.6200000001,5549744.4600000009],[7430474.7599999998,5549740.4600000009],[7430507.3499999996,5549767.5399999991],[7430509.4500000002,5549769.3100000005],[7430509.79,5549768.8499999996],[7430534.7400000002,5549789.3599999994],[7430564.3399999999,5549813.2799999993],[7430585.1799999997,5549830.5999999996],[7430589.9800000004,5549834.5399999991],[7430594.1699999999,5549837.9900000002],[7430622.4699999997,5549861.1799999997],[7430623.5899999999,5549862.0999999996],[7430627,5549864.8900000006],[7430631.4800000004,5549868.5500000007],[7430652.3899999997,5549885.5099999998],[7430677.5800000001,5549905.8000000007],[7430679.8799999999,5549901.2400000002],[7430764.4500000002,5549970.3699999992],[7430785.7800000003,5549992.8900000006],[7430787.7000000002,5549995.6099999994],[7430788.5099999998,5549996.75],[7430923.6900000004,5550106.9100000001],[7430926.9500000002,5550110.5500000007],[7430973.4800000004,5550150.1099999994],[7431010.8899999997,5550182.4399999995],[7431051.8700000001,5550217.8499999996],[7431102.25,5550258.5700000003],[7431116.71,5550270.2599999998],[7431160.6900000004,5550306.0800000001],[7431174.2599999998,5550317.1300000008],[7431184.0300000003,5550323.0600000005],[7431188.5700000003,5550316.8399999999],[7431193.9299999997,5550310.2300000004],[7431200.0899999999,5550302.6400000006],[7431200.29,5550302.3900000006],[7431202.6100000003,5550299.9000000004],[7431202.6699999999,5550299.6799999997],[7431225.5899999999,5550270.8300000001],[7431230.6200000001,5550265.2599999998],[7431232.0999999996,5550263.8399999999],[7431237.0700000003,5550259.0800000001],[7431241.3399999999,5550258.75],[7431265.4900000002,5550227.4499999993],[7431269.5,5550222.2699999996],[7431277.8799999999,5550212.4900000002],[7431287.4800000004,5550201.2899999991],[7431292.2000000002,5550195.7899999991],[7431294.5999999996,5550191.8100000005],[7431299.5999999996,5550185.0299999993],[7431303.2599999998,5550180.4800000004],[7431304.7599999998,5550178.6099999994],[7431309.9699999997,5550172.4499999993],[7431315.3099999996,5550166.2799999993],[7431321.0300000003,5550159.9800000004],[7431333.2800000003,5550148.6199999992],[7431336.3700000001,5550145.8200000003],[7431340.1100000003,5550142.75],[7431343.0899999999,5550140.7100000009],[7431345.5199999996,5550139.1500000004],[7431345.2599999998,5550138.4700000007],[7431360.5999999996,5550130.7699999996],[7431364.2599999998,5550129.2100000009],[7431371.7999999998,5550126],[7431381.5700000003,5550122.5500000007],[7431382.7400000002,5550119.3399999999],[7431385.1799999997,5550117.1199999992],[7431403.54,5550111.7100000009],[7431404.3899999997,5550113.5800000001],[7431405.0099999998,5550113.3900000006],[7431414.1100000003,5550110.6600000001],[7431415.9299999997,5550110.1099999994],[7431427.2400000002,5550106.7200000007],[7431427.6699999999,5550107.6500000004],[7431450.6799999997,5550101.25],[7431472.5999999996,5550094.8900000006],[7431483.6500000004,5550091.2799999993],[7431484.8499999996,5550092.0399999991],[7431489.1200000001,5550090.6300000008],[7431489.3600000003,5550089.6199999992],[7431492.1600000001,5550088.8599999994],[7431514.0800000001,5550081.1300000008],[7431533.4100000001,5550073.4100000001],[7431538.0700000003,5550070.8599999994],[7431541.7800000003,5550069.1600000001],[7431544.9500000002,5550067.3900000006],[7431548.5499999998,5550065.4199999999],[7431549.4500000002,5550064.6799999997],[7431551.3799999999,5550063.1099999994],[7431554.3399999999,5550061.1099999994],[7431557.5,5550059.1199999992],[7431565.1699999999,5550054.1699999999],[7431575.8200000003,5550047.3100000005],[7431588.5800000001,5550038.5299999993],[7431596.1699999999,5550033.3399999999],[7431602.9900000002,5550028.6999999993],[7431614.1200000001,5550021.0999999996],[7431629.8200000003,5550010.4000000004],[7431657.9199999999,5549998.6300000008],[7431671.9199999999,5549988.9100000001],[7431685.75,5549978.9700000007],[7431698.4100000001,5549970.2400000002],[7431710.7699999996,5549961.7100000009],[7431715.2999999998,5549958.5800000001],[7431776.5099999998,5549915.5899999999],[7431777.0899999999,5549911.6600000001],[7431777.2999999998,5549910.1699999999],[7431789.8200000003,5549901.6600000001],[7431807.4199999999,5549893.9299999997],[7431839.8099999996,5549871.5700000003],[7431852.5599999996,5549864.1500000004],[7431870.4299999997,5549851.6099999994],[7431917.0199999996,5549819.3800000008],[7431941.0899999999,5549802.9399999995],[7431955.5899999999,5549792.8100000005],[7431975.9900000002,5549778.6600000001],[7431983.7000000002,5549773.5299999993],[7431982.6200000001,5549771.5899999999],[7431986.0999999996,5549768.4700000007],[7431989.2699999996,5549765.25],[7431999.04,5549755.4199999999],[7432002.8799999999,5549750.7799999993],[7432005.6100000003,5549747.1600000001],[7432011.4699999997,5549739.5099999998],[7432016.9299999997,5549731.1199999992],[7432023.3499999996,5549718.9399999995],[7432025.1299999999,5549714.8699999992],[7432059.2599999998,5549630.4100000001],[7432064.5499999998,5549625.3300000001],[7432087.9199999999,5549566.5099999998],[7432088.5,5549556.1799999997],[7432091.7000000002,5549548.1500000004],[7432101.0899999999,5549524.5500000007],[7432170.6799999997,5549349.7300000004],[7432226.3300000001,5549371.8699999992],[7432231.3700000001,5549373.5099999998],[7432235.5700000003,5549374.6500000004],[7432244.5,5549376.7300000004],[7432265.0700000003,5549381.5],[7432273.4900000002,5549384.1999999993],[7432297.1399999997,5549393.7599999998],[7432327.25,5549405.7899999991],[7432368.75,5549422.1899999995],[7432420.4800000004,5549442.7400000002],[7432442.6699999999,5549450.2100000009],[7432467.9699999997,5549460.4100000001],[7432468.7400000002,5549460.7200000007],[7432466.6900000004,5549476.1600000001],[7432460.7800000003,5549485.9299999997],[7432456.71,5549497],[7432455.0800000001,5549511.3499999996],[7432458.3200000003,5549529.4000000004],[7432460.1100000003,5549535.4399999995],[7432458.3700000001,5549548.6300000008],[7432448.8899999997,5549565.8499999996],[7432447.8399999999,5549577.9499999993],[7432441.8399999999,5549592.4000000004],[7432432.7999999998,5549608.3300000001],[7432424.0099999998,5549618.6400000006],[7432417.4100000001,5549624.7300000004],[7432403.4500000002,5549642.0099999998],[7432381.5800000001,5549664.0399999991],[7432364.2300000004,5549685.4299999997],[7432352.96,5549703.7300000004],[7432343.9699999997,5549719.7699999996],[7432304.25,5549784.9000000004],[7432277.9900000002,5549805.9000000004],[7432240.5800000001,5549835.8200000003],[7432235.6399999997,5549846.0199999996],[7432233.1600000001,5549849.1500000004],[7432227.8300000001,5549864.8800000008],[7432227.2199999997,5549874.6500000004],[7432232.6200000001,5549889.2899999991],[7432234.0800000001,5549891.1400000006],[7432237.2599999998,5549900.6199999992],[7432237.9000000004,5549901.3800000008],[7432244.9299999997,5549909.8800000008],[7432250.6600000001,5549915.0800000001],[7432254.7300000004,5549918.7799999993],[7432252.8899999997,5549939.4000000004],[7432258.5599999996,5549962.4800000004],[7432262.0099999998,5549995.6999999993],[7432261.3399999999,5550014.1799999997],[7432254.3700000001,5550030.3599999994],[7432256.1100000003,5550032.2799999993],[7432255.1200000001,5550050.6099999994],[7432255.6399999997,5550055.1799999997],[7432256.9199999999,5550066.1799999997],[7432257.46,5550071.6300000008],[7432259.4500000002,5550080.5600000005],[7432261.3799999999,5550089.8699999992],[7432265.8300000001,5550101.0899999999],[7432272.6200000001,5550106.5600000005],[7432279.9900000002,5550120.9900000002],[7432282.5999999996,5550129.9299999997],[7432280.0999999996,5550139.3900000006],[7432275.3200000003,5550148.3300000001],[7432273.75,5550152.9600000009],[7432268.3499999996,5550156.5399999991],[7432254.3399999999,5550158.9199999999],[7432238.3899999997,5550160.5700000003],[7432236.2199999997,5550160.6500000004],[7432220.0499999998,5550160.8200000003],[7432219.8399999999,5550162.4299999997],[7432214.8499999996,5550162.0600000005],[7432212.6399999997,5550161.8900000006],[7432208.1699999999,5550161.5399999991],[7432200.9100000001,5550160.4600000009],[7432176.1299999999,5550154.8300000001],[7432176.6299999999,5550151.5099999998],[7432164.1900000004,5550148.5199999996],[7432164.71,5550144.3399999999],[7432159.5,5550141.6199999992],[7432147.0099999998,5550141.0399999991],[7432129.71,5550143.6199999992],[7432126.7400000002,5550144.0600000005],[7432112.3700000001,5550144.0700000003],[7432107.7999999998,5550143.9199999999],[7432105.6900000004,5550145.0500000007],[7432094.75,5550148.1799999997],[7432069.4800000004,5550147.6600000001],[7432065.5800000001,5550147.4700000007],[7432056.3300000001,5550148.9499999993],[7432048.9100000001,5550148.0600000005],[7432041.7599999998,5550147.3100000005],[7432029.6200000001,5550147.4399999995],[7432026.2400000002,5550145.0500000007],[7432016.1600000001,5550145.2599999998],[7432002.3899999997,5550144.5600000005],[7431996.6500000004,5550143.9000000004],[7431980.5300000003,5550145.0899999999],[7431972.0099999998,5550141.9499999993],[7431961.4000000004,5550151.75],[7431948.6799999997,5550161.5099999998],[7431945.25,5550164.1400000006],[7431938.8200000003,5550166.0899999999],[7431935.71,5550167.8399999999],[7431931.7300000004,5550170.0899999999],[7431923.6200000001,5550172.4800000004],[7431919.7400000002,5550173.7599999998],[7431915.1200000001,5550182.0199999996],[7431907.8899999997,5550195.6699999999],[7431899.3200000003,5550214.2100000009],[7431893.1200000001,5550226.75],[7431891.9000000004,5550228],[7431883.7599999998,5550236.5],[7431874.0499999998,5550245.2400000002],[7431862.3099999996,5550255.7100000009],[7431853.9000000004,5550266.6400000006],[7431853.2199999997,5550270.0899999999],[7431849.5,5550280.3800000008],[7431846.29,5550288.7599999998],[7431841.4500000002,5550301.3900000006],[7431839.8899999997,5550318.0399999991],[7431841.4000000004,5550343.6400000006],[7431842.9199999999,5550354.3800000008],[7431843.3600000003,5550361.2599999998],[7431843.54,5550365.8699999992],[7431830.3399999999,5550389.0700000003],[7431827.6600000001,5550396.6500000004],[7431825.8499999996,5550401.9100000001],[7431829.5899999999,5550403.2699999996],[7431826.54,5550411.7599999998],[7431814.3799999999,5550439.8699999992],[7431809.2400000002,5550457.5800000001],[7431805.75,5550469.5899999999],[7431801.5499999998,5550481.5999999996],[7431798.9900000002,5550490.6099999994],[7431797.6799999997,5550495.2599999998],[7431798.0300000003,5550496.4499999993],[7431798.6699999999,5550498.5999999996],[7431797.25,5550505.1500000004],[7431796.9900000002,5550515.3300000001],[7431791.9500000002,5550514.5800000001],[7431794.4400000004,5550529.3599999994],[7431793.9199999999,5550548.9600000009],[7431794.7400000002,5550549.7599999998],[7431794.2800000003,5550552.0399999991],[7431793.6200000001,5550555.4900000002],[7431793.0700000003,5550560.7699999996],[7431792.4400000004,5550566.4100000001],[7431792.0800000001,5550570.1500000004],[7431792.1299999999,5550575.9399999995],[7431792.3600000003,5550579.0199999996],[7431792.79,5550582.1799999997],[7431793.4100000001,5550585.1799999997],[7431794.8899999997,5550591.8200000003],[7431798.1399999997,5550606.4100000001],[7431800.3600000003,5550616.3699999992],[7431820.8700000001,5550708.7200000007],[7431823.0099999998,5550726.5299999993],[7431819.1900000004,5550728.7100000009],[7431803.7199999997,5550737.5],[7431788.6200000001,5550746.2799999993],[7431791.75,5550752.3800000008],[7431782.0800000001,5550757.9399999995],[7431736.2400000002,5550783.3399999999],[7431724.4299999997,5550790.3399999999],[7431681.9299999997,5550813.9000000004],[7431662.3700000001,5550823.6500000004],[7431662.5800000001,5550819.6099999994],[7431653.4199999999,5550819.7300000004],[7431651.9299999997,5550818.0800000001],[7431642.6299999999,5550819.0600000005],[7431634.4299999997,5550818.2100000009],[7431607.3899999997,5550816.7899999991],[7431553.0700000003,5550813.0800000001],[7431540.79,5550813.9600000009],[7431530.9900000002,5550813.3300000001],[7431515.8099999996,5550812.6400000006],[7431501.3099999996,5550812.6400000006],[7431486.4900000002,5550813.3900000006],[7431456.71,5550811.2699999996],[7431392.7999999998,5550806.5999999996],[7431384.8499999996,5550806.0299999993],[7431273.6799999997,5550797.8399999999],[7431251.0199999996,5550795.9499999993],[7431245.0999999996,5550795.6699999999],[7431218.3200000003,5550794.1699999999],[7431210.3700000001,5550793.8200000003],[7431183.1399999997,5550798.8599999994],[7431126.25,5550823.9399999995],[7431118.3300000001,5550827.3599999994],[7431102.4400000004,5550834.0800000001],[7431102.5499999998,5550834.3399999999],[7431034.6100000003,5550863.1099999994],[7431024.4500000002,5550867.4100000001],[7431002.5199999996,5550874.6199999992],[7430988.8099999996,5550880.4499999993],[7430988.5300000003,5550879.9299999997],[7430982.9299999997,5550882.3200000003],[7430983.3300000001,5550883.1099999994],[7430982.4500000002,5550883.4800000004],[7430965.9900000002,5550890.5099999998],[7430961.9400000004,5550892.3300000001],[7430961.6100000003,5550891.6999999993],[7430924.5800000001,5550907.7799999993],[7430912.3899999997,5550913.0800000001],[7430908.0499999998,5550915.5299999993],[7430884.6200000001,5550926.0199999996],[7430868.2699999996,5550933.1999999993],[7430785.1500000004,5550969.75],[7430782.8399999999,5550970.8599999994],[7430794.1299999999,5550996.6300000008],[7430810.0700000003,5551033.0099999998],[7430815.0199999996,5551044.3100000005],[7430819.7800000003,5551048],[7430825.4800000004,5551060.8900000006],[7430829.5599999996,5551070.1099999994],[7430846.0099999998,5551107.2400000002],[7430866.8899999997,5551154.3499999996],[7430863.7999999998,5551155.9100000001],[7430865.0099999998,5551158.6699999999],[7430866.2300000004,5551161.4600000009],[7430868.7999999998,5551167.3699999992],[7430873.1399999997,5551191.1300000008],[7430876.9400000004,5551205.6999999993],[7430873.4299999997,5551209.5800000001],[7430868.3300000001,5551223],[7430867.8099999996,5551241.4000000004],[7430857.9900000002,5551265.6099999994],[7430833.4199999999,5551264.3499999996],[7430827.7999999998,5551264.0600000005],[7430818.9500000002,5551263.8300000001],[7430796.79,5551262.5299999993],[7430772.0800000001,5551262.4100000001],[7430767.04,5551263],[7430764.96,5551261.9000000004],[7430762.3099999996,5551261.6400000006],[7430753.8200000003,5551260.8300000001],[7430749.7800000003,5551260.4299999997],[7430704.1500000004,5551258.5399999991],[7430679.25,5551257.1899999995],[7430654.2999999998,5551256.1999999993],[7430647.0999999996,5551255.8399999999],[7430629.4000000004,5551254.9399999995],[7430604.4800000004,5551254.0700000003],[7430593.9100000001,5551255.2400000002],[7430569.0099999998,5551253.8000000007],[7430567.1799999997,5551252.3000000007],[7430561.2599999998,5551247.4900000002],[7430558.3700000001,5551247.5399999991],[7430547.2699999996,5551247.7300000004],[7430546.9299999997,5551254.1500000004],[7430531.4699999997,5551255.6500000004],[7430520.0599999996,5551257.1899999995],[7430503.2199999997,5551257.8699999992],[7430480.0099999998,5551256.8300000001],[7430475.8399999999,5551257.1799999997],[7430451.4199999999,5551256.2300000004],[7430449.0999999996,5551254.9800000004],[7430444.6600000001,5551252.5299999993],[7430399.2800000003,5551260.4700000007],[7430377.8499999996,5551266.4299999997],[7430350.3499999996,5551274.1199999992],[7430341.4699999997,5551277.0800000001],[7430332.6799999997,5551280.2599999998],[7430327.4199999999,5551282.3100000005],[7430322.8300000001,5551283.2899999991],[7430314.8899999997,5551286.4700000007],[7430275.9199999999,5551305.0199999996],[7430272.7000000002,5551306.6899999995],[7430267.7999999998,5551309.2200000007],[7430237.8399999999,5551324.5899999999],[7430231.6100000003,5551327.7799999993],[7430230,5551332.5899999999],[7430215.3700000001,5551340.0399999991],[7430201.4500000002,5551347.1099999994],[7430169.0899999999,5551362.8200000003],[7430162.2599999998,5551366.1099999994],[7430144,5551374.9199999999],[7430139.6799999997,5551377.0099999998],[7430118.0300000003,5551386.9900000002],[7430097.7599999998,5551396.9199999999],[7430073.9000000004,5551408.0600000005],[7430061.8799999999,5551413.2400000002],[7430061.8200000003,5551413.2699999996],[7430050.1500000004,5551418.2100000009],[7430048.2199999997,5551419.0299999993],[7430037.8200000003,5551422.8300000001],[7430036.5999999996,5551423.2699999996],[7430025,5551428.0500000007],[7430024.7300000004,5551428.1699999999],[7430011.8899999997,5551434.1500000004],[7430008.4299999997,5551435.1600000001],[7429999.1699999999,5551439.1999999993],[7429995.3399999999,5551440.7200000007],[7429986.6799999997,5551446.0299999993],[7429954.1600000001,5551461.6300000008],[7429951.7599999998,5551462.8300000001],[7429945.5099999998,5551465.9600000009],[7429932.1100000003,5551474.3100000005],[7429914.6699999999,5551480.6199999992],[7429912.3600000003,5551481.4600000009],[7429896.21,5551487.6999999993],[7429882.9400000004,5551492.1899999995],[7429881.3099999996,5551492.7400000002],[7429875.3899999997,5551494.9499999993],[7429843.5700000003,5551502.6899999995],[7429826.3600000003,5551505.4000000004],[7429819.46,5551506.4800000004],[7429810.1100000003,5551507.6600000001],[7429800.1600000001,5551507.6199999992],[7429784.6500000004,5551507.1400000006],[7429769.1100000003,5551506.4000000004],[7429760.5800000001,5551505.75],[7429756.3200000003,5551505.1099999994],[7429746.7300000004,5551503.6600000001],[7429737.5499999998,5551501.5199999996],[7429730.79,5551499.9299999997],[7429714.6900000004,5551495.5800000001],[7429701.7300000004,5551492.7799999993],[7429688.8200000003,5551488.3200000003],[7429683.6399999997,5551486.4100000001],[7429667.2000000002,5551480.5999999996],[7429656.2999999998,5551476.2400000002],[7429640.9800000004,5551470.2400000002],[7429621.2400000002,5551461.6099999994],[7429601.5199999996,5551450.0800000001],[7429599.6399999997,5551448.5399999991],[7429586.6799999997,5551437.9199999999],[7429575.5800000001,5551427.9199999999],[7429562.1299999999,5551416.6300000008],[7429534.9299999997,5551393.6699999999],[7429489.9199999999,5551361.3399999999],[7429476.46,5551351.6699999999],[7429451.2800000003,5551333.5800000001],[7429451.1500000004,5551332.1699999999],[7429450.4500000002,5551330.5099999998],[7429447.4699999997,5551327.8499999996],[7429445.75,5551326.3300000001],[7429424.5499999998,5551307.5299999993],[7429422.3899999997,5551305.6099999994],[7429420.1399999997,5551304.0999999996],[7429417.2199999997,5551303.1899999995],[7429366.4500000002,5551247.8200000003],[7429356.8600000003,5551237.3499999996],[7429348.7000000002,5551230.0899999999],[7429334.1399999997,5551217.6500000004],[7429325.4000000004,5551210.5299999993],[7429297.4100000001,5551186.0899999999],[7429280.5499999998,5551171.3699999992],[7429232.3799999999,5551129.4399999995],[7429210.9199999999,5551110.5600000005],[7429187.79,5551090.9299999997],[7429175.0800000001,5551080.2300000004],[7429161.9199999999,5551068.9199999999],[7429145.8700000001,5551054.1699999999],[7429106.6699999999,5551020.3499999996],[7429086.4699999997,5551002.3300000001],[7429068.4299999997,5550986.3699999992],[7429047.2599999998,5550967.1699999999],[7429026.4800000004,5550949.1600000001],[7429004.8300000001,5550930.2699999996],[7428996.8200000003,5550923.6999999993],[7428983.1900000004,5550912.5299999993],[7428979.8799999999,5550909.4800000004],[7428963.8899999997,5550894.7699999996],[7428947.5899999999,5550880.0999999996],[7428938.3799999999,5550872.2799999993],[7428922.1600000001,5550858.8800000008],[7428876.0700000003,5550819.5800000001],[7428831.0499999998,5550780.6899999995],[7428822.6900000004,5550773.4800000004],[7428813.6500000004,5550765.6500000004],[7428810.9400000004,5550763.3200000003],[7428808.3700000001,5550761.0899999999],[7428795.0599999996,5550749.5899999999],[7428792.1200000001,5550747.0500000007],[7428787.04,5550742.6300000008],[7428778.9699999997,5550736.9000000004],[7428777.9199999999,5550736.1699999999],[7428769.8600000003,5550730.0600000005],[7428768.4800000004,5550729.2599999998],[7428757.1200000001,5550722.9100000001],[7428749.3799999999,5550718.2400000002],[7428747.4900000002,5550717.4100000001],[7428736.4199999999,5550712.5899999999],[7428735.5099999998,5550712.1899999995],[7428705.2400000002,5550699.5099999998],[7428688.3399999999,5550694.8000000007]]]},"properties":{"objectid":2267742732291,"id_dzielni":16,"nr_dzielni":"XVI","nazwa":"Bieńczyce","nazwa_peln":"Dzielnica XVI Bieńczyce","opis":"UCHWAŁA NR XCIX/1510/14 RADY MIASTA KRAKOWA","powierzchn":3699023,"data_aktua":1396303200000}},{"type":"Feature","id":2267742732292,"geometry":{"type":"Polygon","coordinates":[[[7430569.0099999998,5551253.8000000007],[7430593.9100000001,5551255.2400000002],[7430604.4800000004,5551254.0700000003],[7430629.4000000004,5551254.9399999995],[7430647.0999999996,5551255.8399999999],[7430654.2999999998,5551256.1999999993],[7430679.25,5551257.1899999995],[7430704.1500000004,5551258.5399999991],[7430749.7800000003,5551260.4299999997],[7430753.8200000003,5551260.8300000001],[7430762.3099999996,5551261.6400000006],[7430764.96,5551261.9000000004],[7430767.04,5551263],[7430772.0800000001,5551262.4100000001],[7430796.79,5551262.5299999993],[7430818.9500000002,5551263.8300000001],[7430827.7999999998,5551264.0600000005],[7430833.4199999999,5551264.3499999996],[7430857.9900000002,5551265.6099999994],[7430867.8099999996,5551241.4000000004],[7430868.3300000001,5551223],[7430873.4299999997,5551209.5800000001],[7430876.9400000004,5551205.6999999993],[7430873.1399999997,5551191.1300000008],[7430868.7999999998,5551167.3699999992],[7430866.2300000004,5551161.4600000009],[7430865.0099999998,5551158.6699999999],[7430863.7999999998,5551155.9100000001],[7430866.8899999997,5551154.3499999996],[7430846.0099999998,5551107.2400000002],[7430829.5599999996,5551070.1099999994],[7430825.4800000004,5551060.8900000006],[7430819.7800000003,5551048],[7430815.0199999996,5551044.3100000005],[7430810.0700000003,5551033.0099999998],[7430794.1299999999,5550996.6300000008],[7430782.8399999999,5550970.8599999994],[7430785.1500000004,5550969.75],[7430868.2699999996,5550933.1999999993],[7430884.6200000001,5550926.0199999996],[7430908.0499999998,5550915.5299999993],[7430912.3899999997,5550913.0800000001],[7430924.5800000001,5550907.7799999993],[7430961.6100000003,5550891.6999999993],[7430961.9400000004,5550892.3300000001],[7430965.9900000002,5550890.5099999998],[7430982.4500000002,5550883.4800000004],[7430983.3300000001,5550883.1099999994],[7430982.9299999997,5550882.3200000003],[7430988.5300000003,5550879.9299999997],[7430988.8099999996,5550880.4499999993],[7431002.5199999996,5550874.6199999992],[7431024.4500000002,5550867.4100000001],[7431034.6100000003,5550863.1099999994],[7431102.5499999998,5550834.3399999999],[7431102.4400000004,5550834.0800000001],[7431118.3300000001,5550827.3599999994],[7431126.25,5550823.9399999995],[7431183.1399999997,5550798.8599999994],[7431210.3700000001,5550793.8200000003],[7431218.3200000003,5550794.1699999999],[7431245.0999999996,5550795.6699999999],[7431251.0199999996,5550795.9499999993],[7431273.6799999997,5550797.8399999999],[7431384.8499999996,5550806.0299999993],[7431392.7999999998,5550806.5999999996],[7431456.71,5550811.2699999996],[7431486.4900000002,5550813.3900000006],[7431501.3099999996,5550812.6400000006],[7431515.8099999996,5550812.6400000006],[7431530.9900000002,5550813.3300000001],[7431540.79,5550813.9600000009],[7431553.0700000003,5550813.0800000001],[7431607.3899999997,5550816.7899999991],[7431634.4299999997,5550818.2100000009],[7431642.6299999999,5550819.0600000005],[7431651.9299999997,5550818.0800000001],[7431653.4199999999,5550819.7300000004],[7431662.5800000001,5550819.6099999994],[7431662.3700000001,5550823.6500000004],[7431681.9299999997,5550813.9000000004],[7431724.4299999997,5550790.3399999999],[7431736.2400000002,5550783.3399999999],[7431782.0800000001,5550757.9399999995],[7431791.75,5550752.3800000008],[7431788.6200000001,5550746.2799999993],[7431803.7199999997,5550737.5],[7431819.1900000004,5550728.7100000009],[7431823.0099999998,5550726.5299999993],[7431820.8700000001,5550708.7200000007],[7431800.3600000003,5550616.3699999992],[7431798.1399999997,5550606.4100000001],[7431794.8899999997,5550591.8200000003],[7431793.4100000001,5550585.1799999997],[7431792.79,5550582.1799999997],[7431792.3600000003,5550579.0199999996],[7431792.1299999999,5550575.9399999995],[7431792.0800000001,5550570.1500000004],[7431792.4400000004,5550566.4100000001],[7431793.0700000003,5550560.7699999996],[7431793.6200000001,5550555.4900000002],[7431794.2800000003,5550552.0399999991],[7431794.7400000002,5550549.7599999998],[7431793.9199999999,5550548.9600000009],[7431794.4400000004,5550529.3599999994],[7431791.9500000002,5550514.5800000001],[7431796.9900000002,5550515.3300000001],[7431797.25,5550505.1500000004],[7431798.6699999999,5550498.5999999996],[7431798.0300000003,5550496.4499999993],[7431797.6799999997,5550495.2599999998],[7431798.9900000002,5550490.6099999994],[7431801.5499999998,5550481.5999999996],[7431805.75,5550469.5899999999],[7431809.2400000002,5550457.5800000001],[7431814.3799999999,5550439.8699999992],[7431826.54,5550411.7599999998],[7431829.5899999999,5550403.2699999996],[7431825.8499999996,5550401.9100000001],[7431827.6600000001,5550396.6500000004],[7431830.3399999999,5550389.0700000003],[7431843.54,5550365.8699999992],[7431843.3600000003,5550361.2599999998],[7431842.9199999999,5550354.3800000008],[7431841.4000000004,5550343.6400000006],[7431839.8899999997,5550318.0399999991],[7431841.4500000002,5550301.3900000006],[7431846.29,5550288.7599999998],[7431849.5,5550280.3800000008],[7431853.2199999997,5550270.0899999999],[7431853.9000000004,5550266.6400000006],[7431862.3099999996,5550255.7100000009],[7431874.0499999998,5550245.2400000002],[7431883.7599999998,5550236.5],[7431891.9000000004,5550228],[7431893.1200000001,5550226.75],[7431899.3200000003,5550214.2100000009],[7431907.8899999997,5550195.6699999999],[7431915.1200000001,5550182.0199999996],[7431919.7400000002,5550173.7599999998],[7431923.6200000001,5550172.4800000004],[7431931.7300000004,5550170.0899999999],[7431935.71,5550167.8399999999],[7431938.8200000003,5550166.0899999999],[7431945.25,5550164.1400000006],[7431948.6799999997,5550161.5099999998],[7431961.4000000004,5550151.75],[7431972.0099999998,5550141.9499999993],[7431980.5300000003,5550145.0899999999],[7431996.6500000004,5550143.9000000004],[7432002.3899999997,5550144.5600000005],[7432016.1600000001,5550145.2599999998],[7432026.2400000002,5550145.0500000007],[7432029.6200000001,5550147.4399999995],[7432041.7599999998,5550147.3100000005],[7432048.9100000001,5550148.0600000005],[7432056.3300000001,5550148.9499999993],[7432065.5800000001,5550147.4700000007],[7432069.4800000004,5550147.6600000001],[7432094.75,5550148.1799999997],[7432105.6900000004,5550145.0500000007],[7432107.7999999998,5550143.9199999999],[7432112.3700000001,5550144.0700000003],[7432126.7400000002,5550144.0600000005],[7432129.71,5550143.6199999992],[7432147.0099999998,5550141.0399999991],[7432159.5,5550141.6199999992],[7432164.71,5550144.3399999999],[7432164.1900000004,5550148.5199999996],[7432176.6299999999,5550151.5099999998],[7432176.1299999999,5550154.8300000001],[7432200.9100000001,5550160.4600000009],[7432208.1699999999,5550161.5399999991],[7432212.6399999997,5550161.8900000006],[7432214.8499999996,5550162.0600000005],[7432219.8399999999,5550162.4299999997],[7432220.0499999998,5550160.8200000003],[7432236.2199999997,5550160.6500000004],[7432238.3899999997,5550160.5700000003],[7432254.3399999999,5550158.9199999999],[7432268.3499999996,5550156.5399999991],[7432273.75,5550152.9600000009],[7432275.3200000003,5550148.3300000001],[7432280.0999999996,5550139.3900000006],[7432282.5999999996,5550129.9299999997],[7432279.9900000002,5550120.9900000002],[7432272.6200000001,5550106.5600000005],[7432265.8300000001,5550101.0899999999],[7432261.3799999999,5550089.8699999992],[7432259.4500000002,5550080.5600000005],[7432257.46,5550071.6300000008],[7432256.9199999999,5550066.1799999997],[7432255.6399999997,5550055.1799999997],[7432255.1200000001,5550050.6099999994],[7432256.1100000003,5550032.2799999993],[7432254.3700000001,5550030.3599999994],[7432261.3399999999,5550014.1799999997],[7432262.0099999998,5549995.6999999993],[7432258.5599999996,5549962.4800000004],[7432252.8899999997,5549939.4000000004],[7432254.7300000004,5549918.7799999993],[7432250.6600000001,5549915.0800000001],[7432244.9299999997,5549909.8800000008],[7432237.9000000004,5549901.3800000008],[7432237.2599999998,5549900.6199999992],[7432234.0800000001,5549891.1400000006],[7432232.6200000001,5549889.2899999991],[7432227.2199999997,5549874.6500000004],[7432227.8300000001,5549864.8800000008],[7432233.1600000001,5549849.1500000004],[7432235.6399999997,5549846.0199999996],[7432240.5800000001,5549835.8200000003],[7432277.9900000002,5549805.9000000004],[7432304.25,5549784.9000000004],[7432343.9699999997,5549719.7699999996],[7432352.96,5549703.7300000004],[7432364.2300000004,5549685.4299999997],[7432381.5800000001,5549664.0399999991],[7432403.4500000002,5549642.0099999998],[7432417.4100000001,5549624.7300000004],[7432424.0099999998,5549618.6400000006],[7432432.7999999998,5549608.3300000001],[7432441.8399999999,5549592.4000000004],[7432447.8399999999,5549577.9499999993],[7432448.8899999997,5549565.8499999996],[7432458.3700000001,5549548.6300000008],[7432460.1100000003,5549535.4399999995],[7432458.3200000003,5549529.4000000004],[7432455.0800000001,5549511.3499999996],[7432456.71,5549497],[7432460.7800000003,5549485.9299999997],[7432466.6900000004,5549476.1600000001],[7432468.7400000002,5549460.7200000007],[7432469.1100000003,5549460.8699999992],[7432470.1299999999,5549461.2799999993],[7432476.8200000003,5549464.1999999993],[7432480.3099999996,5549465.6799999997],[7432491.29,5549470.3200000003],[7432512.1399999997,5549478.9299999997],[7432514.5800000001,5549479.9000000004],[7432526.3200000003,5549484.5700000003],[7432599.1699999999,5549513.5700000003],[7432638.6100000003,5549529.2699999996],[7432652.54,5549534.8200000003],[7432727.0499999998,5549564.4700000007],[7432753.5099999998,5549575],[7432776.4400000004,5549584.1300000008],[7432915.7400000002,5549639.3200000003],[7432927.6900000004,5549643.7799999993],[7432931.6799999997,5549645.0500000007],[7432940.7199999997,5549647.8300000001],[7432949.6399999997,5549650.1099999994],[7432958.2199999997,5549652.2599999998],[7432965.7800000003,5549653.8499999996],[7432989.7199999997,5549658.3200000003],[7433033.3399999999,5549666.4800000004],[7433053.0499999998,5549670.1600000001],[7433056.4800000004,5549670.8000000007],[7433066.75,5549672.7599999998],[7433098.2599999998,5549678.7599999998],[7433132.5300000003,5549685.2699999996],[7433141.7599999998,5549686.6099999994],[7433149.21,5549687.6799999997],[7433161.1100000003,5549689.4199999999],[7433164.8700000001,5549693.2899999991],[7433162.8399999999,5549742.0600000005],[7433162.7300000004,5549751.2799999993],[7433162.8700000001,5549760.3900000006],[7433163.7400000002,5549774.1899999995],[7433166.2199999997,5549798.9100000001],[7433169.25,5549800.7699999996],[7433169.46,5549802.7599999998],[7433170.6699999999,5549814.1999999993],[7433171.7699999996,5549824.6899999995],[7433172.5999999996,5549840.8000000007],[7433172.9100000001,5549842.2100000009],[7433174.9299999997,5549851.3599999994],[7433184.1900000004,5549874.0700000003],[7433199.8300000001,5549889.8599999994],[7433223.9100000001,5549907.1199999992],[7433240.8700000001,5549917.75],[7433241.8200000003,5549919.1400000006],[7433249.21,5549923.8699999992],[7433251.8200000003,5549925.8599999994],[7433257.7800000003,5549930.2400000002],[7433272.5599999996,5549941.6400000006],[7433295.0899999999,5549959.1699999999],[7433315.6699999999,5549975.2300000004],[7433321.0199999996,5549979.5800000001],[7433343.7400000002,5549997.5099999998],[7433359.8700000001,5550009.8599999994],[7433382.1299999999,5550027.4199999999],[7433387.4000000004,5550031.3200000003],[7433390.8099999996,5550033.6899999995],[7433412.4900000002,5550048.7400000002],[7433417.9699999997,5550052.6600000001],[7433447.7699999996,5550073.9299999997],[7433491.96,5550105.3499999996],[7433537.71,5550137.8599999994],[7433560.9900000002,5550154.3599999994],[7433565.1399999997,5550157.1400000006],[7433597.7000000002,5550180.7200000007],[7433605.9900000002,5550187],[7433622.6699999999,5550198.3800000008],[7433638.5599999996,5550209.2599999998],[7433657.8600000003,5550222.5099999998],[7433660.7999999998,5550223.9900000002],[7433692.9400000004,5550246.5800000001],[7433728.1500000004,5550271.3100000005],[7433742.6600000001,5550281.6099999994],[7433747.4800000004,5550285.0199999996],[7433768.9500000002,5550300.0700000003],[7433780.9699999997,5550308.7300000004],[7433788.4800000004,5550313.8800000008],[7433792.4199999999,5550316.7599999998],[7433793.6900000004,5550317.7599999998],[7433807.1299999999,5550327.3000000007],[7433829.3399999999,5550343.0500000007],[7433868.6399999997,5550370.8200000003],[7433902.3300000001,5550394.6099999994],[7433941.4500000002,5550422.0099999998],[7433960.1699999999,5550435.3599999994],[7433992.1600000001,5550457.8699999992],[7433990.4100000001,5550460.4100000001],[7434004.6799999997,5550470.6799999997],[7434027.3399999999,5550486.9800000004],[7434045.0599999996,5550498.9800000004],[7434057.96,5550508.2400000002],[7434062.29,5550511.5700000003],[7434097.1799999997,5550535.9900000002],[7434117.8300000001,5550550.2100000009],[7434150.4900000002,5550572.9499999993],[7434169.8899999997,5550587.6199999992],[7434196.0999999996,5550606.4199999999],[7434237.3099999996,5550635.9600000009],[7434260.7599999998,5550652.7899999991],[7434291.6900000004,5550674.4800000004],[7434304.5300000003,5550683.3499999996],[7434315.7300000004,5550691.6600000001],[7434318.3600000003,5550689.5700000003],[7434322.54,5550687.7799999993],[7434336.0899999999,5550697.5600000005],[7434336.9199999999,5550696.9700000007],[7434373.5599999996,5550723.2899999991],[7434404.5700000003,5550745.6699999999],[7434417.2599999998,5550739.8300000001],[7434421.5899999999,5550752.0600000005],[7434425.0300000003,5550759.8399999999],[7434425.3099999996,5550760.3599999994],[7434436.4500000002,5550768.8300000001],[7434444.3899999997,5550765.0299999993],[7434453.3600000003,5550758.5099999998],[7434472.4800000004,5550776.1899999995],[7434485.9299999997,5550798.4700000007],[7434522.04,5550858.7400000002],[7434559.9100000001,5550906.8800000008],[7434531.96,5551022.75],[7434579.1399999997,5551031.8300000001],[7434616.3600000003,5551038.9000000004],[7434665.3899999997,5551048.4199999999],[7434714.8899999997,5551057.4499999993],[7434764.0899999999,5551066.5999999996],[7434813.3099999996,5551074.6600000001],[7434862.3899999997,5551082.9800000004],[7434905.0199999996,5551084.4600000009],[7434954.9100000001,5551087.2799999993],[7434977.1500000004,5551088.3300000001],[7435004.6699999999,5551089.6300000008],[7435075.7000000002,5551083.6199999992],[7435087.0300000003,5551077.9600000009],[7435119.3600000003,5551077.8499999996],[7435179.6699999999,5551064],[7435245.9100000001,5551046.6500000004],[7435279.4900000002,5551037.8499999996],[7435372.9500000002,5551006.2799999993],[7435380.8799999999,5551003.8000000007],[7435426.4900000002,5550989.5399999991],[7435474.21,5550974.6199999992],[7435521.9299999997,5550959.6999999993],[7435569.6500000004,5550944.7899999991],[7435582.9100000001,5550940.75],[7435657.8200000003,5550917.9399999995],[7435753.1299999999,5550889.0500000007],[7435786.2699999996,5550878.3000000007],[7435848.3300000001,5550858.1600000001],[7435895.9000000004,5550842.7400000002],[7435944.3799999999,5550827.0099999998],[7435989.5999999996,5550813.0700000003],[7436037.3700000001,5550798.3300000001],[7436088.4400000004,5550783.2300000004],[7436124.4800000004,5550772.5700000003],[7436191.8099999996,5550749.0500000007],[7436225.0899999999,5550737.4199999999],[7436235.6900000004,5550731.8300000001],[7436261.7400000002,5550718.1099999994],[7436291.3799999999,5550702.5],[7436318.5700000003,5550688.1699999999],[7436354.9699999997,5550660.8800000008],[7436381.7800000003,5550640.7899999991],[7436405.1200000001,5550623.2799999993],[7436449.3700000001,5550599.7899999991],[7436488.9500000002,5550578.7699999996],[7436532.1299999999,5550563.5099999998],[7436574.0999999996,5550548.6699999999],[7436600.4699999997,5550542.9900000002],[7436637.2699999996,5550535.0899999999],[7436712.8300000001,5550530.9600000009],[7436786.96,5550544.8800000008],[7436773.7800000003,5550610.5899999999],[7436768.5999999996,5550636.4199999999],[7436767.4400000004,5550642.1899999995],[7436765.9199999999,5550649.8100000005],[7436787.2300000004,5550649.4199999999],[7436801.9699999997,5550649.8599999994],[7436822.2999999998,5550650.9399999995],[7436840.1900000004,5550654.9900000002],[7436853.1299999999,5550657.9600000009],[7436880.9900000002,5550664.3800000008],[7436899.5300000003,5550668.5899999999],[7436919.5999999996,5550673.2400000002],[7436937.4000000004,5550677.3200000003],[7436960.1399999997,5550682.6600000001],[7436981.2699999996,5550687.2400000002],[7436994.79,5550690.4000000004],[7436998.96,5550691.3699999992],[7437012.5999999996,5550694.4299999997],[7437012.3600000003,5550711.9800000004],[7437072.3700000001,5550718.5399999991],[7437126.0800000001,5550730.1799999997],[7437175.9500000002,5550747.4399999995],[7437218.5700000003,5550756.9299999997],[7437224.1200000001,5550758.1699999999],[7437268.4199999999,5550770.4900000002],[7437328.8600000003,5550787.1199999992],[7437350.9100000001,5550792.0500000007],[7437390.6100000003,5550800.8399999999],[7437400.3300000001,5550803],[7437401.2999999998,5550803.6799999997],[7437431.0499999998,5550825.8399999999],[7437447,5550837.7400000002],[7437462.3600000003,5550849.0600000005],[7437483.5199999996,5550863.9700000007],[7437494.0899999999,5550871.1899999995],[7437508.3099999996,5550874.4700000007],[7437524.4800000004,5550878.4800000004],[7437551.2800000003,5550884.6099999994],[7437562.6399999997,5550887.4100000001],[7437576.6500000004,5550890.5700000003],[7437597.5300000003,5550895.7599999998],[7437604.8700000001,5550897.0999999996],[7437619.6399999997,5550900.8200000003],[7437636.0899999999,5550904.9700000007],[7437635.1900000004,5550908.5099999998],[7437622.5899999999,5550957.9900000002],[7437636.29,5550961.1199999992],[7437655.9100000001,5550965.8499999996],[7437672.7699999996,5550969.6699999999],[7437683.2300000004,5550972.1400000006],[7437694.7400000002,5550974.5500000007],[7437706.7699999996,5550925.0600000005],[7437707.5700000003,5550921.7400000002],[7437717.5599999996,5550924.1899999995],[7437785.0800000001,5550944.4000000004],[7437796.4699999997,5550947.8200000003],[7437830.5599999996,5550958.0199999996],[7437831.8899999997,5550954.8499999996],[7437835.6600000001,5550956.3100000005],[7437834.5599999996,5550958.1600000001],[7437838.5099999998,5550959.7699999996],[7437864.5099999998,5550969.9900000002],[7437870.6200000001,5550974.6300000008],[7437900.3399999999,5550994.0500000007],[7437906.9000000004,5550996.3399999999],[7437931.3099999996,5551007.5700000003],[7437971.3899999997,5551027.7699999996],[7437975.5700000003,5551031.4299999997],[7437979.6699999999,5551035.1099999994],[7437981.3899999997,5551038.0700000003],[7437983.2000000002,5551041.1999999993],[7437984.4900000002,5551045.1999999993],[7437986.1399999997,5551049.0199999996],[7437986.5800000001,5551051.6699999999],[7437986.8700000001,5551053.9100000001],[7437987.1600000001,5551056.4199999999],[7437987.54,5551059.3399999999],[7437987.5,5551060.9399999995],[7437987.3300000001,5551062.6799999997],[7437986.2999999998,5551066.4000000004],[7437985.4699999997,5551069.2400000002],[7437984.2599999998,5551071.9100000001],[7437982.6699999999,5551074.1699999999],[7437981.1100000003,5551077.4000000004],[7437977.4100000001,5551081.7400000002],[7438017.71,5551044.0500000007],[7438022.2400000002,5551039.7300000004],[7438023.8499999996,5551038.2300000004],[7438098.2999999998,5550969.3399999999],[7438119.1399999997,5550988.3699999992],[7438125.6399999997,5550989.9700000007],[7438140.75,5550993.6999999993],[7438177.2800000003,5551003.9399999995],[7438182.9199999999,5551004.9199999999],[7438196.1600000001,5551007.1600000001],[7438217.8799999999,5551011.0099999998],[7438285.5099999998,5551020.7100000009],[7438283.2300000004,5550993.0600000005],[7438340.0800000001,5551003.8399999999],[7438363.2400000002,5551007.9000000004],[7438386.3899999997,5551011.9700000007],[7438414.5700000003,5551016.9700000007],[7438435.6299999999,5551021.7799999993],[7438484.9299999997,5551032.7200000007],[7438485.9100000001,5551033.0199999996],[7438535.8600000003,5551042.5899999999],[7438581.2599999998,5551053.1699999999],[7438585.6299999999,5551054.1799999997],[7438627.04,5551064.2699999996],[7438635.1699999999,5551066.25],[7438685.8300000001,5551078.0600000005],[7438707.5700000003,5551082.8399999999],[7438734.5899999999,5551089.2100000009],[7438816.4299999997,5551108.5099999998],[7438841.9000000004,5551113.6400000006],[7438862.2999999998,5551115.5500000007],[7438871.9199999999,5551117.8399999999],[7438901.0599999996,5551126.1600000001],[7438949.3399999999,5551140.1300000008],[7438962.4800000004,5551142.6199999992],[7438977.7699999996,5551146.5899999999],[7439004.1299999999,5551153.4499999993],[7439030.3499999996,5551160.6199999992],[7439052.6299999999,5551166.3499999996],[7439070.7999999998,5551172.4900000002],[7439084.6699999999,5551175.8499999996],[7439115.8200000003,5551185.4700000007],[7439130.1600000001,5551189.2799999993],[7439161.9199999999,5551197.4399999995],[7439176.71,5551201.4000000004],[7439219.6100000003,5551211.5999999996],[7439250.3099999996,5551219.1099999994],[7439265.4299999997,5551222.6099999994],[7439292.79,5551230.4800000004],[7439305.54,5551233.8000000007],[7439318.9100000001,5551237.2100000009],[7439334.0499999998,5551241.1300000008],[7439347.2000000002,5551244],[7439360.7199999997,5551247.3000000007],[7439373.8600000003,5551250.3699999992],[7439375.1900000004,5551250.6799999997],[7439388.7199999997,5551253.9700000007],[7439403.4299999997,5551257.6400000006],[7439417.9199999999,5551261.6699999999],[7439434.4900000002,5551265.9499999993],[7439460.5999999996,5551273.9900000002],[7439475.4900000002,5551278.7899999991],[7439489.3399999999,5551283.0800000001],[7439494.4199999999,5551284.6099999994],[7439493.8399999999,5551288.3399999999],[7439499.21,5551368.4299999997],[7439499.5599999996,5551370.6999999993],[7439502.0599999996,5551387.0399999991],[7439503.8799999999,5551406.2799999993],[7439511.0199999996,5551442.9000000004],[7439513,5551458.9299999997],[7439517.4400000004,5551494.5299999993],[7439520.0999999996,5551515.8100000005],[7439521.75,5551529.3599999994],[7439523.2699999996,5551541.7400000002],[7439522.8300000001,5551546.2799999993],[7439522.3099999996,5551551.6199999992],[7439520.71,5551568.0800000001],[7439520.6299999999,5551569.0099999998],[7439519.5700000003,5551579.2699999996],[7439517.5999999996,5551598.2100000009],[7439517.3399999999,5551600.7599999998],[7439517.2000000002,5551602.0600000005],[7439516.3399999999,5551610.4100000001],[7439515.1299999999,5551622.2100000009],[7439514.0800000001,5551632.5199999996],[7439511.1900000004,5551644.9199999999],[7439507.9699999997,5551658.8100000005],[7439504.8200000003,5551672.3200000003],[7439502.5800000001,5551681.9199999999],[7439499.9299999997,5551693.3399999999],[7439496.3799999999,5551712.1400000006],[7439494.0899999999,5551724.2599999998],[7439490.9000000004,5551741.1799999997],[7439487.8700000001,5551757.2100000009],[7439487.2300000004,5551780.6699999999],[7439486.2199999997,5551817.3000000007],[7439486.7300000004,5551821.6099999994],[7439493.8300000001,5551881.7799999993],[7439551.3099999996,5551881.3399999999],[7439559.4199999999,5551881.4199999999],[7439611.4000000004,5551881.9299999997],[7439613.4299999997,5551927.75],[7439682.5499999998,5551927.9000000004],[7439690.1699999999,5551989.7699999996],[7439680.7999999998,5551990.7300000004],[7439645.0700000003,5551994.4399999995],[7439624.0700000003,5551995.0399999991],[7439626.6200000001,5552011.9199999999],[7439628.1100000003,5552016.5800000001],[7439640.3200000003,5552073.2300000004],[7439644.9100000001,5552094.1300000008],[7439647.5999999996,5552106.4199999999],[7439662.8300000001,5552175.9199999999],[7439679.7000000002,5552250.0199999996],[7439665.6600000001,5552255.0800000001],[7439666.3799999999,5552258.3300000001],[7439685.8700000001,5552346.5500000007],[7439687.5199999996,5552355.3499999996],[7439695.2300000004,5552396.7799999993],[7439697.5,5552409.6799999997],[7439706.5300000003,5552461.0399999991],[7439720.2300000004,5552534.8100000005],[7439721.71,5552542.9800000004],[7439724.0499999998,5552555.9100000001],[7439732.5199999996,5552602.6999999993],[7439733.7300000004,5552610.2899999991],[7439737.8300000001,5552636.3000000007],[7439739.9400000004,5552642.9800000004],[7439745.8099999996,5552661.6799999997],[7439734.5199999996,5552666.2400000002],[7439735.8200000003,5552669.5700000003],[7439740.25,5552672.8399999999],[7439743.9500000002,5552677.0099999998],[7439747.6799999997,5552683.7300000004],[7439751.79,5552692.1199999992],[7439762.9000000004,5552719.6099999994],[7439780.21,5552757.3699999992],[7439807.0899999999,5552802.0999999996],[7439820.1200000001,5552822.7899999991],[7439832.4199999999,5552841.4000000004],[7439846.8700000001,5552864.1999999993],[7439847.0099999998,5552864.4199999999],[7439859.6900000004,5552884.2400000002],[7439864.7000000002,5552892.8399999999],[7439864.7199999997,5552892.8800000008],[7439879.4100000001,5552917.8000000007],[7439879.4699999997,5552917.9100000001],[7439893.5099999998,5552943.8900000006],[7439893.6399999997,5552944.1400000006],[7439907.4000000004,5552968.4800000004],[7439909.3600000003,5552971.9600000009],[7439916.1699999999,5552984.0700000003],[7439918,5552987.0600000005],[7439922.79,5552994.9000000004],[7439923.0700000003,5552995.3200000003],[7439928.1600000001,5553001.3800000008],[7439948.9699999997,5553028.8100000005],[7439949.7599999998,5553029.8399999999],[7439949.1399999997,5553030.5999999996],[7439949.9800000004,5553032.9299999997],[7439950.5499999998,5553034.5800000001],[7439978.2999999998,5553062.3300000001],[7439980.2800000003,5553064.3100000005],[7439981.3499999996,5553065.4199999999],[7439971.6200000001,5553074.5999999996],[7439961.29,5553087.4100000001],[7439954.4000000004,5553099.5999999996],[7439936.3499999996,5553114.0399999991],[7439935.3300000001,5553115.1600000001],[7439932.1100000003,5553118.6999999993],[7439921.71,5553130.1199999992],[7439920.1799999997,5553131.8800000008],[7439911.7000000002,5553135.1199999992],[7439905.8899999997,5553136.9399999995],[7439902.79,5553144.5299999993],[7439901.8499999996,5553146.8499999996],[7439894.7000000002,5553156.2699999996],[7439893.75,5553157.5199999996],[7439888.6100000003,5553164.3000000007],[7439881.8499999996,5553165.7599999998],[7439878.4199999999,5553167.8900000006],[7439867.8300000001,5553168.6799999997],[7439866.6799999997,5553169.6899999995],[7439866.1699999999,5553170.1600000001],[7439866.96,5553176.0500000007],[7439860.0800000001,5553180.9399999995],[7439859.6600000001,5553188.6400000006],[7439860.9299999997,5553192.0899999999],[7439858.21,5553199.0899999999],[7439855.7599999998,5553206.7599999998],[7439854.5999999996,5553210.3900000006],[7439851.8799999999,5553215.6500000004],[7439846.79,5553218.1199999992],[7439846.1600000001,5553220.0700000003],[7439845.6200000001,5553221.7300000004],[7439843.3899999997,5553228.5899999999],[7439843.0199999996,5553236.9499999993],[7439843.4699999997,5553238.1500000004],[7439845.5099999998,5553243.6099999994],[7439840.7599999998,5553258.6999999993],[7439840.75,5553258.7300000004],[7439836.8499999996,5553266.5399999991],[7439836.6600000001,5553266.9100000001],[7439835.9100000001,5553272.9399999995],[7439836.5800000001,5553275.5800000001],[7439838.7599999998,5553284.1199999992],[7439838.8899999997,5553290.3200000003],[7439841.2000000002,5553297.5999999996],[7439841.8600000003,5553299.6699999999],[7439838.6500000004,5553308.8000000007],[7439838.3300000001,5553317.1300000008],[7439838.2699999996,5553317.7300000004],[7439837,5553332.75],[7439837.0599999996,5553335.9000000004],[7439837.2599999998,5553345.7799999993],[7439837.46,5553355.4199999999],[7439837.5800000001,5553361.1300000008],[7439839.6200000001,5553367.8499999996],[7439839.8200000003,5553373.4100000001],[7439839.0199999996,5553383.8699999992],[7439834.9400000004,5553392.4900000002],[7439835.9500000002,5553404.7100000009],[7439836.79,5553410.8300000001],[7439838.25,5553421.4800000004],[7439836.0499999998,5553435.6400000006],[7439835.5599999996,5553443.5399999991],[7439835.7800000003,5553444.7899999991],[7439837.7400000002,5553455.9399999995],[7439830.5199999996,5553474.8399999999],[7439831.6500000004,5553490.3200000003],[7439827.54,5553505.5199999996],[7439833.2999999998,5553511.6699999999],[7439829.1900000004,5553518.2200000007],[7439826.3399999999,5553521.8800000008],[7439825.2000000002,5553523.3499999996],[7439820.9800000004,5553528.7599999998],[7439829.6799999997,5553533.0600000005],[7439839.7999999998,5553549.8200000003],[7439838.5599999996,5553552.0899999999],[7439838.1399999997,5553552.8300000001],[7439829.2000000002,5553550.1899999995],[7439822.3300000001,5553558.5899999999],[7439827.21,5553564.2699999996],[7439822.3899999997,5553574.6999999993],[7439812.0300000003,5553579.5399999991],[7439809.25,5553587.2599999998],[7439813.1299999999,5553592.8200000003],[7439813.1399999997,5553600.3699999992],[7439817.0999999996,5553608.1199999992],[7439814.6500000004,5553611.1899999995],[7439804.2199999997,5553624.1500000004],[7439802.3899999997,5553626.4399999995],[7439801.7699999996,5553635.9100000001],[7439801.2699999996,5553643.4299999997],[7439800.9400000004,5553648.6300000008],[7439800.6299999999,5553653.3100000005],[7439797.8200000003,5553661.3699999992],[7439793.5199999996,5553673.75],[7439789.0499999998,5553686.5600000005],[7439788.5899999999,5553687.9100000001],[7439785.4500000002,5553698.9299999997],[7439784.5599999996,5553702.0500000007],[7439782.0099999998,5553711.4900000002],[7439780.2699999996,5553717.9100000001],[7439778.96,5553722.7200000007],[7439775.2199999997,5553735.0399999991],[7439771.4800000004,5553747.3399999999],[7439767.7000000002,5553760.0999999996],[7439764.4100000001,5553771.1799999997],[7439761.4100000001,5553781.25],[7439758.1699999999,5553792.1199999992],[7439757.0499999998,5553795.8900000006],[7439756.4000000004,5553798.0600000005],[7439754.6399999997,5553803.9800000004],[7439753.8799999999,5553806.4900000002],[7439751.4000000004,5553813.0199999996],[7439748.3600000003,5553821.0099999998],[7439745.7999999998,5553827.7300000004],[7439742.2199999997,5553836.8800000008],[7439739.8099999996,5553843.0700000003],[7439736.9500000002,5553850.3800000008],[7439736.7699999996,5553850.8499999996],[7439734.96,5553855.3100000005],[7439734.3499999996,5553856.8100000005],[7439732.6799999997,5553860.9299999997],[7439730.4100000001,5553866.5399999991],[7439727.5800000001,5553873.5399999991],[7439725.04,5553879.7899999991],[7439722.4100000001,5553885.5399999991],[7439721.7400000002,5553887],[7439719.6600000001,5553891.5199999996],[7439712.4800000004,5553907.1899999995],[7439710.0700000003,5553911.0600000005],[7439694.7000000002,5553926.4700000007],[7439691.3899999997,5553929.7799999993],[7439684.7599999998,5553936.4199999999],[7439682.5700000003,5553938.6199999992],[7439681.7300000004,5553939.1799999997],[7439678.4699999997,5553941.3499999996],[7439673.3300000001,5553944.7599999998],[7439667.0999999996,5553948.9000000004],[7439664.9500000002,5553950.1099999994],[7439644.4199999999,5553961.6300000008],[7439634.0300000003,5553967.4600000009],[7439631.9100000001,5553968.6500000004],[7439630.9699999997,5553967.7799999993],[7439630.0499999998,5553970.1999999993],[7439628.4900000002,5553971.5899999999],[7439625.4699999997,5553974.2699999996],[7439617.71,5553981.1600000001],[7439609.96,5553988.0500000007],[7439594.7300000004,5554001.1099999994],[7439579.4900000002,5554012.9000000004],[7439561.7000000002,5554023.3300000001],[7439545.5899999999,5554030.9700000007],[7439538.8399999999,5554037.8499999996],[7439533.9500000002,5554042.8200000003],[7439525.1399999997,5554049.1799999997],[7439521.96,5554045.9900000002],[7439519.4000000004,5554043.4000000004],[7439519.1500000004,5554043.2100000009],[7439499.6299999999,5554027.7699999996],[7439473.1600000001,5554011.7100000009],[7439446.8200000003,5553995.8800000008],[7439439.7300000004,5553990.0099999998],[7439436.6799999997,5553987.4700000007],[7439436.4900000002,5553987.3100000005],[7439429.2699999996,5553979.5899999999],[7439424.6299999999,5553971.6600000001],[7439421.3799999999,5553962.4800000004],[7439420.9400000004,5553961.2400000002],[7439420.1100000003,5553959.0700000003],[7439416.9000000004,5553950.6600000001],[7439413.8899999997,5553942.7899999991],[7439403.6799999997,5553913.8800000008],[7439395.1200000001,5553890.5099999998],[7439388.7999999998,5553877.5099999998],[7439386.2800000003,5553872.9800000004],[7439373.7400000002,5553853.5800000001],[7439368.3899999997,5553845.2899999991],[7439362.2699999996,5553836.6300000008],[7439351.1500000004,5553820.9000000004],[7439347.9199999999,5553816.7200000007],[7439336.46,5553801.9100000001],[7439320.6500000004,5553785.1199999992],[7439310.1399999997,5553774.4600000009],[7439283.6399999997,5553749.2300000004],[7439281.8600000003,5553747.6199999992],[7439263.6299999999,5553731.1500000004],[7439260.4000000004,5553728.0199999996],[7439227.8600000003,5553696.5999999996],[7439186.1100000003,5553658.1699999999],[7439152.2599999998,5553629.6600000001],[7439132.6799999997,5553613.6300000008],[7439128.2000000002,5553609.3200000003],[7439107.8099999996,5553589.7100000009],[7439107,5553588.8800000008],[7439083.4100000001,5553565.1199999992],[7439069.3700000001,5553551.5199999996],[7439052.0800000001,5553536.3399999999],[7439035.5999999996,5553522.5800000001],[7439025.0899999999,5553514.2200000007],[7439014.7999999998,5553506.7699999996],[7438995.3200000003,5553496.0899999999],[7438985.3399999999,5553486.3599999994],[7438979.2000000002,5553477.3000000007],[7438966.9199999999,5553456.3300000001],[7438957.4299999997,5553440.3599999994],[7438945.1600000001,5553419.5399999991],[7438934.9199999999,5553400.0999999996],[7438924.0199999996,5553379.4000000004],[7438911.8200000003,5553354.5800000001],[7438905.21,5553342.9000000004],[7438898.3899999997,5553330.8599999994],[7438883.6799999997,5553304.3900000006],[7438871.3700000001,5553280.9000000004],[7438869.0899999999,5553276.5600000005],[7438864.8099999996,5553268.4000000004],[7438856.1399999997,5553249.0299999993],[7438843.5700000003,5553221.9399999995],[7438832.5700000003,5553193.3699999992],[7438830.71,5553188.3399999999],[7438822.8499999996,5553167.1300000008],[7438819.2199999997,5553154.3900000006],[7438815.0800000001,5553139.8200000003],[7438809.2400000002,5553118.2300000004],[7438806.9299999997,5553109.6500000004],[7438800.0300000003,5553083.9900000002],[7438792.5899999999,5553056.9000000004],[7438788.3700000001,5553033.5800000001],[7438787.5599999996,5553030.1500000004],[7438783.8200000003,5553010.9600000009],[7438779.79,5552995.3300000001],[7438779.4000000004,5552993.8300000001],[7438783.2800000003,5552987.5299999993],[7438782.1200000001,5552984.5500000007],[7438780.96,5552981.5800000001],[7438776.3300000001,5552970.8300000001],[7438769.1600000001,5552952.7300000004],[7438761.6200000001,5552923.6400000006],[7438756.8399999999,5552896.5999999996],[7438751.6699999999,5552867.1400000006],[7438748.2599999998,5552847.5299999993],[7438744.6799999997,5552827.8300000001],[7438739.5599999996,5552800.0099999998],[7438734.3700000001,5552772.1899999995],[7438729.6900000004,5552747.3200000003],[7438725.79,5552725.4700000007],[7438722.9000000004,5552705.1500000004],[7438719.6699999999,5552682.8800000008],[7438715.25,5552654.6699999999],[7438711.7400000002,5552637.3800000008],[7438708.5199999996,5552622.8900000006],[7438705.8300000001,5552613.5800000001],[7438697.04,5552614.5999999996],[7438683.1200000001,5552615.3800000008],[7438667.1900000004,5552616.7200000007],[7438650.0300000003,5552618.6799999997],[7438626.8700000001,5552620.9900000002],[7438596.6299999999,5552622.9700000007],[7438593.6600000001,5552622.75],[7438569.2300000004,5552620.9700000007],[7438565.3499999996,5552621.1699999999],[7438559.1699999999,5552621.4800000004],[7438535.2300000004,5552622.6999999993],[7438517.5099999998,5552623.6099999994],[7438485.7599999998,5552624.5],[7438468.7999999998,5552624.9800000004],[7438452.7400000002,5552624.8000000007],[7438440.5800000001,5552624.6699999999],[7438421.8600000003,5552625.4900000002],[7438404.5199999996,5552626.2599999998],[7438383.3099999996,5552627.0999999996],[7438373.75,5552627.4800000004],[7438371.3099999996,5552627.5700000003],[7438337.2300000004,5552629],[7438335.75,5552629.0600000005],[7438331.6799999997,5552649.9900000002],[7438331.6100000003,5552650.3300000001],[7438327.1600000001,5552650.6500000004],[7438325.2699999996,5552650.7799999993],[7438307.7999999998,5552653.0999999996],[7438299.8600000003,5552654],[7438271.0199999996,5552656.5600000005],[7438237.5300000003,5552659.4700000007],[7438223.8499999996,5552660.3699999992],[7438210.5099999998,5552660.4600000009],[7438192.8099999996,5552660.3599999994],[7438189.1100000003,5552660.6099999994],[7438182.8200000003,5552662.3900000006],[7438177.0800000001,5552664.1400000006],[7438171.1900000004,5552665.0299999993],[7438161.2999999998,5552666.0899999999],[7438146.1399999997,5552666.2799999993],[7438130.3799999999,5552666.5800000001],[7438127.8300000001,5552666.8000000007],[7438115.5,5552666.6600000001],[7438102.46,5552666.5099999998],[7438081.9299999997,5552666.8900000006],[7438076.0599999996,5552666.7100000009],[7438073.2999999998,5552666.7200000007],[7438070.1600000001,5552666.4299999997],[7438051.71,5552665.6199999992],[7438029.6500000004,5552664.3599999994],[7438011.2999999998,5552663.4800000004],[7438008.3300000001,5552663.6199999992],[7437996.2999999998,5552663.1500000004],[7437978.6500000004,5552662.1699999999],[7437970.4400000004,5552661.4199999999],[7437963.2300000004,5552660.8499999996],[7437942.4100000001,5552660.1699999999],[7437931.8200000003,5552660.1199999992],[7437920.8899999997,5552660.6799999997],[7437904.8799999999,5552662.1999999993],[7437890.7000000002,5552663.7599999998],[7437884.21,5552665.0299999993],[7437877.2699999996,5552667.0999999996],[7437866.8700000001,5552672.2400000002],[7437858.6299999999,5552676.3000000007],[7437847.3099999996,5552680.0299999993],[7437831.8600000003,5552683.0500000007],[7437814.3499999996,5552685.5999999996],[7437792.4699999997,5552688.9399999995],[7437769.1799999997,5552692.3399999999],[7437758.4500000002,5552694.0199999996],[7437736.5499999998,5552697.5899999999],[7437733.0899999999,5552698.3599999994],[7437722.79,5552700.6500000004],[7437704.29,5552704.0899999999],[7437683.1399999997,5552706.9700000007],[7437672.4299999997,5552708.9499999993],[7437649.9800000004,5552712.8000000007],[7437629.6699999999,5552717.8499999996],[7437607.2800000003,5552723.4900000002],[7437594.7699999996,5552726.5899999999],[7437584.5199999996,5552729.7300000004],[7437571.7699999996,5552733.5600000005],[7437559.9000000004,5552737.2400000002],[7437548.3899999997,5552741.3200000003],[7437542.0300000003,5552744.25],[7437533.7699999996,5552748.3499999996],[7437529.0300000003,5552750.5999999996],[7437524.6900000004,5552753.0500000007],[7437519.1799999997,5552757.0700000003],[7437512.1399999997,5552761.8699999992],[7437493.5599999996,5552772.3900000006],[7437483.0800000001,5552776.8300000001],[7437474.0899999999,5552780.1400000006],[7437460.9699999997,5552783.3399999999],[7437446.0700000003,5552786.1600000001],[7437430.5099999998,5552787.9700000007],[7437416.2300000004,5552790.9900000002],[7437411.21,5552792.1400000006],[7437405.4400000004,5552793.9299999997],[7437400.5199999996,5552796.2200000007],[7437395.0300000003,5552800.2799999993],[7437391.3899999997,5552803.3000000007],[7437388.3700000001,5552806.8499999996],[7437382.7199999997,5552814.0700000003],[7437376.8099999996,5552817.9399999995],[7437371.0899999999,5552821.7599999998],[7437365.5199999996,5552824.6999999993],[7437359.8600000003,5552826.6099999994],[7437352.0099999998,5552829.0999999996],[7437340.2699999996,5552831.3399999999],[7437328.1399999997,5552833.3699999992],[7437322.0899999999,5552834.5800000001],[7437315.0199999996,5552836.6300000008],[7437310.29,5552838.3100000005],[7437307.9000000004,5552839.3000000007],[7437304.3499999996,5552840.9499999993],[7437291.8300000001,5552845.3900000006],[7437279.2199999997,5552850.2100000009],[7437261.0199999996,5552854.5099999998],[7437252.6299999999,5552856.8599999994],[7437246.4299999997,5552857.9700000007],[7437241.8099999996,5552858.1099999994],[7437236.8499999996,5552857.75],[7437232.6600000001,5552857.1199999992],[7437224.5099999998,5552856.0299999993],[7437221.1399999997,5552855.5399999991],[7437216.2599999998,5552855.3000000007],[7437208.6399999997,5552855.2599999998],[7437193.2300000004,5552855.2899999991],[7437173.6299999999,5552856.1400000006],[7437161.3499999996,5552855.8399999999],[7437147.2000000002,5552854.5899999999],[7437131.3799999999,5552854.2100000009],[7437115.5,5552853.3900000006],[7437113.9000000004,5552870.3100000005],[7437113.3099999996,5552911.1699999999],[7437113.0700000003,5552971.4100000001],[7437112.8700000001,5553004.3200000003],[7437112.6699999999,5553039.4800000004],[7437112.3799999999,5553064.6699999999],[7437111.4900000002,5553092.3599999994],[7437108.6399999997,5553156.5299999993],[7437105.3399999999,5553198.3900000006],[7437103.6200000001,5553212.1400000006],[7437098.2300000004,5553280.5099999998],[7437094.5499999998,5553339.8800000008],[7437088.9699999997,5553404.5899999999],[7437086.3099999996,5553452.3699999992],[7437085.5800000001,5553462.0999999996],[7437087.2000000002,5553465.8399999999],[7437084.9199999999,5553468.4700000007],[7437083.9000000004,5553503.5199999996],[7437083.6600000001,5553509.4100000001],[7437082.3899999997,5553554.8599999994],[7437082.8200000003,5553600.6099999994],[7437083.1299999999,5553630.5800000001],[7437081.6299999999,5553660.8000000007],[7437079.4699999997,5553682.8100000005],[7437078.29,5553692.5999999996],[7437076.8399999999,5553699.0800000001],[7437075.6200000001,5553715.1999999993],[7437076.2999999998,5553716.6899999995],[7437075.2400000002,5553721.6799999997],[7437070.2800000003,5553727.8100000005],[7437064.3099999996,5553743.5999999996],[7437032.7199999997,5553757.6099999994],[7437014.7599999998,5553763.4600000009],[7436997.1799999997,5553768.9399999995],[7436972.4000000004,5553773.8300000001],[7436962.6600000001,5553780.1899999995],[7436952.1299999999,5553769.8599999994],[7436950.3600000003,5553766.75],[7436919.0700000003,5553726.2699999996],[7436918.8399999999,5553726.4499999993],[7436890.8399999999,5553758.3300000001],[7436882.2300000004,5553768.4600000009],[7436876.6600000001,5553774.8800000008],[7436869.7000000002,5553782.3499999996],[7436855.3399999999,5553785.6199999992],[7436838.0599999996,5553788.3599999994],[7436807.8200000003,5553794.9299999997],[7436775.4000000004,5553796.7599999998],[7436751.3300000001,5553800.2400000002],[7436730.0899999999,5553803.8399999999],[7436710.4699999997,5553806.5899999999],[7436697.1699999999,5553807.7799999993],[7436653.6399999997,5553807.8599999994],[7436630.0300000003,5553807.0600000005],[7436607.2599999998,5553805.0099999998],[7436595.4199999999,5553804.5600000005],[7436580.79,5553803.6899999995],[7436565.46,5553802.9700000007],[7436551.8300000001,5553803.6799999997],[7436534.5899999999,5553803.2799999993],[7436524.1399999997,5553802.3100000005],[7436503.8099999996,5553801.6300000008],[7436488.5899999999,5553801.1400000006],[7436475.1399999997,5553800.75],[7436468.2999999998,5553800.5500000007],[7436450.75,5553800.0399999991],[7436446.7699999996,5553755.75],[7436434,5553757.0800000001],[7436378.2599999998,5553762.9000000004],[7436342.4000000004,5553766.7200000007],[7436319.7000000002,5553769.8000000007],[7436318.1100000003,5553769.9900000002],[7436314.5300000003,5553770.5099999998],[7436317.71,5553776.8200000003],[7436313.8700000001,5553776.6600000001],[7436308.6299999999,5553776.8200000003],[7436277.3200000003,5553780.4399999995],[7436274.0300000003,5553780.8200000003],[7436243.0199999996,5553783.4199999999],[7436234.3399999999,5553784.4600000009],[7436225.3200000003,5553786.7599999998],[7436213.21,5553791.2899999991],[7436198.8300000001,5553795.7599999998],[7436193.8600000003,5553797.3399999999],[7436162.7400000002,5553807.2200000007],[7436158.0499999998,5553808.7100000009],[7436118.2699999996,5553822.3100000005],[7436076.25,5553835.6799999997],[7436050.3300000001,5553845.5500000007],[7436023.9000000004,5553854.2300000004],[7436018.79,5553855.3300000001],[7436004.6399999997,5553859.3800000008],[7435976.7400000002,5553869.3399999999],[7435899.8200000003,5553895.0299999993],[7435838.7199999997,5553916.0299999993],[7435780.04,5553936.2599999998],[7435743.5,5553949.5099999998],[7435736.3499999996,5553952.0999999996],[7435696.8499999996,5553965.2799999993],[7435660.5199999996,5553977.6199999992],[7435622.3600000003,5553990.5800000001],[7435590.3899999997,5554001.5299999993],[7435559.9900000002,5554012.1500000004],[7435534.5999999996,5554021.0399999991],[7435513.9000000004,5554028.25],[7435504.5300000003,5554031.1099999994],[7435504.6500000004,5554031.7400000002],[7435499.5099999998,5554032.5199999996],[7435485.3099999996,5554037.3699999992],[7435438.0800000001,5554052.8499999996],[7435437.7300000004,5554052.9600000009],[7435431.4400000004,5554055.3100000005],[7435416.6399999997,5554060.9199999999],[7435399.0499999998,5554067.7599999998],[7435395.4500000002,5554069.7899999991],[7435394.9500000002,5554069.8399999999],[7435393.75,5554070.4800000004],[7435375.6799999997,5554080.0199999996],[7435370.6600000001,5554085.7200000007],[7435362.2699999996,5554081.7899999991],[7435363.6299999999,5554076.2899999991],[7435364.04,5554075.5999999996],[7435358.6399999997,5554047.2799999993],[7435357.3799999999,5554041.0800000001],[7435356.2599999998,5554036.7899999991],[7435353.8200000003,5554027.5399999991],[7435341.5300000003,5553998.9700000007],[7435340.3700000001,5553996.2699999996],[7435331.25,5553981.4199999999],[7435324.3399999999,5553972.8699999992],[7435318.0999999996,5553965.1400000006],[7435308.3600000003,5553946.3300000001],[7435300.6900000004,5553931.5500000007],[7435289.21,5553909.3900000006],[7435287.6799999997,5553906.5800000001],[7435272.1100000003,5553875.3599999994],[7435263.6399999997,5553854.9499999993],[7435243.3399999999,5553807.0899999999],[7435237.6500000004,5553791.9900000002],[7435229.8899999997,5553771.9499999993],[7435221.96,5553748.4700000007],[7435217.1299999999,5553725.6099999994],[7435216.5199999996,5553714.6899999995],[7435215.7999999998,5553701.7699999996],[7435213.8200000003,5553681.1999999993],[7435214.2300000004,5553667.0500000007],[7435214.1299999999,5553654.5700000003],[7435214.1399999997,5553640.75],[7435213.7599999998,5553618.3399999999],[7435212.3099999996,5553580.9499999993],[7435204.9699999997,5553578.8699999992],[7435189.4699999997,5553574.0999999996],[7435180.1399999997,5553571.0999999996],[7435169.2999999998,5553567.2200000007],[7435160.0999999996,5553564.3100000005],[7435146.6600000001,5553559.1099999994],[7435127.5199999996,5553552.0600000005],[7435117.2400000002,5553548.3300000001],[7435108.3300000001,5553545.0999999996],[7435097.21,5553540.9199999999],[7435090.6299999999,5553538.1300000008],[7435086.4800000004,5553535.8300000001],[7435085.4000000004,5553535.2699999996],[7435073.6500000004,5553529.5700000003],[7435066.4299999997,5553526.0600000005],[7435064.2800000003,5553525.2899999991],[7435054.7999999998,5553520.5299999993],[7435049.21,5553517.6300000008],[7435043.1799999997,5553514.3399999999],[7435031.7699999996,5553509.0199999996],[7435020.5599999996,5553503.6600000001],[7435007.04,5553497.5600000005],[7434997.7599999998,5553493.6099999994],[7434989.6500000004,5553489.7699999996],[7434989.4000000004,5553489.6699999999],[7434983.0499999998,5553487.1300000008],[7434973.4400000004,5553483.1699999999],[7434954.79,5553475.3699999992],[7434946.3200000003,5553472.2100000009],[7434932.9699999997,5553467.0600000005],[7434923.8099999996,5553464.0600000005],[7434911.6100000003,5553460.0800000001],[7434902.2800000003,5553457.6500000004],[7434896.7400000002,5553456.0700000003],[7434889.9199999999,5553454.3100000005],[7434881.2300000004,5553452.3300000001],[7434874.2800000003,5553450.9900000002],[7434867.8499999996,5553449.3800000008],[7434861.6299999999,5553447.9700000007],[7434853.4299999997,5553446.6400000006],[7434847.7599999998,5553445.9600000009],[7434845.1900000004,5553445.1699999999],[7434835.8600000003,5553443.9199999999],[7434818.21,5553441.7100000009],[7434803.8700000001,5553439.4299999997],[7434786.29,5553437.7300000004],[7434784.4400000004,5553437.8800000008],[7434783.7199999997,5553431.6400000006],[7434781.8700000001,5553415.8399999999],[7434781.5899999999,5553410.1099999994],[7434780.2599999998,5553382.4800000004],[7434780,5553355.4600000009],[7434779.0800000001,5553342.3900000006],[7434778.8799999999,5553328.5099999998],[7434776.9800000004,5553299.1600000001],[7434775.2000000002,5553278.5],[7434773.2800000003,5553256.8100000005],[7434771.2400000002,5553235.8499999996],[7434770.0899999999,5553219.1099999994],[7434766.8300000001,5553209.0500000007],[7434763.4699999997,5553208.6699999999],[7434755.1900000004,5553203.9299999997],[7434749.9100000001,5553203.6999999993],[7434743.2699999996,5553203.8800000008],[7434734.6299999999,5553204.3900000006],[7434724.29,5553207.6699999999],[7434704.9400000004,5553212.2899999991],[7434687.3399999999,5553216.2799999993],[7434676.4900000002,5553218.5099999998],[7434662.9699999997,5553220.4299999997],[7434654.9000000004,5553220.6699999999],[7434622.8700000001,5553223.4499999993],[7434616.4199999999,5553223.9000000004],[7434613.6900000004,5553223.9399999995],[7434591.5499999998,5553224.2899999991],[7434579.1200000001,5553225.3399999999],[7434550.5199999996,5553211.4700000007],[7434544.8799999999,5553207.9000000004],[7434540.7000000002,5553205.4800000004],[7434536,5553202.8699999992],[7434531.71,5553201.3499999996],[7434530.4199999999,5553201.0800000001],[7434525.6399999997,5553198.5199999996],[7434518.7599999998,5553196.1799999997],[7434509.5,5553192.5899999999],[7434506.4800000004,5553190.4900000002],[7434504.6600000001,5553189.2300000004],[7434504.8099999996,5553185.0600000005],[7434504.7199999997,5553183.6600000001],[7434504.5499999998,5553180.4100000001],[7434504.6399999997,5553173.7200000007],[7434504.3300000001,5553165.6500000004],[7434504.2699999996,5553163.0800000001],[7434504.1500000004,5553158.8599999994],[7434503.96,5553152.3599999994],[7434503.3899999997,5553146.1400000006],[7434502.9699999997,5553142.0999999996],[7434502.2699999996,5553134.9700000007],[7434499.9100000001,5553115.5],[7434498.96,5553108.8499999996],[7434497.2300000004,5553097.6699999999],[7434495.7699999996,5553088.5399999991],[7434494.9699999997,5553084.9700000007],[7434493.8200000003,5553081.5],[7434492.04,5553077.6699999999],[7434490.4299999997,5553073.9100000001],[7434487.9900000002,5553069.3200000003],[7434485.5599999996,5553065.8699999992],[7434481.4000000004,5553059.2699999996],[7434476.9699999997,5553053.6300000008],[7434470.9800000004,5553046.5600000005],[7434463.6299999999,5553038.9199999999],[7434461.9400000004,5553036.0999999996],[7434447.8399999999,5553033.0700000003],[7434442.5700000003,5553031.2300000004],[7434437.9400000004,5553031.3000000007],[7434409.8799999999,5553028.7400000002],[7434395.3700000001,5553027.6899999995],[7434377.1500000004,5553025.5],[7434359.6399999997,5553023.1799999997],[7434332.5499999998,5553015.3000000007],[7434322.7000000002,5553011.3499999996],[7434310.4199999999,5553004.8499999996],[7434299.1900000004,5552995.6999999993],[7434291.3099999996,5552984.2799999993],[7434264.0300000003,5552971.5500000007],[7434251.9400000004,5552965.9100000001],[7434237.0499999998,5552959.1300000008],[7434217.5700000003,5552949.9399999995],[7434215.0800000001,5552948.6999999993],[7434190.8099999996,5552936.4199999999],[7434171.4699999997,5552926.3200000003],[7434161.3300000001,5552921.1799999997],[7434146.6799999997,5552914.5899999999],[7434143.8399999999,5552913.1999999993],[7434133.6399999997,5552907.6400000006],[7434126.3499999996,5552903.5099999998],[7434118.4400000004,5552899.0299999993],[7434106.6100000003,5552892.1999999993],[7434095.7199999997,5552885.5600000005],[7434090.5700000003,5552881.6999999993],[7434090.0300000003,5552881.3499999996],[7434085.2699999996,5552878.4800000004],[7434085.0700000003,5552878.4499999993],[7434080.3399999999,5552876.3300000001],[7434077.75,5552875.1400000006],[7434075.7000000002,5552875.2899999991],[7434070.1900000004,5552872.9299999997],[7434069.9199999999,5552872.7599999998],[7434062.1900000004,5552872.1400000006],[7434056,5552871.0399999991],[7434054.3600000003,5552870.5],[7434054,5552870.7599999998],[7434044.8099999996,5552870.0800000001],[7434044.6500000004,5552870.1300000008],[7434037.9299999997,5552869.6099999994],[7434026.1399999997,5552868.4600000009],[7434016.1200000001,5552867.4100000001],[7434008.1900000004,5552866.3399999999],[7434002.0099999998,5552865.1099999994],[7434001.4400000004,5552865],[7433999.29,5552864.5800000001],[7433993.3600000003,5552870.6899999995],[7433990.9500000002,5552873.0899999999],[7433987.6500000004,5552877.5299999993],[7433978.7800000003,5552889.4900000002],[7433976.5300000003,5552892.6600000001],[7433967.3600000003,5552906.6300000008],[7433967.0099999998,5552907.2400000002],[7433961.9299999997,5552915.9600000009],[7433958.3099999996,5552922.2599999998],[7433957.0300000003,5552924.3900000006],[7433946.3099999996,5552944.1400000006],[7433943.2199999997,5552949.4800000004],[7433932.1500000004,5552964.0800000001],[7433924.9299999997,5552972.8300000001],[7433922.7599999998,5552974.2699999996],[7433913.5599999996,5552981.5700000003],[7433905.3899999997,5552987.0700000003],[7433889.4299999997,5552996.9000000004],[7433885.5899999999,5552998.9600000009],[7433876.8799999999,5553004.5399999991],[7433875.1200000001,5553005.7599999998],[7433872.9199999999,5553007.2799999993],[7433882.3099999996,5553019.8599999994],[7433888.6699999999,5553028.5099999998],[7433893.0499999998,5553035.5399999991],[7433898.4299999997,5553040.5299999993],[7433898.71,5553040.7799999993],[7433904.3700000001,5553047.5199999996],[7433906.8300000001,5553051.3699999992],[7433915.6600000001,5553063.4399999995],[7433924.71,5553076.2200000007],[7433933.8099999996,5553090.6799999997],[7433940.75,5553099.8599999994],[7433951.4299999997,5553113.5299999993],[7433956.0700000003,5553119.3399999999],[7433961.54,5553126.1699999999],[7433970.0999999996,5553138.9299999997],[7433979.04,5553151.5700000003],[7433987.7000000002,5553162.6500000004],[7433988.5700000003,5553163.8300000001],[7433997.75,5553176.2100000009],[7434002.8700000001,5553184.3200000003],[7434003.6100000003,5553185.8800000008],[7434006.5899999999,5553190.4499999993],[7434008.29,5553193.0700000003],[7434014.2800000003,5553203.9399999995],[7434018.3899999997,5553212.0399999991],[7434020.1200000001,5553214.7799999993],[7434022.5099999998,5553218.5600000005],[7434028.3300000001,5553228.0299999993],[7434032.8399999999,5553233.9299999997],[7434040.7000000002,5553243.5199999996],[7434048.5899999999,5553250.8900000006],[7434053.1900000004,5553254.8200000003],[7434054.5499999998,5553255.9700000007],[7434062.8200000003,5553262.1199999992],[7434071.4800000004,5553268.1300000008],[7434075.3700000001,5553270.6199999992],[7434078.2300000004,5553273.7699999996],[7434083.0700000003,5553276.8200000003],[7434086.7199999997,5553277.8900000006],[7434087.6799999997,5553278.1699999999],[7434096.8700000001,5553282.7699999996],[7434097.5700000003,5553282.6600000001],[7434100.7300000004,5553284.0800000001],[7434103.75,5553287.1400000006],[7434106.3799999999,5553291.2200000007],[7434110.8799999999,5553296.7100000009],[7434125.21,5553312.8800000008],[7434127.9900000002,5553316.4399999995],[7434129.2300000004,5553319.2400000002],[7434130.4500000002,5553322.2200000007],[7434127.6100000003,5553325.5500000007],[7434124.9699999997,5553328.5199999996],[7434116.9400000004,5553333.6600000001],[7434102.2699999996,5553342.3900000006],[7434089.4699999997,5553347.9600000009],[7434078.5499999998,5553352.2799999993],[7434076.71,5553353.3000000007],[7434068.71,5553355.5099999998],[7434064.8899999997,5553356.5399999991],[7434052.8600000003,5553359.6500000004],[7434044.7300000004,5553361.6899999995],[7434034.1399999997,5553364.2300000004],[7434021.8499999996,5553367.0500000007],[7434006.7400000002,5553370.8300000001],[7433990,5553375.2200000007],[7433983.7999999998,5553376.7899999991],[7433981.5199999996,5553377.6500000004],[7433975.1100000003,5553380.0500000007],[7433965.3099999996,5553383.0800000001],[7433956.79,5553386.0600000005],[7433951.7400000002,5553389.1799999997],[7433946.7300000004,5553392.2799999993],[7433910.8899999997,5553388.3000000007],[7433888.4699999997,5553385.5600000005],[7433877.5300000003,5553384.3100000005],[7433859.8499999996,5553383.0500000007],[7433844.6399999997,5553381.7899999991],[7433843.8499999996,5553381.9199999999],[7433830.0999999996,5553379.8100000005],[7433811.9000000004,5553377.9000000004],[7433790.5099999998,5553374.8100000005],[7433783.71,5553374.0600000005],[7433771.75,5553372.6300000008],[7433763.6299999999,5553372.6500000004],[7433760.2400000002,5553372.0600000005],[7433738.0800000001,5553370.4299999997],[7433721.1900000004,5553369.1500000004],[7433708.3200000003,5553368.4399999995],[7433692.5199999996,5553368.2400000002],[7433676.6299999999,5553368.6899999995],[7433658.8799999999,5553369.6400000006],[7433634.7999999998,5553370.0500000007],[7433626.3200000003,5553369.9700000007],[7433607.7000000002,5553369.3399999999],[7433590.5099999998,5553369.3699999992],[7433573.1399999997,5553370.0700000003],[7433545.25,5553371.4499999993],[7433524.8200000003,5553372.6400000006],[7433515.54,5553373.5999999996],[7433503.1799999997,5553373.4399999995],[7433503.4800000004,5553379.9399999995],[7433502.2599999998,5553399.8200000003],[7433501.6500000004,5553416.8000000007],[7433500.0300000003,5553432.1699999999],[7433500.5099999998,5553435.3200000003],[7433500.1399999997,5553443.7899999991],[7433499.2999999998,5553469.3100000005],[7433498.79,5553485.4199999999],[7433498.2199999997,5553497.0700000003],[7433497.9000000004,5553505.6899999995],[7433497.1500000004,5553505.8699999992],[7433476.96,5553506.3499999996],[7433457.2800000003,5553506.4100000001],[7433437.9199999999,5553507.5399999991],[7433418.8099999996,5553508.6300000008],[7433405.3700000001,5553510.4100000001],[7433394.04,5553511.9199999999],[7433382.1399999997,5553513.5999999996],[7433365.2400000002,5553515.4299999997],[7433352.9000000004,5553515.9000000004],[7433339.1500000004,5553516.6999999993],[7433321.8499999996,5553517.9900000002],[7433309.4699999997,5553518.5800000001],[7433294.5999999996,5553518.4499999993],[7433283.9500000002,5553518.6300000008],[7433275.1399999997,5553518.6300000008],[7433251.7400000002,5553516.0999999996],[7433243.1500000004,5553514.4499999993],[7433231.9299999997,5553511.8300000001],[7433219.9199999999,5553508.3000000007],[7433206.2300000004,5553504.1300000008],[7433185.5800000001,5553496.5399999991],[7433174.9800000004,5553492.2599999998],[7433161.1100000003,5553488.5299999993],[7433159.7599999998,5553488.1600000001],[7433139.4699999997,5553482.0600000005],[7433122.4100000001,5553477.3399999999],[7433118.9299999997,5553476.6199999992],[7433110.0099999998,5553474.7699999996],[7433099.9400000004,5553472.2200000007],[7433083.4199999999,5553467.6199999992],[7433064.7999999998,5553462.9399999995],[7433044.04,5553457.1999999993],[7433036.6399999997,5553456.3000000007],[7433031.3700000001,5553455.6500000004],[7433021.6600000001,5553455.1600000001],[7433010.7400000002,5553456.9000000004],[7432994.4400000004,5553458.6099999994],[7432985,5553458.5999999996],[7432975.6699999999,5553458.5399999991],[7432966.5099999998,5553458.9600000009],[7432955.3600000003,5553460.4000000004],[7432951.25,5553461.0500000007],[7432944.9299999997,5553462.0399999991],[7432938.4199999999,5553463.8800000008],[7432925.3099999996,5553465.8300000001],[7432911.1399999997,5553467.4900000002],[7432898.5899999999,5553468.1300000008],[7432884.2300000004,5553468.8399999999],[7432899.1399999997,5553550.4299999997],[7432861.2199999997,5553559.0800000001],[7432858.79,5553559.6300000008],[7432853.0999999996,5553560.2200000007],[7432845.7800000003,5553562.0700000003],[7432832.6900000004,5553565.3200000003],[7432817.0199999996,5553568.6099999994],[7432809.1600000001,5553570.3100000005],[7432801.6900000004,5553572.9700000007],[7432794.4199999999,5553575.1899999995],[7432788.1799999997,5553576.1300000008],[7432782.0599999996,5553575.7699999996],[7432771.8799999999,5553575],[7432770.1399999997,5553573.4499999993],[7432751.8799999999,5553575.5999999996],[7432747.5199999996,5553577.0500000007],[7432734.9000000004,5553579.9499999993],[7432722.7300000004,5553581.5700000003],[7432715.04,5553581.75],[7432706.71,5553582.1300000008],[7432663.3200000003,5553601.4499999993],[7432656.0599999996,5553582.2100000009],[7432648.8399999999,5553560.0899999999],[7432644.4299999997,5553546.7699999996],[7432642.04,5553542.3399999999],[7432637.9400000004,5553532.4499999993],[7432628.5800000001,5553509.0500000007],[7432629.3499999996,5553504.9399999995],[7432631.8499999996,5553500.5099999998],[7432632.9000000004,5553495.4600000009],[7432614.8600000003,5553480.4600000009],[7432607.4800000004,5553472.6199999992],[7432589.7999999998,5553449.3699999992],[7432564.25,5553425.7899999991],[7432555.8099999996,5553417.1600000001],[7432545.9100000001,5553407.3000000007],[7432542.8799999999,5553403.8499999996],[7432533.71,5553392.5999999996],[7432523.4699999997,5553380.5800000001],[7432513.7400000002,5553370.5999999996],[7432502.6100000003,5553369.2100000009],[7432500.3700000001,5553373.3300000001],[7432497.9400000004,5553374.3000000007],[7432488.6500000004,5553377.5399999991],[7432484.04,5553379.1400000006],[7432482.4199999999,5553378.7100000009],[7432474.21,5553376.5199999996],[7432467.0199999996,5553374.6199999992],[7432452.04,5553371.2300000004],[7432450.8099999996,5553370.2799999993],[7432449.0999999996,5553370.4800000004],[7432446.2400000002,5553370.3200000003],[7432438.6600000001,5553375.1500000004],[7432426.9500000002,5553378.9600000009],[7432419.1500000004,5553384.0099999998],[7432415.1500000004,5553390.0299999993],[7432412.6299999999,5553391.3100000005],[7432409.3899999997,5553392.9600000009],[7432390.9199999999,5553399.6699999999],[7432384.6500000004,5553404.4299999997],[7432377.0800000001,5553404.1500000004],[7432370.6399999997,5553402.9700000007],[7432356.7999999998,5553397.8900000006],[7432352.1299999999,5553397.25],[7432343.3300000001,5553398.3800000008],[7432332.1299999999,5553401.2300000004],[7432319.9199999999,5553399.1400000006],[7432304.7300000004,5553397.8699999992],[7432307.6399999997,5553390.3000000007],[7432297.5,5553384.8200000003],[7432292.5599999996,5553381.8800000008],[7432288.0300000003,5553378.6400000006],[7432281.7400000002,5553374.0800000001],[7432274.5199999996,5553368.6300000008],[7432273.1699999999,5553366.9700000007],[7432267.8600000003,5553360.4399999995],[7432258.7699999996,5553350.3900000006],[7432253.7000000002,5553343.3200000003],[7432246.6600000001,5553334.3300000001],[7432239.0599999996,5553325.5399999991],[7432233.3099999996,5553316.9100000001],[7432232.0300000003,5553314.2200000007],[7432228.3700000001,5553306.5199999996],[7432228.2199999997,5553306.1999999993],[7432227.9199999999,5553305.5800000001],[7432225.8300000001,5553300.0399999991],[7432225.3399999999,5553298.1799999997],[7432224.2999999998,5553294.3000000007],[7432223.6299999999,5553288.1600000001],[7432220.2199999997,5553281.7799999993],[7432216.29,5553273.2200000007],[7432214.6200000001,5553269.5700000003],[7432208.6600000001,5553259.3800000008],[7432206.4000000004,5553248.0299999993],[7432205.79,5553244.0500000007],[7432201.3499999996,5553222.6799999997],[7432207.8700000001,5553182.6699999999],[7432199.1900000004,5553180.6899999995],[7432191.75,5553178.9900000002],[7432184.8200000003,5553156.5600000005],[7432140.6600000001,5553189.5999999996],[7432103.9900000002,5553219.1300000008],[7432085.0199999996,5553199.0399999991],[7432077.3899999997,5553191.2699999996],[7432127.2699999996,5553148.3399999999],[7432105.4199999999,5553118.0600000005],[7432098.8899999997,5553116.7300000004],[7432092.9000000004,5553116.4299999997],[7432085.54,5553117.1099999994],[7432079.1500000004,5553117.8100000005],[7432065.5300000003,5553117.9700000007],[7432056.8700000001,5553114.7599999998],[7432042.3700000001,5553093.0899999999],[7432035.8700000001,5553083.6799999997],[7432015.0499999998,5553067.1899999995],[7431997.25,5553058.2300000004],[7431991.8600000003,5553054.9800000004],[7431983.8200000003,5553053.7200000007],[7431971.4800000004,5553051.1999999993],[7431929.7999999998,5553051.8699999992],[7431905.2199999997,5553051.6699999999],[7431895.5800000001,5553051.5899999999],[7431880.9000000004,5553049.9700000007],[7431867.3300000001,5553044.75],[7431860.4199999999,5553039.6799999997],[7431830.9400000004,5553013.5099999998],[7431824.8700000001,5553024.4600000009],[7431806.5,5553057.7899999991],[7431797.7699999996,5553078.6300000008],[7431792.1299999999,5553080.25],[7431785.8700000001,5553095.1899999995],[7431777.0999999996,5553116.1300000008],[7431764.6299999999,5553145.8800000008],[7431734.3300000001,5553206.3200000003],[7431727.5099999998,5553219.8200000003],[7431711.9800000004,5553199.6699999999],[7431710.9000000004,5553198.2599999998],[7431672.0599999996,5553127.5099999998],[7431671.21,5553128.0800000001],[7431635.9199999999,5553168.8000000007],[7431635.3099999996,5553169.5899999999],[7431598.7999999998,5553227.1300000008],[7431597.4800000004,5553228.7400000002],[7431593.8700000001,5553233.1400000006],[7431583.0800000001,5553252.9800000004],[7431577.8799999999,5553260.9399999995],[7431566.0700000003,5553278.4199999999],[7431565.3499999996,5553279.6199999992],[7431558.04,5553291.8399999999],[7431550.1900000004,5553303.7699999996],[7431536.6500000004,5553323.4399999995],[7431532.3399999999,5553330.8300000001],[7431527.0300000003,5553340],[7431518.2699999996,5553356.4499999993],[7431510.7599999998,5553370.9199999999],[7431506.5300000003,5553379.4900000002],[7431498.3399999999,5553395.6799999997],[7431493.6200000001,5553406.4600000009],[7431490.21,5553415.1199999992],[7431486.46,5553426.1099999994],[7431483.7800000003,5553437.1799999997],[7431481.7300000004,5553445.7200000007],[7431480.4000000004,5553455.1500000004],[7431479.6500000004,5553462.5800000001],[7431477.3799999999,5553482.2599999998],[7431451.5999999996,5553479.6899999995],[7431428.8899999997,5553477.1099999994],[7431406.4800000004,5553474.9700000007],[7431376.8399999999,5553472.2400000002],[7431360.8799999999,5553470.6799999997],[7431340.3399999999,5553468.4900000002],[7431320.5599999996,5553465.9399999995],[7431306.9500000002,5553462.8499999996],[7431287.1200000001,5553459.0800000001],[7431266.8499999996,5553455.2799999993],[7431252.3399999999,5553451.9499999993],[7431236.0700000003,5553448.0199999996],[7431220.0800000001,5553442.3399999999],[7431204.3200000003,5553437.9199999999],[7431199.1299999999,5553435.9100000001],[7431174.46,5553426.3599999994],[7431173.8200000003,5553428.0099999998],[7431161.79,5553423.7400000002],[7431152.2699999996,5553419.3000000007],[7431143.46,5553414.3599999994],[7431139.3499999996,5553411.4199999999],[7431135.2699999996,5553407.8800000008],[7431130.8899999997,5553403.6500000004],[7431127.2300000004,5553398.9900000002],[7431124.7300000004,5553394.5199999996],[7431123.4500000002,5553390.9900000002],[7431122.9900000002,5553387.4000000004],[7431122.6699999999,5553379.9800000004],[7431123.0199999996,5553372.9399999995],[7431123.7800000003,5553364.7899999991],[7431123.8399999999,5553358.8200000003],[7431134.9900000002,5553307.3800000008],[7431133.3600000003,5553296.5700000003],[7431132.7199999997,5553291.4600000009],[7431131.3799999999,5553285.3699999992],[7431129.9199999999,5553279.3800000008],[7431128.29,5553274.1999999993],[7431126.4000000004,5553268.5600000005],[7431123.9000000004,5553261.7100000009],[7431118.3399999999,5553246.4399999995],[7431116.2599999998,5553241.8499999996],[7431108.8399999999,5553225.6300000008],[7431105.0199999996,5553218.9299999997],[7431101.5199999996,5553214.2200000007],[7431096.0700000003,5553207.7400000002],[7431093.1500000004,5553204.3800000008],[7431080.1299999999,5553193.1500000004],[7431069.6100000003,5553184.3399999999],[7431068.6200000001,5553183.3399999999],[7431065.4100000001,5553180.0700000003],[7431061.25,5553174.6300000008],[7431058.2000000002,5553168.9199999999],[7431056.1100000003,5553163.75],[7431049.9000000004,5553145.4000000004],[7431049.9699999997,5553118.5],[7431044.7300000004,5553117.6799999997],[7431028.4000000004,5553113.4299999997],[7431009.0999999996,5553107.1400000006],[7430998.54,5553102.7599999998],[7430995.21,5553101],[7430993.8799999999,5553099.8399999999],[7431000.3600000003,5553070.1300000008],[7431008.3899999997,5553038.5999999996],[7431013.2300000004,5553021.0099999998],[7431018.71,5553002.8699999992],[7431022.9500000002,5552988.4600000009],[7431026.1500000004,5552975.0999999996],[7431028.6600000001,5552962.1500000004],[7431032.6200000001,5552946.1400000006],[7431007.0800000001,5552941.9700000007],[7430988.6399999997,5552940.1400000006],[7430941.5300000003,5552934.1799999997],[7430939.7800000003,5552940.8699999992],[7430911.7400000002,5552932.1199999992],[7430921.1399999997,5552898.3699999992],[7430938,5552847.6999999993],[7430942.3300000001,5552831.4700000007],[7430951.6500000004,5552796.4000000004],[7430961.7000000002,5552764.6400000006],[7430973.3300000001,5552725.2699999996],[7430975.6100000003,5552717.5999999996],[7430985.5199999996,5552701.8800000008],[7430989.5199999996,5552694.9900000002],[7431000.5099999998,5552669.2200000007],[7431010.8099999996,5552641.0600000005],[7431011.8099999996,5552639.4900000002],[7431064.3700000001,5552648.7899999991],[7431078.7699999996,5552639.75],[7431099.5599999996,5552626.7200000007],[7431120.0800000001,5552614.3699999992],[7431152.54,5552625.6899999995],[7431161.25,5552613.4399999995],[7431166.2699999996,5552602.9299999997],[7431166.4699999997,5552593.2300000004],[7431164.7800000003,5552587.8599999994],[7431160.7300000004,5552579.1899999995],[7431157.4400000004,5552573.9499999993],[7431153.2800000003,5552568.0800000001],[7431151.8499999996,5552566.6199999992],[7431142.3099999996,5552562.8699999992],[7431104.3099999996,5552544.3000000007],[7431090.7800000003,5552537.6099999994],[7431062.5700000003,5552527.3200000003],[7431049.6699999999,5552522.7599999998],[7431008.7199999997,5552511.6199999992],[7430962.5700000003,5552500.5899999999],[7430928.9100000001,5552490.4100000001],[7430872.7400000002,5552476.6699999999],[7430870.3899999997,5552475.2200000007],[7430845.54,5552467.9299999997],[7430845.6399999997,5552467.5299999993],[7430848.6699999999,5552455.0199999996],[7430846.0199999996,5552454.2400000002],[7430847.46,5552447.5899999999],[7430853.7199999997,5552425.7100000009],[7430859.5300000003,5552411.2899999991],[7430863.7400000002,5552398.6899999995],[7430871.5499999998,5552388.5899999999],[7430879.1100000003,5552376.8000000007],[7430883,5552370.2100000009],[7430886.46,5552362.1899999995],[7430890.0999999996,5552350.3100000005],[7430894.0700000003,5552342.4000000004],[7430898.1100000003,5552328.0700000003],[7430906.54,5552310.4800000004],[7430904.4699999997,5552305.0299999993],[7430910.1100000003,5552296.0500000007],[7430915.6600000001,5552281.6099999994],[7430925.3600000003,5552262.0700000003],[7430927.8099999996,5552258.3399999999],[7430938.6100000003,5552242.4800000004],[7430937.1399999997,5552238.4100000001],[7430936.0599999996,5552235.0199999996],[7430935.04,5552231.0600000005],[7430934.4699999997,5552228.1300000008],[7430933.46,5552224.1199999992],[7430931.3899999997,5552219.3100000005],[7430929.7699999996,5552216.0299999993],[7430927.0300000003,5552211.3399999999],[7430921.3099999996,5552202.9499999993],[7430910.4299999997,5552200.9100000001],[7430909.2000000002,5552200.4199999999],[7430907.3899999997,5552199.7699999996],[7430904.8700000001,5552198.9700000007],[7430902.25,5552198.4700000007],[7430899.4500000002,5552198.2799999993],[7430897.29,5552198.6099999994],[7430895.4500000002,5552198.9900000002],[7430894.3899999997,5552198.7300000004],[7430893.5599999996,5552198.1600000001],[7430892.7300000004,5552197.2899999991],[7430890.5499999998,5552188.5800000001],[7430883.1100000003,5552175.4100000001],[7430880.4199999999,5552167.0999999996],[7430879.5099999998,5552165.0999999996],[7430878.4800000004,5552163.7599999998],[7430877.2199999997,5552162.7799999993],[7430873.5499999998,5552160.4600000009],[7430868.3700000001,5552149.2400000002],[7430865.6399999997,5552144.3599999994],[7430861.0099999998,5552133.0199999996],[7430855.8799999999,5552122.7899999991],[7430855.8899999997,5552120.9600000009],[7430855.5300000003,5552119.8699999992],[7430854.5499999998,5552118.5],[7430855.1600000001,5552117.8499999996],[7430855.4400000004,5552116.3399999999],[7430855.2999999998,5552114.9600000009],[7430854.21,5552112.9499999993],[7430850.1399999997,5552109.4000000004],[7430849.2000000002,5552108.2200000007],[7430847.6500000004,5552106.4100000001],[7430845.9900000002,5552104.25],[7430844.04,5552102.8399999999],[7430841.5899999999,5552101.1500000004],[7430839.8099999996,5552099.6600000001],[7430838.1200000001,5552097.3200000003],[7430836.7599999998,5552093.9199999999],[7430832.2300000004,5552078.2100000009],[7430831.2699999996,5552075.0500000007],[7430829.75,5552071.2899999991],[7430827.9699999997,5552066.2599999998],[7430824.6299999999,5552058.3699999992],[7430815.2800000003,5552042.4000000004],[7430809.1500000004,5552031.6400000006],[7430802.7400000002,5552019.8300000001],[7430797.7300000004,5552010.0500000007],[7430793.6500000004,5552004.0099999998],[7430785.5700000003,5551979.0199999996],[7430782.5199999996,5551973.4600000009],[7430780.4299999997,5551970.4800000004],[7430778.3799999999,5551967.9100000001],[7430775.3499999996,5551965.1099999994],[7430771.21,5551960.9499999993],[7430767.4699999997,5551956.75],[7430765.1399999997,5551953.3599999994],[7430761.7300000004,5551947.4299999997],[7430756.9199999999,5551939.6199999992],[7430754.6399999997,5551937.3000000007],[7430751.7800000003,5551934.8300000001],[7430748.5199999996,5551932.3000000007],[7430745.8200000003,5551930.2899999991],[7430742.0999999996,5551928.2400000002],[7430739.46,5551927.0199999996],[7430737.0700000003,5551926.3100000005],[7430734.6200000001,5551926.0399999991],[7430732.4800000004,5551926.0199999996],[7430729.6600000001,5551926.1300000008],[7430727.1600000001,5551926.1300000008],[7430722.7199999997,5551926.5099999998],[7430707.1399999997,5551928.6799999997],[7430688.8499999996,5551929.4100000001],[7430684.04,5551930.3000000007],[7430680.3899999997,5551931.2100000009],[7430675.5700000003,5551932.0999999996],[7430672.8799999999,5551932.4499999993],[7430669.6200000001,5551932.4700000007],[7430667.7000000002,5551931.9299999997],[7430664.7400000002,5551930.9399999995],[7430662.1900000004,5551929.5600000005],[7430660.29,5551927.3499999996],[7430659.54,5551925.1099999994],[7430658.1600000001,5551923.5299999993],[7430656.4400000004,5551922.5600000005],[7430649.1600000001,5551920.3599999994],[7430641.9400000004,5551915.1999999993],[7430636.8700000001,5551909.0999999996],[7430630.1100000003,5551903.4499999993],[7430623.4500000002,5551895.6699999999],[7430614.0499999998,5551886.4600000009],[7430605.9800000004,5551876.3300000001],[7430593.4000000004,5551859.5],[7430582.9900000002,5551823.5899999999],[7430581.0800000001,5551810.3699999992],[7430589.6799999997,5551779.5899999999],[7430599.04,5551766.8499999996],[7430607.1699999999,5551755.8100000005],[7430609.0800000001,5551752.8599999994],[7430615.9199999999,5551742.3499999996],[7430627.5700000003,5551743.9199999999],[7430651.1500000004,5551741.6199999992],[7430671.25,5551738.4600000009],[7430678.6100000003,5551737.3000000007],[7430681.6299999999,5551735.0399999991],[7430685.04,5551728.1099999994],[7430692.2400000002,5551701.3100000005],[7430703.4199999999,5551686.5199999996],[7430712.2599999998,5551669.9000000004],[7430714.2800000003,5551634.6999999993],[7430713.9900000002,5551628.4199999999],[7430716.1600000001,5551621.9499999993],[7430724.0499999998,5551606.7300000004],[7430730.7999999998,5551595.8699999992],[7430741.04,5551584.7699999996],[7430752.25,5551569.6799999997],[7430754.5300000003,5551560.1199999992],[7430754.25,5551552.6300000008],[7430745.4299999997,5551521.4900000002],[7430751.1200000001,5551499.2100000009],[7430756.8499999996,5551489.2400000002],[7430767.4500000002,5551470.7799999993],[7430777.1299999999,5551447.9399999995],[7430786.3499999996,5551420.0299999993],[7430791.4199999999,5551398.8499999996],[7430780.1399999997,5551383.5299999993],[7430759.3499999996,5551367.3699999992],[7430738.3499999996,5551355.1500000004],[7430703.5999999996,5551346.1999999993],[7430695.4800000004,5551336.4600000009],[7430683.7300000004,5551315.4199999999],[7430679.25,5551311.3900000006],[7430671.1200000001,5551304.1799999997],[7430662.29,5551298.0899999999],[7430654.1600000001,5551293.1600000001],[7430648.6399999997,5551289.0999999996],[7430639.5999999996,5551285.8699999992],[7430612.5099999998,5551281.9800000004],[7430587.7400000002,5551277.8200000003],[7430578.0899999999,5551272.5199999996],[7430573.1299999999,5551262],[7430569.0099999998,5551253.8000000007]]]},"properties":{"objectid":2267742732292,"id_dzielni":17,"nr_dzielni":"XVII","nazwa":"Wzgórza Krzesławickie","nazwa_peln":"Dzielnica XVII Wzgórza Krzesławickie","opis":"UCHWAŁA NR XCIX/1511/14 RADY MIASTA KRAKOWA","powierzchn":23815455,"data_aktua":1396303200000}},{"type":"Feature","id":2267742732293,"geometry":{"type":"Polygon","coordinates":[[[7424662.6200000001,5549960.2400000002],[7424663.7800000003,5549957.5199999996],[7424836.4800000004,5549921.75],[7424888.5700000003,5549910.9000000004],[7424892.0899999999,5549918.3599999994],[7424883.4900000002,5549922.5500000007],[7424886.3899999997,5549927.8599999994],[7424915.3600000003,5549920.0099999998],[7424918.5199999996,5549919.1600000001],[7424919.96,5549918.7699999996],[7424924.0300000003,5549916.8599999994],[7424928.4100000001,5549915],[7424932.7599999998,5549913.4100000001],[7424936.9299999997,5549912.0700000003],[7424941.9900000002,5549910.6300000008],[7424947.2699999996,5549909.3599999994],[7424949.4000000004,5549908.8399999999],[7424984.4199999999,5549899.8699999992],[7424991.2400000002,5549898.1199999992],[7425014.3399999999,5549892.9900000002],[7425015.8600000003,5549892.6600000001],[7425018.0999999996,5549892.1600000001],[7425040.9299999997,5549887.5199999996],[7425060.2400000002,5549883.4000000004],[7425089.6900000004,5549877.4399999995],[7425091.1399999997,5549877.1500000004],[7425092,5549876.9700000007],[7425138.0700000003,5549867.3000000007],[7425180.4400000004,5549857.7599999998],[7425186.0499999998,5549856.5],[7425190.4900000002,5549855.4399999995],[7425193.9199999999,5549854.6199999992],[7425235.2400000002,5549843.3200000003],[7425250.0099999998,5549839.3399999999],[7425270.7999999998,5549835.2300000004],[7425299.5199999996,5549829.5600000005],[7425320.4400000004,5549825.4700000007],[7425326.5999999996,5549823.9499999993],[7425333.3499999996,5549821.2599999998],[7425348.5700000003,5549815.1799999997],[7425355.0800000001,5549812.5800000001],[7425360.8300000001,5549810.3100000005],[7425364.1200000001,5549809.8300000001],[7425364.4400000004,5549810.7799999993],[7425367.8099999996,5549820.8599999994],[7425418.4299999997,5549813.1600000001],[7425420.4299999997,5549812.8499999996],[7425421.6299999999,5549812.6899999995],[7425461.2000000002,5549807.3000000007],[7425485.1799999997,5549803.1099999994],[7425510.8799999999,5549797.7899999991],[7425515.8399999999,5549796.4800000004],[7425529.6600000001,5549790.1500000004],[7425536.3399999999,5549787.0899999999],[7425543.7300000004,5549782.8300000001],[7425571.1600000001,5549767.0099999998],[7425585.6200000001,5549759.9299999997],[7425611.0599999996,5549747.4499999993],[7425616.4500000002,5549744.8000000007],[7425636.4699999997,5549734.9900000002],[7425691.1200000001,5549710.2899999991],[7425710.0700000003,5549701.5600000005],[7425722.3700000001,5549695.8100000005],[7425772.8600000003,5549672.5500000007],[7425810.1299999999,5549655.3800000008],[7425813.4500000002,5549653.8499999996],[7425815.8300000001,5549652.7599999998],[7425817.4299999997,5549655.8399999999],[7425817.7300000004,5549656.4000000004],[7425828.4900000002,5549651.0899999999],[7425837.1299999999,5549646.8399999999],[7425842.79,5549644.0500000007],[7425844.5700000003,5549643.1799999997],[7425854.4299999997,5549638.5999999996],[7425863.0199999996,5549634.3499999996],[7425886.54,5549620.75],[7425907.6399999997,5549607.3000000007],[7425921.9299999997,5549591.0199999996],[7425919.4299999997,5549585.5600000005],[7425929.9299999997,5549577.5199999996],[7425974.6900000004,5549550.1199999992],[7426001.71,5549533.5800000001],[7426003.6399999997,5549532.5199999996],[7426008.6200000001,5549529.7599999998],[7426021.8399999999,5549522.4499999993],[7426059.5300000003,5549501.5800000001],[7426063.9699999997,5549499.1899999995],[7426074.6500000004,5549517.6899999995],[7426112.6600000001,5549493.9499999993],[7426133.8700000001,5549479.7899999991],[7426130.4199999999,5549474.6300000008],[7426121.1299999999,5549459.6899999995],[7426138.7400000002,5549446.9900000002],[7426149.5800000001,5549439.9900000002],[7426165.8499999996,5549429.9700000007],[7426169.6799999997,5549422.1099999994],[7426183.5,5549393.7300000004],[7426179.0099999998,5549387.1899999995],[7426186.2599999998,5549380.1099999994],[7426182.25,5549375.7100000009],[7426202.6500000004,5549355.6799999997],[7426204.0199999996,5549354.3599999994],[7426216.8099999996,5549342.0600000005],[7426218.25,5549340.5899999999],[7426239.0599999996,5549319.4399999995],[7426250.0999999996,5549307.6600000001],[7426260.6299999999,5549297.1199999992],[7426265.4500000002,5549302.6099999994],[7426272.4699999997,5549296.3900000006],[7426267.5899999999,5549290.7400000002],[7426266.7599999998,5549289.5800000001],[7426285.6900000004,5549269.1899999995],[7426300.4500000002,5549252],[7426316.8499999996,5549232.8900000006],[7426333.46,5549212.3200000003],[7426335.3799999999,5549214],[7426345.75,5549202.1699999999],[7426360.1600000001,5549189.1199999992],[7426392.3700000001,5549152.3800000008],[7426416.1799999997,5549124.2300000004],[7426410.2599999998,5549118.75],[7426408.4000000004,5549117.0299999993],[7426435.9199999999,5549082.2100000009],[7426448.4500000002,5549063.7699999996],[7426461.46,5549043.1099999994],[7426497.0999999996,5548987.8699999992],[7426555.71,5548881.8000000007],[7426557.5999999996,5548877.5399999991],[7426593.1399999997,5548797.1400000006],[7426623.7699999996,5548710.3499999996],[7426633.0899999999,5548683.9299999997],[7426654.4000000004,5548623.5500000007],[7426702.7199999997,5548485.9600000009],[7426710.7800000003,5548468.6500000004],[7426725.5199999996,5548437.0199999996],[7426727.1399999997,5548433.5399999991],[7426730.2000000002,5548426.9700000007],[7426732.3200000003,5548423.8800000008],[7426734.0899999999,5548421.1300000008],[7426737.9699999997,5548415.3100000005],[7426739.1100000003,5548413.6400000006],[7426744.0099999998,5548406.2599999998],[7426800.1299999999,5548437.0600000005],[7426914.2999999998,5548496.9700000007],[7426932.7000000002,5548506.5099999998],[7426945.6500000004,5548519.5099999998],[7426949.0099999998,5548516.2200000007],[7426950.4400000004,5548518.4399999995],[7426956.3899999997,5548524.2300000004],[7426960.8799999999,5548528.4100000001],[7426965.2199999997,5548518.1999999993],[7426990.8899999997,5548532.1799999997],[7426991.4199999999,5548531.5199999996],[7427019.4299999997,5548546.6300000008],[7427053.6399999997,5548568.1199999992],[7427079.2999999998,5548547.3699999992],[7427083.8099999996,5548543.6899999995],[7427088.3099999996,5548540],[7427094.46,5548535.0999999996],[7427100.2300000004,5548530.5099999998],[7427103.8700000001,5548527.4900000002],[7427107.1299999999,5548524.7799999993],[7427109.8600000003,5548530.5500000007],[7427122.7199999997,5548563.5099999998],[7427135.4000000004,5548596],[7427143.7199999997,5548614.3599999994],[7427146.0099999998,5548612.5],[7427147.6799999997,5548612.1699999999],[7427149.3399999999,5548611.8300000001],[7427151.5700000003,5548613.7300000004],[7427157.4000000004,5548625.3699999992],[7427154.4500000002,5548631.5],[7427153.2699999996,5548635.9600000009],[7427157.0700000003,5548648.4199999999],[7427161.0099999998,5548660],[7427165.4800000004,5548670.5299999993],[7427170.6699999999,5548680.5500000007],[7427174.0899999999,5548682.5],[7427187.2800000003,5548702.8399999999],[7427187.2000000002,5548704.8399999999],[7427189.1900000004,5548707.7200000007],[7427196.7199999997,5548702.0199999996],[7427206.7199999997,5548694.9199999999],[7427214.2199999997,5548690.0199999996],[7427218.96,5548686.5099999998],[7427223.2999999998,5548683.2899999991],[7427223.71,5548682.9900000002],[7427258.5300000003,5548728.8800000008],[7427264.5199999996,5548738],[7427282.1900000004,5548762.0099999998],[7427289.5599999996,5548772.0500000007],[7427293.9800000004,5548778.0600000005],[7427312.0800000001,5548804.4499999993],[7427313.46,5548806.2599999998],[7427315.6799999997,5548809.1899999995],[7427322.9000000004,5548819.3200000003],[7427338.2400000002,5548843.0099999998],[7427341.9299999997,5548848.5500000007],[7427347.4299999997,5548855.25],[7427362.9299999997,5548874.1400000006],[7427375.54,5548870.9800000004],[7427402.8300000001,5548905.7200000007],[7427398.5300000003,5548917.6699999999],[7427395.9500000002,5548924.8699999992],[7427376.1299999999,5548939.8599999994],[7427376.6500000004,5548940.6199999992],[7427392.9500000002,5548964.8599999994],[7427407.0199999996,5548985.8200000003],[7427414.4400000004,5548979.8000000007],[7427421.4299999997,5548988.6999999993],[7427434.96,5548994.9199999999],[7427453.8200000003,5548992.4900000002],[7427456.5099999998,5548990.8800000008],[7427473.9699999997,5548980.3699999992],[7427494.9800000004,5548979.8599999994],[7427506.0899999999,5549015.6999999993],[7427507.3499999996,5549019.5199999996],[7427508.6299999999,5549023.5299999993],[7427513.3700000001,5549037.3200000003],[7427513.7800000003,5549038.6400000006],[7427516.7199999997,5549047.25],[7427517.6299999999,5549050.6799999997],[7427518.75,5549053.9600000009],[7427596.8600000003,5549059.4000000004],[7427594.1699999999,5549088.0899999999],[7427592.8600000003,5549102.2100000009],[7427591.6399999997,5549115.3499999996],[7427591.5999999996,5549115.6899999995],[7427587.9000000004,5549151.3300000001],[7427587.8600000003,5549151.8599999994],[7427586.3899999997,5549165.9499999993],[7427582.1200000001,5549207.6699999999],[7427579.5599999996,5549232.8399999999],[7427576.9299999997,5549258.4199999999],[7427572.6200000001,5549303.2400000002],[7427573.6100000003,5549318.7699999996],[7427608.25,5549355.8000000007],[7427632.6900000004,5549367.2100000009],[7427640.6299999999,5549370.9100000001],[7427660.1900000004,5549415.5999999996],[7427661.5599999996,5549418.9399999995],[7427662.0199999996,5549422.7799999993],[7427661.6399999997,5549427.0399999991],[7427660.4800000004,5549430.8499999996],[7427658.71,5549434.3800000008],[7427654.0199999996,5549439.5999999996],[7427647.0300000003,5549444.9000000004],[7427638.8200000003,5549453.2200000007],[7427631.8600000003,5549459.8800000008],[7427625.0599999996,5549468.2400000002],[7427620.1900000004,5549475.6600000001],[7427615.6200000001,5549483.3399999999],[7427611.2400000002,5549491.5299999993],[7427607.3700000001,5549501.8599999994],[7427585.6399999997,5549564.5800000001],[7427583.79,5549569.8699999992],[7427568.1399999997,5549614.7799999993],[7427559.3099999996,5549640.0800000001],[7427530.1500000004,5549726.9399999995],[7427526.2000000002,5549739.2899999991],[7427522.0700000003,5549752.1899999995],[7427518.3799999999,5549763.7699999996],[7427515.6699999999,5549772.3300000001],[7427523.0700000003,5549782.7100000009],[7427526.1799999997,5549789.8699999992],[7427530.6900000004,5549798.0099999998],[7427540.3200000003,5549813.2300000004],[7427542.0099999998,5549815.9000000004],[7427545.0700000003,5549820.6400000006],[7427554.4500000002,5549822.5700000003],[7427578.21,5549827.4800000004],[7427639.2800000003,5549846.6999999993],[7427638.0999999996,5549854.0500000007],[7427671.1600000001,5549864.8800000008],[7427669.75,5549869.0899999999],[7427656.0800000001,5549909.7599999998],[7427640.3700000001,5549957.4399999995],[7427629.0800000001,5549990.4100000001],[7427620.0099999998,5550016.9199999999],[7427603.2400000002,5550067.7200000007],[7427593.71,5550097],[7427590.46,5550101.3300000001],[7427570.9299999997,5550114.2300000004],[7427570.5800000001,5550115.2599999998],[7427549.3600000003,5550177.4700000007],[7427541.9800000004,5550184.7300000004],[7427539.0800000001,5550186.6699999999],[7427531.3200000003,5550187.3000000007],[7427522.4400000004,5550187.4800000004],[7427516.8799999999,5550187.7200000007],[7427471.9900000002,5550171.9900000002],[7427467.2199999997,5550163.1400000006],[7427459.7800000003,5550184.75],[7427449.8300000001,5550213.5700000003],[7427446.21,5550224.0500000007],[7427489.04,5550221.9900000002],[7427483.75,5550265.2100000009],[7427464.3899999997,5550290.1999999993],[7427404.0999999996,5550314.0399999991],[7427397.6299999999,5550319.5500000007],[7427390.2400000002,5550325.8599999994],[7427371.4500000002,5550341.8800000008],[7427361.71,5550356.9800000004],[7427341.1100000003,5550388.8599999994],[7427330.1100000003,5550405.8800000008],[7427293.4500000002,5550426.3000000007],[7427289.2800000003,5550428.6199999992],[7427174.0700000003,5550430.6600000001],[7427174.6500000004,5550435.5999999996],[7427174.8300000001,5550437.0600000005],[7427177.5300000003,5550460.5],[7427178.7300000004,5550470.9000000004],[7427183.3499999996,5550510.9600000009],[7427148.1900000004,5550504.8499999996],[7427111.0700000003,5550498.4199999999],[7427110.21,5550505.5399999991],[7427017.8200000003,5550495.2899999991],[7427017.8499999996,5550494.5600000005],[7426995.2999999998,5550491.8200000003],[7426978.6500000004,5550489.8000000007],[7426972.5300000003,5550489.2599999998],[7426971.2599999998,5550494.6699999999],[7426964.8799999999,5550493.6300000008],[7426959.0700000003,5550492.7400000002],[7426944.6500000004,5550546.3200000003],[7426942.04,5550556.0600000005],[7426933.0300000003,5550589.7699999996],[7426931.7599999998,5550594.5099999998],[7426918.8399999999,5550642.8599999994],[7426908.6900000004,5550680.3499999996],[7426903.5099999998,5550699.4900000002],[7426903.4100000001,5550699.8200000003],[7426939.4000000004,5550704.8599999994],[7426943.0999999996,5550705.3800000008],[7426986.3700000001,5550711.8699999992],[7426993.4199999999,5550712.9299999997],[7427013.5499999998,5550715.8100000005],[7427043.9400000004,5550720.2799999993],[7427053.1600000001,5550727.9499999993],[7427048.6399999997,5550759.9100000001],[7427045.8099999996,5550774.6099999994],[7427040.1600000001,5550804.0299999993],[7427032.6100000003,5550844],[7427030.1399999997,5550857.0399999991],[7427021.8399999999,5550901.2899999991],[7427029.6200000001,5550903.1699999999],[7427039.5999999996,5550905.5700000003],[7427046.2300000004,5550906.7799999993],[7427070.3600000003,5550911.1899999995],[7427086.9900000002,5550914.3300000001],[7427099.5599999996,5550916.4800000004],[7427116.6100000003,5550919.5999999996],[7427121.1200000001,5550920.4199999999],[7427147.1600000001,5550924.8200000003],[7427178.29,5550929.5199999996],[7427217.5300000003,5550932.2599999998],[7427225.8300000001,5550957.0899999999],[7427254.8099999996,5550966.1300000008],[7427273.7599999998,5550972.0399999991],[7427326.1600000001,5550982.8900000006],[7427327.1900000004,5550982.9299999997],[7427358.5800000001,5550988.6500000004],[7427375.3300000001,5550991.5600000005],[7427435.46,5551002.0199999996],[7427495.4400000004,5551012.25],[7427506.4800000004,5551014.1300000008],[7427521.71,5551016.7300000004],[7427549.9699999997,5551021.8300000001],[7427576.2800000003,5551026.5700000003],[7427576.54,5551026.6500000004],[7427575.3899999997,5551038.5399999991],[7427580.1500000004,5551039.5],[7427578.1100000003,5551057.7100000009],[7427572.6799999997,5551110.1500000004],[7427571.9000000004,5551124.9399999995],[7427566.0199999996,5551235.6699999999],[7427565.8099999996,5551239.6199999992],[7427565.46,5551246.3100000005],[7427564.5,5551264.2899999991],[7427562.1900000004,5551307.9000000004],[7427560.9299999997,5551331.8200000003],[7427559.4699999997,5551357.8200000003],[7427558.5999999996,5551374.3699999992],[7427557.8099999996,5551390.6199999992],[7427557.3799999999,5551397.9900000002],[7427557.0700000003,5551403.3100000005],[7427556.6799999997,5551410.6600000001],[7427558.5099999998,5551417.6699999999],[7427559.3499999996,5551420.8800000008],[7427561.1900000004,5551427.0700000003],[7427562.8399999999,5551431.7300000004],[7427564.5,5551435.4800000004],[7427568.1100000003,5551443.6300000008],[7427569.3499999996,5551445.9700000007],[7427580.2599999998,5551462.3800000008],[7427598.4800000004,5551467.4000000004],[7427595.25,5551491.4800000004],[7427581.5199999996,5551490.9000000004],[7427578.3899999997,5551511.4199999999],[7427572.3899999997,5551546.4800000004],[7427572.5,5551548.0099999998],[7427575.8700000001,5551597.0899999999],[7427578.9100000001,5551616.7400000002],[7427582.3700000001,5551639.0800000001],[7427584.71,5551660.7899999991],[7427593.5099999998,5551742.3100000005],[7427594.4199999999,5551750.6500000004],[7427595.9100000001,5551764.4900000002],[7427596.0599999996,5551765.8800000008],[7427596.1900000004,5551766.6799999997],[7427597.0499999998,5551771.8300000001],[7427597.5,5551774.5800000001],[7427597.5199999996,5551774.7200000007],[7427601.5,5551798.6899999995],[7427601.6699999999,5551799.7200000007],[7427580.4500000002,5551800.0299999993],[7427596.9500000002,5551804.5500000007],[7427605.6600000001,5551808.8900000006],[7427617.5999999996,5551811.2300000004],[7427633.5800000001,5551829.1799999997],[7427640.9299999997,5551830.3100000005],[7427644.0300000003,5551836.2200000007],[7427646.9199999999,5551837.4700000007],[7427657.8899999997,5551841.2300000004],[7427665.3700000001,5551844.6799999997],[7427671.6500000004,5551844.8100000005],[7427674.9299999997,5551848.6300000008],[7427683.7400000002,5551852.5399999991],[7427694.0999999996,5551858.4299999997],[7427712.9900000002,5551872.3699999992],[7427717.7000000002,5551875.8599999994],[7427725.9199999999,5551881.8399999999],[7427729.2400000002,5551884.2400000002],[7427733.6399999997,5551887.7799999993],[7427739.7699999996,5551894.1300000008],[7427752.9199999999,5551902.8100000005],[7427779.0300000003,5551916.2599999998],[7427779.2800000003,5551925.5],[7427796.4000000004,5551930.9900000002],[7427834.3700000001,5551943.5099999998],[7427868.6200000001,5551954.8499999996],[7427901.7199999997,5551965.8000000007],[7427899.8700000001,5551971.2200000007],[7427920.4500000002,5551979.3100000005],[7427911.7800000003,5552002.7599999998],[7427902.9400000004,5552026.6199999992],[7427890.3300000001,5552058.7599999998],[7427869.4199999999,5552051.3100000005],[7427835.8099999996,5552039.2799999993],[7427793.9500000002,5552024.2799999993],[7427791.96,5552026.7400000002],[7427791.7699999996,5552027.5700000003],[7427786.9500000002,5552043.1099999994],[7427780.0999999996,5552072.2300000004],[7427778.79,5552073.3300000001],[7427775.1500000004,5552075.8200000003],[7427777.8099999996,5552078.4100000001],[7427781.5899999999,5552081.8699999992],[7427786.3700000001,5552086.6899999995],[7427790.5599999996,5552092.4499999993],[7427794.6399999997,5552097.75],[7427794.9900000002,5552100.4600000009],[7427796.0300000003,5552108.5399999991],[7427798.2000000002,5552119.4900000002],[7427798.3899999997,5552121.6699999999],[7427798.8700000001,5552126.0500000007],[7427799.0199999996,5552127.4100000001],[7427797.4000000004,5552134.8399999999],[7427793.0300000003,5552144.2699999996],[7427791.04,5552153.5999999996],[7427791.8300000001,5552164.5299999993],[7427792.0300000003,5552174.3499999996],[7427792.5899999999,5552187.9399999995],[7427793.46,5552192.6600000001],[7427795.9100000001,5552198.6899999995],[7427798.8399999999,5552204.3800000008],[7427804.2599999998,5552213.3599999994],[7427816.3200000003,5552229.0800000001],[7427816.6500000004,5552234.2200000007],[7427816.8600000003,5552243.6899999995],[7427818.8300000001,5552246.9100000001],[7427817.5999999996,5552254.4399999995],[7427814.3600000003,5552265.4900000002],[7427814.4100000001,5552268.6099999994],[7427813.29,5552274.75],[7427811.6299999999,5552278.1300000008],[7427809.7300000004,5552285.9499999993],[7427807.7999999998,5552293.2300000004],[7427807.6100000003,5552300.3900000006],[7427807.1100000003,5552309.1600000001],[7427807.9800000004,5552313.6999999993],[7427809.6900000004,5552316.3499999996],[7427810.54,5552317.5199999996],[7427818.6500000004,5552328.0399999991],[7427819.7800000003,5552331.4499999993],[7427820.6200000001,5552340.1400000006],[7427824.2400000002,5552350.3800000008],[7427824.2800000003,5552363.5600000005],[7427824.4500000002,5552375.4600000009],[7427824.3799999999,5552377.2799999993],[7427823.5300000003,5552398.0500000007],[7427823.2400000002,5552400.75],[7427824.6500000004,5552404.6400000006],[7427824.2199999997,5552413.3499999996],[7427822.5499999998,5552413.2100000009],[7427821.8899999997,5552413.1500000004],[7427820.9199999999,5552417.0500000007],[7427820.21,5552419.4299999997],[7427819.29,5552424.9499999993],[7427817.6100000003,5552428.0299999993],[7427820.2999999998,5552436.7599999998],[7427820.7400000002,5552438.1400000006],[7427824.9100000001,5552451.4800000004],[7427825.6600000001,5552458.5800000001],[7427824.3099999996,5552461.8399999999],[7427822.7699999996,5552463.5800000001],[7427815.7599999998,5552470.4499999993],[7427815.3600000003,5552471.7699999996],[7427814.0300000003,5552474.0199999996],[7427767.1399999997,5552487.9900000002],[7427745.7300000004,5552494.3599999994],[7427714.2800000003,5552503.7200000007],[7427712.3899999997,5552504.2799999993],[7427709.7000000002,5552505.0899999999],[7427622.5800000001,5552531.4900000002],[7427606.2999999998,5552536.4199999999],[7427563.3099999996,5552550.2599999998],[7427562.7699999996,5552550.4499999993],[7427513.0999999996,5552566.3399999999],[7427488,5552555.2699999996],[7427479.25,5552542.2699999996],[7427473.1699999999,5552544.6400000006],[7427471.7300000004,5552545.2100000009],[7427468.2000000002,5552546.5299999993],[7427468.0899999999,5552546.5899999999],[7427449.54,5552536.7400000002],[7427409.6799999997,5552520.0600000005],[7427405.9500000002,5552517.7699999996],[7427403.0599999996,5552515.9800000004],[7427373.7199999997,5552497.7400000002],[7427338.21,5552475.4000000004],[7427294.8099999996,5552450.75],[7427251.4100000001,5552426.0099999998],[7427243.25,5552421.3499999996],[7427239.8600000003,5552419.3599999994],[7427213.6200000001,5552404.4399999995],[7427164.1600000001,5552377.9100000001],[7427124.2699999996,5552355.2200000007],[7427084.1100000003,5552332.5099999998],[7427021.46,5552297.8900000006],[7426981.3700000001,5552276.5500000007],[7426941.0199999996,5552254.9100000001],[7426878.2000000002,5552215.7899999991],[7426827.3499999996,5552176.5],[7426795.3799999999,5552148.5399999991],[7426763.4100000001,5552120.6600000001],[7426718.1100000003,5552078.5199999996],[7426673,5552036.3800000008],[7426642.7000000002,5552007.3100000005],[7426612.25,5551978.2400000002],[7426601.6200000001,5551967.9499999993],[7426587.46,5551954.9199999999],[7426567.29,5551936.3499999996],[7426565.3799999999,5551934.5899999999],[7426531.5800000001,5551903.4800000004],[7426512.3200000003,5551885.5800000001],[7426495.0599999996,5551869.5099999998],[7426458.2800000003,5551835.2899999991],[7426416.29,5551796.9199999999],[7426383.5999999996,5551772.2200000007],[7426337.8799999999,5551740.2799999993],[7426336.3799999999,5551739.4100000001],[7426335.3300000001,5551738.8000000007],[7426331.9000000004,5551736.8200000003],[7426331.2400000002,5551736.4299999997],[7426304.6100000003,5551720.8200000003],[7426301.0499999998,5551719.1899999995],[7426300.5599999996,5551718.9600000009],[7426273.0800000001,5551705.6699999999],[7426242.4299999997,5551690.9399999995],[7426222.7000000002,5551681.4499999993],[7426220.5499999998,5551680.4100000001],[7426211.0800000001,5551677.9100000001],[7426204.6299999999,5551676.2200000007],[7426182.9800000004,5551670.4499999993],[7426173.9699999997,5551668.0399999991],[7426148.7699999996,5551661.4100000001],[7426118.3200000003,5551655.2400000002],[7426106.3499999996,5551652.7599999998],[7426089.9500000002,5551649.3699999992],[7426087.7300000004,5551650.75],[7426077.0700000003,5551648.6699999999],[7426074.7999999998,5551648.2300000004],[7426071.3399999999,5551645.9900000002],[7426064.9699999997,5551640.5800000001],[7426051.8099999996,5551630.0199999996],[7426037.8899999997,5551619.5099999998],[7426021.6600000001,5551605.9000000004],[7426021.0700000003,5551605.4700000007],[7425996.2800000003,5551585.8699999992],[7425995.9699999997,5551585.6199999992],[7425981.5999999996,5551573.5800000001],[7425979.1699999999,5551571.5399999991],[7425952.8499999996,5551551.6099999994],[7425925.4900000002,5551530.0399999991],[7425925.25,5551529.8599999994],[7425900.0199999996,5551510.0800000001],[7425899.5700000003,5551509.7400000002],[7425899.2699999996,5551509.4900000002],[7425892.0499999998,5551503.0899999999],[7425891.75,5551502.8100000005],[7425880.0999999996,5551493.7200000007],[7425858.1200000001,5551475.6899999995],[7425854.75,5551472.8399999999],[7425839.6699999999,5551460.9700000007],[7425819.9100000001,5551446.6300000008],[7425819.4500000002,5551446.3000000007],[7425799.1799999997,5551430.9800000004],[7425798.8600000003,5551430.75],[7425779.3700000001,5551415.6500000004],[7425776.1600000001,5551414],[7425767.1200000001,5551406.9399999995],[7425759.5,5551400.6899999995],[7425737.8399999999,5551384.2699999996],[7425695.3399999999,5551350.1999999993],[7425681.3600000003,5551339.1199999992],[7425672.0099999998,5551331.2400000002],[7425659.1900000004,5551327.75],[7425657.7400000002,5551327.7300000004],[7425644.0499999998,5551327.2100000009],[7425642.3700000001,5551325.7100000009],[7425597.3300000001,5551285.6500000004],[7425597.1699999999,5551285.5],[7425596.79,5551285.1699999999],[7425591.5800000001,5551281.3200000003],[7425591.0099999998,5551280.8300000001],[7425590.75,5551280.5999999996],[7425582.8700000001,5551273.6999999993],[7425569.3099999996,5551261.25],[7425569.1299999999,5551260.0999999996],[7425568.2699999996,5551259.3399999999],[7425567.9900000002,5551259.0899999999],[7425553.8600000003,5551246.6799999997],[7425537.8300000001,5551232.5899999999],[7425538.0599999996,5551231.3599999994],[7425524.6699999999,5551219.6099999994],[7425500.3099999996,5551195.6300000008],[7425495.21,5551189.9900000002],[7425494.9100000001,5551189.6300000008],[7425480.71,5551176.3300000001],[7425473.8399999999,5551168.4000000004],[7425468.7699999996,5551163.7200000007],[7425458.4000000004,5551154.4100000001],[7425403.8899999997,5551099.5299999993],[7425398.2800000003,5551093.1899999995],[7425367.5999999996,5551063.1300000008],[7425330.7400000002,5551026.1400000006],[7425299.2000000002,5550994.8300000001],[7425272.21,5550967.8499999996],[7425236.8200000003,5550930.3300000001],[7425230.7599999998,5550923.8900000006],[7425229.6299999999,5550922.6899999995],[7425229.3499999996,5550922.4600000009],[7425223.6100000003,5550917.7100000009],[7425223.0999999996,5550917.2899999991],[7425218.04,5550913.5800000001],[7425217.5800000001,5550913.2100000009],[7425213.5899999999,5550910.0099999998],[7425213.1799999997,5550909.6899999995],[7425212.25,5550908.9600000009],[7425210.3499999996,5550907.4700000007],[7425207.7199999997,5550905.3300000001],[7425165.6900000004,5550864.6099999994],[7425152.2300000004,5550851.9199999999],[7425102.7699999996,5550804.0999999996],[7425097.6299999999,5550798.7799999993],[7425096.96,5550798.0800000001],[7425088.2300000004,5550789.1799999997],[7425087.54,5550788.4700000007],[7425047.9100000001,5550746.0600000005],[7425013.6799999997,5550700.3200000003],[7425012.29,5550698.1099999994],[7425005.0499999998,5550684.1099999994],[7425004.9699999997,5550683.9600000009],[7424995.0999999996,5550670.0299999993],[7424985.0199999996,5550652.3800000008],[7424982.0199999996,5550646.7699999996],[7424981.8399999999,5550646.4299999997],[7424981.4199999999,5550645.6400000006],[7424977.3600000003,5550638.0199999996],[7424977.2400000002,5550637.7899999991],[7424971.3200000003,5550626.7100000009],[7424970.8200000003,5550625.5500000007],[7424967.3899999997,5550617.6400000006],[7424966.1299999999,5550610.7699999996],[7424965.1799999997,5550609.1099999994],[7424961.4900000002,5550600.5899999999],[7424956.5899999999,5550589.2899999991],[7424956.5199999996,5550589.1400000006],[7424954.2199999997,5550584.0600000005],[7424953.8200000003,5550583.1799999997],[7424951.9100000001,5550579.1899999995],[7424948,5550570.6600000001],[7424947.0499999998,5550568.3800000008],[7424917.96,5550508.0099999998],[7424917.4800000004,5550507.0099999998],[7424917,5550505.9700000007],[7424913.4400000004,5550498.3000000007],[7424912.9500000002,5550497.2400000002],[7424911.0999999996,5550493.2400000002],[7424913.6900000004,5550492.0999999996],[7424922.04,5550488.4399999995],[7424914.3700000001,5550475.3499999996],[7424905.6399999997,5550460.4499999993],[7424896.04,5550444.0600000005],[7424890.8300000001,5550433.0999999996],[7424888.9800000004,5550426.2899999991],[7424888.25,5550424.7100000009],[7424881.2000000002,5550406.9700000007],[7424878.0599999996,5550398.8399999999],[7424869.3399999999,5550374.5399999991],[7424865.6799999997,5550364.1300000008],[7424837.3399999999,5550316.4100000001],[7424823.1900000004,5550282.3399999999],[7424815.29,5550263.3599999994],[7424811.25,5550253.4900000002],[7424797.71,5550220.4100000001],[7424789.71,5550199.9499999993],[7424785.1399999997,5550187.6199999992],[7424782.2599999998,5550179.1999999993],[7424780.3899999997,5550172.9199999999],[7424775.2699999996,5550151.5600000005],[7424773.2300000004,5550141.2300000004],[7424755.0599999996,5550148.0800000001],[7424748.7599999998,5550150.5],[7424734.9699999997,5550120.3599999994],[7424717.5999999996,5550082.5299999993],[7424703.1699999999,5550050.5700000003],[7424688.7599999998,5550018.6400000006],[7424688.3499999996,5550017.7400000002],[7424679.4900000002,5549997.9499999993],[7424662.6200000001,5549960.2400000002]]]},"properties":{"objectid":2267742732293,"id_dzielni":3,"nr_dzielni":"III","nazwa":"Prądnik Czerwony","nazwa_peln":"Dzielnica III Prądnik Czerwony","opis":"UCHWAŁA NR XCIX/1497/14 RADY MIASTA KRAKOWA","powierzchn":6437857,"data_aktua":1396303200000}},{"type":"Feature","id":2267742732294,"geometry":{"type":"Polygon","coordinates":[[[7418584.4400000004,5552824.4900000002],[7418626.3899999997,5552688.2599999998],[7418648.8399999999,5552642.2400000002],[7418703.7699999996,5552452.6400000006],[7418740.2800000003,5552376],[7418743.9800000004,5552368.2400000002],[7418756.9500000002,5552354.1999999993],[7418757.8200000003,5552338.2200000007],[7418758.21,5552331.0899999999],[7418763.3799999999,5552235.4100000001],[7418781.4000000004,5552186],[7418823.3099999996,5552108.9800000004],[7418831.4199999999,5552104],[7418916.6699999999,5552157.5999999996],[7418944.1799999997,5552122.3599999994],[7418951.2400000002,5552106.3300000001],[7418958.5999999996,5552090.2200000007],[7418968.2599999998,5552069.0899999999],[7418969.8399999999,5552065.5399999991],[7418972.7000000002,5552070.4299999997],[7418978.2800000003,5552079.8499999996],[7418992.7300000004,5552093.5899999999],[7418998.2400000002,5552083.0199999996],[7419004.4000000004,5552069.7699999996],[7419006.1699999999,5552065.9600000009],[7419012.6699999999,5552051.9700000007],[7419026.7400000002,5552020.8300000001],[7419027.46,5552018.2599999998],[7419038.1900000004,5551993.8300000001],[7419039.4000000004,5551990.9800000004],[7419040.75,5551987.3200000003],[7419050.0899999999,5551966.9499999993],[7419059.2300000004,5551948.9199999999],[7419066.3799999999,5551934.8300000001],[7419069.46,5551929.3000000007],[7419071.1299999999,5551926.5500000007],[7419072.8300000001,5551924.0500000007],[7419074.6500000004,5551921.7799999993],[7419079.3300000001,5551916.8900000006],[7419091.8899999997,5551905.5999999996],[7419093.3899999997,5551904.2400000002],[7419097.3399999999,5551900.5399999991],[7419100.1799999997,5551898.1099999994],[7419108.6100000003,5551890.6099999994],[7419113.7699999996,5551886.5899999999],[7419123.5700000003,5551878.9800000004],[7419131.04,5551872.7200000007],[7419145.9800000004,5551862.9399999995],[7419154.2300000004,5551856.3800000008],[7419161.3899999997,5551850.3200000003],[7419164.7300000004,5551847.3699999992],[7419168.54,5551844.1500000004],[7419176.0199999996,5551838.4100000001],[7419180.7800000003,5551834.6400000006],[7419197.3799999999,5551823.1500000004],[7419212,5551811.8399999999],[7419215.7199999997,5551808.8000000007],[7419226.1399999997,5551800.0399999991],[7419237.1699999999,5551791.2699999996],[7419246.71,5551783.3599999994],[7419252.21,5551779.2799999993],[7419255.0599999996,5551777.1600000001],[7419267.5700000003,5551767.25],[7419274.8399999999,5551761.4800000004],[7419276.6500000004,5551763.2400000002],[7419280.8700000001,5551760.1699999999],[7419285.8099999996,5551756.6899999995],[7419290.7999999998,5551753.1300000008],[7419295.9500000002,5551748.2100000009],[7419306.1399999997,5551740.2200000007],[7419313.4000000004,5551733.9399999995],[7419317.3499999996,5551729.8100000005],[7419320.8499999996,5551724.8399999999],[7419327.1900000004,5551719.0099999998],[7419335.54,5551712.4100000001],[7419344.7999999998,5551703.6500000004],[7419360.1699999999,5551691.3599999994],[7419372.7000000002,5551682.8599999994],[7419386.3700000001,5551674.3399999999],[7419401.5899999999,5551665.4900000002],[7419412.4500000002,5551657.3000000007],[7419423.6399999997,5551645.9199999999],[7419433.4500000002,5551635.9800000004],[7419442.9100000001,5551626.2300000004],[7419453.3099999996,5551614.3599999994],[7419449.2000000002,5551610.3499999996],[7419450.2300000004,5551609.1300000008],[7419526.3899999997,5551539.3200000003],[7419527.3300000001,5551535.1600000001],[7419531.1299999999,5551529.5500000007],[7419551.7300000004,5551507.2300000004],[7419562.1600000001,5551495.9299999997],[7419558.5800000001,5551492.6300000008],[7419568.6399999997,5551481.6799999997],[7419598.1600000001,5551449.8499999996],[7419634.3600000003,5551410.9900000002],[7419645.2599999998,5551403.7200000007],[7419645.2699999996,5551401.1699999999],[7419650.2000000002,5551395.5199999996],[7419668.3300000001,5551377.8900000006],[7419683.4500000002,5551365.4399999995],[7419703.2699999996,5551347.9299999997],[7419712.4000000004,5551336.0999999996],[7419714.46,5551337.1899999995],[7419721.3499999996,5551331.7799999993],[7419736.1399999997,5551318.5999999996],[7419734.9699999997,5551316.3900000006],[7419748.2599999998,5551308.0399999991],[7419777.6900000004,5551280.5800000001],[7419791.5700000003,5551271.7599999998],[7419807.04,5551262.5299999993],[7419814.8099999996,5551256.8200000003],[7419830.1799999997,5551244.2599999998],[7419842.6699999999,5551235.6199999992],[7419859.3200000003,5551220.4000000004],[7419875.3099999996,5551208.9600000009],[7419885.3099999996,5551207.9499999993],[7419882.29,5551202.4700000007],[7419941.3399999999,5551166.9100000001],[7419945.54,5551166.1600000001],[7419962.1900000004,5551153.6600000001],[7420000.75,5551124.25],[7420041.04,5551093.5199999996],[7420047.0700000003,5551088.5199999996],[7420057.0099999998,5551080.2599999998],[7420065.0999999996,5551073.1400000006],[7420084.7000000002,5551059.4700000007],[7420104.1699999999,5551046.1799999997],[7420106.6900000004,5551044.4900000002],[7420107.2199999997,5551044.1199999992],[7420129.7300000004,5551029.0099999998],[7420152.2800000003,5551014.7300000004],[7420160.5800000001,5551009.7300000004],[7420165.9199999999,5551006.6699999999],[7420167.9000000004,5551005.5199999996],[7420237.21,5550965.5099999998],[7420289.8200000003,5550935.0199999996],[7420316.1200000001,5550919.8100000005],[7420336.5099999998,5550908.2300000004],[7420345.2800000003,5550903.4399999995],[7420349.2699999996,5550901.2599999998],[7420354.3499999996,5550898.4900000002],[7420378.7400000002,5550884.3699999992],[7420390.1900000004,5550877.8000000007],[7420406.7599999998,5550868.2799999993],[7420428.6399999997,5550856.0500000007],[7420450.3200000003,5550844.8599999994],[7420459.7300000004,5550839.5099999998],[7420473.5700000003,5550831.8100000005],[7420480.0499999998,5550829.4700000007],[7420482.7800000003,5550828.4299999997],[7420490.1600000001,5550825.6099999994],[7420498.7999999998,5550816.5700000003],[7420507.6100000003,5550812.0299999993],[7420517.75,5550807.0600000005],[7420530.5800000001,5550799.7599999998],[7420535.2800000003,5550797.1600000001],[7420574.6699999999,5550775.3000000007],[7420580.1500000004,5550774.1600000001],[7420615.6600000001,5550766.7899999991],[7420616.5999999996,5550766.5999999996],[7420623.5999999996,5550765.1400000006],[7420620.2800000003,5550756.1500000004],[7420631.3300000001,5550752.5199999996],[7420647.7800000003,5550749.0600000005],[7420657.04,5550747.4800000004],[7420668.75,5550746.7599999998],[7420726.0599999996,5550741.3300000001],[7420731.4199999999,5550741.2899999991],[7420743.4500000002,5550718.4000000004],[7420744.9000000004,5550712.6899999995],[7420741.3099999996,5550710.9600000009],[7420731.3600000003,5550706.1999999993],[7420720.3499999996,5550697.2899999991],[7420714.2400000002,5550690.7200000007],[7420700.4500000002,5550675.8699999992],[7420696.9000000004,5550673.2100000009],[7420696.3099999996,5550672.8399999999],[7420690.7699999996,5550668.7799999993],[7420688.0499999998,5550666.7899999991],[7420679.5499999998,5550657.0500000007],[7420674.1100000003,5550645.7100000009],[7420670.1500000004,5550632.6699999999],[7420668.8399999999,5550632.5700000003],[7420669.1299999999,5550598.2300000004],[7420670.2300000004,5550595.2899999991],[7420669.6100000003,5550558.0099999998],[7420669.5700000003,5550552.6799999997],[7420669.5499999998,5550548.1300000008],[7420669.2300000004,5550498.5399999991],[7420669.1399999997,5550447.5099999998],[7420668.5499999998,5550429.3399999999],[7420658.3600000003,5550288.6099999994],[7420675.2199999997,5550288.6899999995],[7420759.8399999999,5550295.8800000008],[7420761.8099999996,5550296.0500000007],[7420797.46,5550297.6400000006],[7420811.1200000001,5550298.2100000009],[7420823.7699999996,5550298.9000000004],[7420843.6200000001,5550300.6199999992],[7420853.0999999996,5550301.1699999999],[7420865.0700000003,5550301.6300000008],[7420875.2800000003,5550302.6400000006],[7420885.9100000001,5550303.3900000006],[7420903.79,5550304.8499999996],[7420916.9199999999,5550306.3499999996],[7420925.5099999998,5550307.5899999999],[7420927.8099999996,5550307.9199999999],[7420943.04,5550310.0999999996],[7420946.6100000003,5550310.6199999992],[7420955.2199999997,5550310.5],[7420963.3499999996,5550312.5800000001],[7420973,5550316.7300000004],[7420993.8099999996,5550320.25],[7421017.29,5550325.5099999998],[7421094.1699999999,5550306.8200000003],[7421134.7800000003,5550302.5],[7421146.6100000003,5550301.25],[7421155.4100000001,5550300.3000000007],[7421163.4500000002,5550299.2699999996],[7421181.5800000001,5550297.3699999992],[7421183.9100000001,5550297.1099999994],[7421192.8899999997,5550295.5199999996],[7421219.7699999996,5550290.2300000004],[7421261.9500000002,5550281.3200000003],[7421267.6200000001,5550279.9900000002],[7421268.96,5550279.6699999999],[7421269.5099999998,5550282.1300000008],[7421275.4000000004,5550280.3499999996],[7421288.6699999999,5550276.1099999994],[7421304.7999999998,5550271.0299999993],[7421321.2300000004,5550265.5600000005],[7421341.29,5550258.5999999996],[7421345.2999999998,5550257.1999999993],[7421351.9400000004,5550254.9000000004],[7421352.6600000001,5550254.8200000003],[7421380.2800000003,5550245.0899999999],[7421400.6900000004,5550238.4900000002],[7421417.46,5550232.8800000008],[7421438.75,5550226.1999999993],[7421440.9400000004,5550225.5500000007],[7421456.4900000002,5550220.9100000001],[7421461.3300000001,5550220.4800000004],[7421475.3499999996,5550214.8699999992],[7421503.7800000003,5550205.8200000003],[7421512.71,5550204.0999999996],[7421525.6500000004,5550201.5899999999],[7421538.9800000004,5550197.8699999992],[7421550.4000000004,5550195.2899999991],[7421559.1900000004,5550192.9900000002],[7421564.7599999998,5550191.5399999991],[7421573.4000000004,5550189.8699999992],[7421587.3899999997,5550185.5],[7421591.71,5550184.1400000006],[7421601.9000000004,5550182.9600000009],[7421615.7400000002,5550182.6199999992],[7421639.3899999997,5550181.8800000008],[7421654.79,5550181.2300000004],[7421687.1299999999,5550179.1600000001],[7421709.9400000004,5550177.7100000009],[7421713.8099999996,5550181.8399999999],[7421723.2400000002,5550179.8399999999],[7421724.5899999999,5550179.5600000005],[7421732.04,5550179.2599999998],[7421741.8499999996,5550178.8800000008],[7421790.3099999996,5550172.6400000006],[7421802.3899999997,5550171.0899999999],[7421862.7400000002,5550164.5299999993],[7421907.54,5550161.2400000002],[7421942.7599999998,5550159.9399999995],[7421945.1900000004,5550159.8499999996],[7421946.25,5550159.8100000005],[7421950.7800000003,5550159.6400000006],[7421979.9900000002,5550157.3599999994],[7422009.2999999998,5550155.0700000003],[7422058.9299999997,5550151.0399999991],[7422106.2800000003,5550146.8599999994],[7422152.2999999998,5550143.3000000007],[7422190.3700000001,5550142.0700000003],[7422240.0800000001,5550141.3599999994],[7422279.1900000004,5550140.5299999993],[7422334.1600000001,5550134.5500000007],[7422375.5300000003,5550131.7300000004],[7422385.5999999996,5550131.0500000007],[7422418.4299999997,5550130.3399999999],[7422425.2000000002,5550130.1999999993],[7422424.9800000004,5550127.4399999995],[7422426.5700000003,5550127.4000000004],[7422433.0499999998,5550127.2400000002],[7422518.1200000001,5550125.1699999999],[7422587.2199999997,5550123.4900000002],[7422606.8600000003,5550123.5600000005],[7422673.2199999997,5550123.8000000007],[7422703.71,5550124.8000000007],[7422731.5099999998,5550125.5],[7422755.8399999999,5550126.1199999992],[7422769.1600000001,5550126.3399999999],[7422778.2999999998,5550126.4800000004],[7422790.7599999998,5550126.6899999995],[7422803.4000000004,5550127.2300000004],[7422817.7400000002,5550128.1799999997],[7422829.0300000003,5550128.9399999995],[7422841.6799999997,5550129.7799999993],[7422854.0800000001,5550130.5700000003],[7422876.8200000003,5550131.9199999999],[7422893.0199999996,5550132.8800000008],[7422918.46,5550135.8100000005],[7422940.7199999997,5550137.0399999991],[7422953.79,5550137.7699999996],[7422964.4000000004,5550138.3499999996],[7422966.29,5550138.4499999993],[7422970.4000000004,5550138.6799999997],[7422972.4299999997,5550138.2699999996],[7422984.6399999997,5550139.4700000007],[7422995.2699999996,5550139.9100000001],[7423006.5199999996,5550139.5999999996],[7423009.8799999999,5550139.5099999998],[7423020.9900000002,5550140.25],[7423032.1900000004,5550141.8399999999],[7423057.0800000001,5550143.3200000003],[7423071.3899999997,5550144.1600000001],[7423083.6900000004,5550144.8599999994],[7423095.04,5550145.5999999996],[7423097.5700000003,5550146.8100000005],[7423100.0999999996,5550148.0199999996],[7423104.4699999997,5550150.0999999996],[7423116.2699999996,5550150.4199999999],[7423123.29,5550150.6099999994],[7423132.9500000002,5550150.8699999992],[7423137.0800000001,5550147.75],[7423151.3499999996,5550147.6199999992],[7423155.8700000001,5550147.5800000001],[7423178.5,5550149.3699999992],[7423227.7199999997,5550154.3699999992],[7423256.3099999996,5550155.1400000006],[7423267.75,5550155.4499999993],[7423356.5999999996,5550158.5600000005],[7423369.9699999997,5550159.1300000008],[7423405.9699999997,5550160.6600000001],[7423430.7199999997,5550161.6999999993],[7423454.4500000002,5550161.5299999993],[7423481.1100000003,5550161.3399999999],[7423509.1299999999,5550161.1500000004],[7423532.75,5550160.9900000002],[7423554.3300000001,5550159.6099999994],[7423571.8899999997,5550158.4900000002],[7423604.7199999997,5550156.4000000004],[7423665.7199999997,5550151.1099999994],[7423720.5,5550147.1799999997],[7423732.2400000002,5550144.8300000001],[7423742.4800000004,5550142.8000000007],[7423780.2199999997,5550135.2799999993],[7423787.2699999996,5550133.8800000008],[7423807.5599999996,5550129.0199999996],[7423815.0899999999,5550127.2100000009],[7423835.9100000001,5550124.8100000005],[7423884.2199999997,5550115.1899999995],[7423888.3899999997,5550114.1099999994],[7423906.0899999999,5550110.2899999991],[7423918.54,5550107.6099999994],[7423937.7999999998,5550103.4600000009],[7423948.54,5550101.6300000008],[7423956.3300000001,5550099.8499999996],[7423975.7999999998,5550095.4299999997],[7423984.75,5550093.3499999996],[7424112.0199999996,5550070.3300000001],[7424117.2000000002,5550069.3499999996],[7424119.96,5550068.8399999999],[7424193.7699999996,5550054.9499999993],[7424197.6399999997,5550054.2100000009],[7424211.0099999998,5550051.5999999996],[7424291.7199999997,5550035.6600000001],[7424299,5550034.1999999993],[7424411.46,5550011.4499999993],[7424499.8099999996,5549993.6500000004],[7424512.1799999997,5549991.1600000001],[7424558.5999999996,5549981.8100000005],[7424581.2599999998,5549977.3000000007],[7424584.2599999998,5549976.7100000009],[7424614.5999999996,5549970.7200000007],[7424639.04,5549965.8900000006],[7424643.0700000003,5549964.6500000004],[7424650.9800000004,5549962.1600000001],[7424662.6200000001,5549960.2400000002],[7424679.4900000002,5549997.9499999993],[7424688.3499999996,5550017.7400000002],[7424688.7599999998,5550018.6400000006],[7424703.1699999999,5550050.5700000003],[7424717.5999999996,5550082.5299999993],[7424734.9699999997,5550120.3599999994],[7424748.7599999998,5550150.5],[7424755.0599999996,5550148.0800000001],[7424773.2300000004,5550141.2300000004],[7424775.2699999996,5550151.5600000005],[7424780.3899999997,5550172.9199999999],[7424782.2599999998,5550179.1999999993],[7424785.1399999997,5550187.6199999992],[7424789.71,5550199.9499999993],[7424797.71,5550220.4100000001],[7424811.25,5550253.4900000002],[7424815.29,5550263.3599999994],[7424823.1900000004,5550282.3399999999],[7424837.3399999999,5550316.4100000001],[7424865.6799999997,5550364.1300000008],[7424869.3399999999,5550374.5399999991],[7424878.0599999996,5550398.8399999999],[7424881.2000000002,5550406.9700000007],[7424888.25,5550424.7100000009],[7424888.9800000004,5550426.2899999991],[7424890.8300000001,5550433.0999999996],[7424896.04,5550444.0600000005],[7424905.6399999997,5550460.4499999993],[7424914.3700000001,5550475.3499999996],[7424922.04,5550488.4399999995],[7424913.6900000004,5550492.0999999996],[7424911.0999999996,5550493.2400000002],[7424912.9500000002,5550497.2400000002],[7424913.4400000004,5550498.3000000007],[7424917,5550505.9700000007],[7424917.4800000004,5550507.0099999998],[7424917.96,5550508.0099999998],[7424947.0499999998,5550568.3800000008],[7424948,5550570.6600000001],[7424951.9100000001,5550579.1899999995],[7424953.8200000003,5550583.1799999997],[7424954.2199999997,5550584.0600000005],[7424956.5199999996,5550589.1400000006],[7424956.5899999999,5550589.2899999991],[7424961.4900000002,5550600.5899999999],[7424965.1799999997,5550609.1099999994],[7424966.1299999999,5550610.7699999996],[7424967.3899999997,5550617.6400000006],[7424970.8200000003,5550625.5500000007],[7424971.3200000003,5550626.7100000009],[7424977.2400000002,5550637.7899999991],[7424977.3600000003,5550638.0199999996],[7424981.4199999999,5550645.6400000006],[7424981.8399999999,5550646.4299999997],[7424982.0199999996,5550646.7699999996],[7424985.0199999996,5550652.3800000008],[7424995.0999999996,5550670.0299999993],[7425004.9699999997,5550683.9600000009],[7425005.0499999998,5550684.1099999994],[7425012.29,5550698.1099999994],[7425013.6799999997,5550700.3200000003],[7425047.9100000001,5550746.0600000005],[7425087.54,5550788.4700000007],[7425088.2300000004,5550789.1799999997],[7425096.96,5550798.0800000001],[7425097.6299999999,5550798.7799999993],[7425102.7699999996,5550804.0999999996],[7425152.2300000004,5550851.9199999999],[7425165.6900000004,5550864.6099999994],[7425207.7199999997,5550905.3300000001],[7425210.3499999996,5550907.4700000007],[7425212.25,5550908.9600000009],[7425213.1799999997,5550909.6899999995],[7425213.5899999999,5550910.0099999998],[7425217.5800000001,5550913.2100000009],[7425218.04,5550913.5800000001],[7425223.0999999996,5550917.2899999991],[7425223.6100000003,5550917.7100000009],[7425229.3499999996,5550922.4600000009],[7425229.6299999999,5550922.6899999995],[7425230.7599999998,5550923.8900000006],[7425236.8200000003,5550930.3300000001],[7425272.21,5550967.8499999996],[7425299.2000000002,5550994.8300000001],[7425330.7400000002,5551026.1400000006],[7425367.5999999996,5551063.1300000008],[7425398.2800000003,5551093.1899999995],[7425403.8899999997,5551099.5299999993],[7425458.4000000004,5551154.4100000001],[7425468.7699999996,5551163.7200000007],[7425473.8399999999,5551168.4000000004],[7425480.71,5551176.3300000001],[7425494.9100000001,5551189.6300000008],[7425495.21,5551189.9900000002],[7425500.3099999996,5551195.6300000008],[7425524.6699999999,5551219.6099999994],[7425538.0599999996,5551231.3599999994],[7425537.8300000001,5551232.5899999999],[7425553.8600000003,5551246.6799999997],[7425567.9900000002,5551259.0899999999],[7425568.2699999996,5551259.3399999999],[7425569.1299999999,5551260.0999999996],[7425569.3099999996,5551261.25],[7425582.8700000001,5551273.6999999993],[7425590.75,5551280.5999999996],[7425591.0099999998,5551280.8300000001],[7425591.5800000001,5551281.3200000003],[7425596.79,5551285.1699999999],[7425597.1699999999,5551285.5],[7425597.3300000001,5551285.6500000004],[7425642.3700000001,5551325.7100000009],[7425644.0499999998,5551327.2100000009],[7425657.7400000002,5551327.7300000004],[7425659.1900000004,5551327.75],[7425672.0099999998,5551331.2400000002],[7425681.3600000003,5551339.1199999992],[7425695.3399999999,5551350.1999999993],[7425737.8399999999,5551384.2699999996],[7425759.5,5551400.6899999995],[7425767.1200000001,5551406.9399999995],[7425776.1600000001,5551414],[7425779.3700000001,5551415.6500000004],[7425798.8600000003,5551430.75],[7425799.1799999997,5551430.9800000004],[7425819.4500000002,5551446.3000000007],[7425819.9100000001,5551446.6300000008],[7425839.6699999999,5551460.9700000007],[7425854.75,5551472.8399999999],[7425858.1200000001,5551475.6899999995],[7425880.0999999996,5551493.7200000007],[7425891.75,5551502.8100000005],[7425892.0499999998,5551503.0899999999],[7425899.2699999996,5551509.4900000002],[7425899.5700000003,5551509.7400000002],[7425900.0199999996,5551510.0800000001],[7425925.25,5551529.8599999994],[7425925.4900000002,5551530.0399999991],[7425952.8499999996,5551551.6099999994],[7425979.1699999999,5551571.5399999991],[7425981.5999999996,5551573.5800000001],[7425995.9699999997,5551585.6199999992],[7425996.2800000003,5551585.8699999992],[7426021.0700000003,5551605.4700000007],[7426021.6600000001,5551605.9000000004],[7426037.8899999997,5551619.5099999998],[7426051.8099999996,5551630.0199999996],[7426064.9699999997,5551640.5800000001],[7426071.3399999999,5551645.9900000002],[7426074.7999999998,5551648.2300000004],[7426077.0700000003,5551648.6699999999],[7426087.7300000004,5551650.75],[7426089.9500000002,5551649.3699999992],[7426106.3499999996,5551652.7599999998],[7426118.3200000003,5551655.2400000002],[7426148.7699999996,5551661.4100000001],[7426173.9699999997,5551668.0399999991],[7426182.9800000004,5551670.4499999993],[7426204.6299999999,5551676.2200000007],[7426211.0800000001,5551677.9100000001],[7426220.5499999998,5551680.4100000001],[7426222.7000000002,5551681.4499999993],[7426242.4299999997,5551690.9399999995],[7426273.0800000001,5551705.6699999999],[7426300.5599999996,5551718.9600000009],[7426301.0499999998,5551719.1899999995],[7426304.6100000003,5551720.8200000003],[7426331.2400000002,5551736.4299999997],[7426331.9000000004,5551736.8200000003],[7426335.3300000001,5551738.8000000007],[7426336.3799999999,5551739.4100000001],[7426337.8799999999,5551740.2799999993],[7426383.5999999996,5551772.2200000007],[7426416.29,5551796.9199999999],[7426458.2800000003,5551835.2899999991],[7426495.0599999996,5551869.5099999998],[7426512.3200000003,5551885.5800000001],[7426531.5800000001,5551903.4800000004],[7426565.3799999999,5551934.5899999999],[7426567.29,5551936.3499999996],[7426587.46,5551954.9199999999],[7426601.6200000001,5551967.9499999993],[7426612.25,5551978.2400000002],[7426642.7000000002,5552007.3100000005],[7426673,5552036.3800000008],[7426718.1100000003,5552078.5199999996],[7426763.4100000001,5552120.6600000001],[7426795.3799999999,5552148.5399999991],[7426827.3499999996,5552176.5],[7426878.2000000002,5552215.7899999991],[7426941.0199999996,5552254.9100000001],[7426981.3700000001,5552276.5500000007],[7427021.46,5552297.8900000006],[7427084.1100000003,5552332.5099999998],[7427124.2699999996,5552355.2200000007],[7427164.1600000001,5552377.9100000001],[7427213.6200000001,5552404.4399999995],[7427239.8600000003,5552419.3599999994],[7427243.25,5552421.3499999996],[7427251.4100000001,5552426.0099999998],[7427294.8099999996,5552450.75],[7427338.21,5552475.4000000004],[7427373.7199999997,5552497.7400000002],[7427403.0599999996,5552515.9800000004],[7427405.9500000002,5552517.7699999996],[7427409.6799999997,5552520.0600000005],[7427449.54,5552536.7400000002],[7427468.0899999999,5552546.5899999999],[7427468.2000000002,5552546.5299999993],[7427471.7300000004,5552545.2100000009],[7427473.1699999999,5552544.6400000006],[7427479.25,5552542.2699999996],[7427488,5552555.2699999996],[7427513.0999999996,5552566.3399999999],[7427452.0499999998,5552584.6199999992],[7427432.0800000001,5552590.4100000001],[7427411.9199999999,5552595.6999999993],[7427390.6100000003,5552600.8300000001],[7427356.3799999999,5552608.2200000007],[7427325.5,5552616.4299999997],[7427302.71,5552622.6699999999],[7427288.7400000002,5552626.6600000001],[7427272.3399999999,5552631.7100000009],[7427266.9000000004,5552633.5299999993],[7427246.9900000002,5552639.3699999992],[7427237.0499999998,5552642.0700000003],[7427228.9000000004,5552644.0500000007],[7427221.2999999998,5552645.8499999996],[7427206.2800000003,5552648.7799999993],[7427167.2400000002,5552652.4100000001],[7427155.7599999998,5552654.0199999996],[7427145.2699999996,5552656.1199999992],[7427144.1299999999,5552656.3499999996],[7427134.0099999998,5552658.5399999991],[7427125.1399999997,5552639.1600000001],[7427117.9100000001,5552628.6099999994],[7427108.6900000004,5552614.8499999996],[7427087.1799999997,5552591.7400000002],[7427073.7699999996,5552609.5099999998],[7427069.9800000004,5552613.4800000004],[7427064.7599999998,5552618.8699999992],[7427051.5099999998,5552631.4499999993],[7427034.8799999999,5552645.8900000006],[7427002.6799999997,5552668.7400000002],[7426986.54,5552679.25],[7426981.9900000002,5552682.0899999999],[7426976.7300000004,5552684.6400000006],[7426966,5552689.3499999996],[7426959.4400000004,5552691.4900000002],[7426945.3799999999,5552694.4299999997],[7426939.9500000002,5552694.4700000007],[7426937.5199999996,5552694.6500000004],[7426920.8600000003,5552693.8900000006],[7426890.6900000004,5552691.4000000004],[7426886.7400000002,5552691.3800000008],[7426873.9800000004,5552692.5600000005],[7426858.29,5552696.0600000005],[7426849.0499999998,5552699.1400000006],[7426806.8099999996,5552720.7100000009],[7426798.4900000002,5552725.4600000009],[7426774.4699999997,5552734.9299999997],[7426756.8200000003,5552743.1899999995],[7426748.7699999996,5552746.7899999991],[7426741.1600000001,5552750.6899999995],[7426732.5099999998,5552754.1799999997],[7426724.8600000003,5552757.3200000003],[7426698.8600000003,5552764],[7426678.7699999996,5552768.3900000006],[7426652.0999999996,5552772.5600000005],[7426593.3200000003,5552784.3599999994],[7426577.5300000003,5552787.4399999995],[7426554.0300000003,5552792.3200000003],[7426518.9900000002,5552798.8300000001],[7426499.7999999998,5552800.9900000002],[7426490.29,5552803.1899999995],[7426476.8399999999,5552808.0899999999],[7426463.7699999996,5552813.7599999998],[7426447.4699999997,5552820.0500000007],[7426437.7999999998,5552823.2799999993],[7426385.9299999997,5552844.7699999996],[7426369.3600000003,5552851.6400000006],[7426369.6500000004,5552853.6799999997],[7426364.46,5552855.3200000003],[7426360.2300000004,5552857.9299999997],[7426342.5499999998,5552867.8200000003],[7426333.2000000002,5552873.8200000003],[7426315.6900000004,5552886.5],[7426305.5499999998,5552892.9600000009],[7426297.9800000004,5552900.6699999999],[7426279.4000000004,5552914.6400000006],[7426268.3399999999,5552929.4199999999],[7426257.1200000001,5552942.6199999992],[7426245.7699999996,5552955.5600000005],[7426225.3600000003,5552976.9800000004],[7426214.5499999998,5552987.8699999992],[7426209.7699999996,5552992.0099999998],[7426208.1299999999,5552993.3100000005],[7426202.29,5552997.6199999992],[7426200.2199999997,5552999.5899999999],[7426189.6600000001,5553005.5800000001],[7426177.2699999996,5553012.9299999997],[7426165.71,5553019.8000000007],[7426153.7199999997,5553026.9199999999],[7426140.6399999997,5553034.1699999999],[7426125.5899999999,5553041.9900000002],[7426111.3700000001,5553048.7799999993],[7426107.1399999997,5553050.1899999995],[7426098.7000000002,5553054.5800000001],[7426089.0599999996,5553058.4299999997],[7426076.7400000002,5553062.9600000009],[7426063.3899999997,5553067.7899999991],[7426055.1799999997,5553070.5199999996],[7426046.9699999997,5553073.5],[7426032.9800000004,5553077.4299999997],[7426028.7999999998,5553078.6099999994],[7426013.1500000004,5553092.9800000004],[7426010.1799999997,5553094.4199999999],[7426007.4199999999,5553095.4499999993],[7425994.9800000004,5553101.4199999999],[7425985.4500000002,5553105.5899999999],[7425977.29,5553109.1500000004],[7425969.0700000003,5553113.6799999997],[7425947.9800000004,5553125.2899999991],[7425937.2199999997,5553132.5099999998],[7425921.6500000004,5553142.9600000009],[7425912.6100000003,5553147.3900000006],[7425895.8600000003,5553154.6199999992],[7425894.8300000001,5553154.8200000003],[7425891.8300000001,5553155.3900000006],[7425883.3799999999,5553161.4199999999],[7425864.7400000002,5553178.4100000001],[7425863.2800000003,5553180.9000000004],[7425861.7599999998,5553183.0500000007],[7425859.71,5553184.9199999999],[7425849.2599999998,5553192.1999999993],[7425848.2999999998,5553193.3599999994],[7425848.2199999997,5553192.8800000008],[7425839.5099999998,5553182.2899999991],[7425837.75,5553180.1699999999],[7425822.4400000004,5553162.0700000003],[7425821.3899999997,5553160.5899999999],[7425808.29,5553144.2799999993],[7425807.9100000001,5553143.9000000004],[7425793.5599999996,5553122.7400000002],[7425792.9299999997,5553122.5700000003],[7425783.8700000001,5553114.9499999993],[7425770.5199999996,5553103.8499999996],[7425768.1500000004,5553101.8800000008],[7425767.6399999997,5553101.9199999999],[7425763.8799999999,5553097.8000000007],[7425758.1500000004,5553091.2300000004],[7425749.5599999996,5553083.8499999996],[7425723.0599999996,5553059.9600000009],[7425710.2400000002,5553049.5099999998],[7425707.2300000004,5553047.4000000004],[7425685.0800000001,5553032.2599999998],[7425674.1100000003,5553025.2799999993],[7425662.04,5553016.8699999992],[7425651.7599999998,5553010.0800000001],[7425641.2999999998,5553003.7400000002],[7425641.0700000003,5553003.3200000003],[7425630.3700000001,5552997.7200000007],[7425620.6900000004,5552994.2599999998],[7425610.9500000002,5552992.25],[7425592.3700000001,5552991.2200000007],[7425591.9100000001,5552991.4199999999],[7425575.8300000001,5552991.9399999995],[7425560.0999999996,5552990.9900000002],[7425535.79,5552990.1999999993],[7425512.2199999997,5552989.4399999995],[7425510.3600000003,5552989.3800000008],[7425493.9100000001,5552987.9000000004],[7425479.0199999996,5552986.8399999999],[7425478.9100000001,5552987.2400000002],[7425474.6299999999,5552988.0500000007],[7425474.0599999996,5552989.5199999996],[7425462.3499999996,5553011.4100000001],[7425455.9199999999,5553021.1600000001],[7425442.75,5553046.6899999995],[7425432.0899999999,5553068.5299999993],[7425427.21,5553080.4499999993],[7425422.9800000004,5553091.9900000002],[7425419.9400000004,5553106.9900000002],[7425419.7999999998,5553107.6600000001],[7425421.4699999997,5553133.2300000004],[7425424.46,5553172.7200000007],[7425426.0499999998,5553186.5999999996],[7425431,5553239.0800000001],[7425430.9199999999,5553241.3599999994],[7425428.7999999998,5553244.3000000007],[7425427.7300000004,5553245.7300000004],[7425383.2800000003,5553240.5999999996],[7425330.6399999997,5553234.8900000006],[7425320.3700000001,5553234.1500000004],[7425317.6200000001,5553238.8100000005],[7425316.6699999999,5553240.4299999997],[7425316.0099999998,5553241.5399999991],[7425310.71,5553250.6199999992],[7425297.8399999999,5553274.8100000005],[7425285.8899999997,5553296.6799999997],[7425279.8899999997,5553309.6300000008],[7425278.3200000003,5553313.0299999993],[7425277.9299999997,5553313.5600000005],[7425270.6600000001,5553323.4600000009],[7425256.6500000004,5553342.5099999998],[7425236.54,5553367.5800000001],[7425219.9199999999,5553385.7100000009],[7425204.0099999998,5553404.9600000009],[7425200.2699999996,5553410.0800000001],[7425197.3799999999,5553414.0399999991],[7425174.8899999997,5553442.7599999998],[7425164.6500000004,5553455.2699999996],[7425153.6900000004,5553466.5700000003],[7425143.0300000003,5553476.1400000006],[7425141.3300000001,5553477.6600000001],[7425133.1299999999,5553486.0500000007],[7425127.9000000004,5553491.3900000006],[7425127.25,5553492.1199999992],[7425121.5999999996,5553498.4600000009],[7425112.5999999996,5553508.5500000007],[7425109.5300000003,5553511.5399999991],[7425102.2800000003,5553518.5800000001],[7425096.7800000003,5553523.9199999999],[7425083.5199999996,5553537.6099999994],[7425065.6299999999,5553555.4000000004],[7425055.7699999996,5553565.2699999996],[7425044.5300000003,5553576.5099999998],[7425035.4199999999,5553585.0800000001],[7425034.46,5553586],[7425025.3399999999,5553594.8599999994],[7425016.3700000001,5553603.6199999992],[7425013.7599999998,5553606.4199999999],[7425008.75,5553611.8100000005],[7425007.8099999996,5553612.8000000007],[7425001.8099999996,5553619.7200000007],[7424998.71,5553623.2799999993],[7424989.75,5553634.6799999997],[7424988.29,5553636.9000000004],[7424983.0999999996,5553644.7699999996],[7424981,5553647.9499999993],[7424977.4800000004,5553653.6500000004],[7424973.29,5553660.4000000004],[7424970.5099999998,5553664.7699999996],[7424966.54,5553671.0199999996],[7424962.7400000002,5553676.6300000008],[7424958.6500000004,5553682.6600000001],[7424952.8099999996,5553691.1199999992],[7424949.96,5553695.2300000004],[7424943.5199999996,5553704.4499999993],[7424938.1600000001,5553712.1199999992],[7424934.2999999998,5553717.7799999993],[7424930.5199999996,5553723.3200000003],[7424924.8399999999,5553732.1099999994],[7424917.3899999997,5553743.9700000007],[7424915.9100000001,5553746.3200000003],[7424908.29,5553758.8100000005],[7424904.29,5553765.9800000004],[7424896.8099999996,5553779.4499999993],[7424889.5499999998,5553791.3399999999],[7424887.0499999998,5553795.7300000004],[7424882.9100000001,5553803],[7424882.46,5553803.7799999993],[7424875,5553816.5999999996],[7424869.8200000003,5553825.5099999998],[7424862.0199999996,5553835.9600000009],[7424861.1699999999,5553837.0999999996],[7424852.7699999996,5553849.9600000009],[7424849.6100000003,5553855.5600000005],[7424843.5800000001,5553866.25],[7424837.1900000004,5553877.5899999999],[7424835.5499999998,5553880.5],[7424828.0999999996,5553894.6600000001],[7424825.79,5553899.1799999997],[7424819.3700000001,5553911.7899999991],[7424814.8600000003,5553921.8499999996],[7424814.2300000004,5553923.25],[7424809,5553935.0700000003],[7424803.8499999996,5553947.0999999996],[7424798.96,5553958.5299999993],[7424794.9699999997,5553969.8300000001],[7424794.2300000004,5553972.0500000007],[7424791.4400000004,5553980.3900000006],[7424790.1600000001,5553984.9499999993],[7424789.2599999998,5553988.1799999997],[7424786.4400000004,5553997.6400000006],[7424784.7999999998,5554003.1899999995],[7424782.3300000001,5554011.4499999993],[7424781.8300000001,5554013.1300000008],[7424780.3300000001,5554018.3900000006],[7424778.5499999998,5554024.6199999992],[7424774.7999999998,5554038.1199999992],[7424774.6299999999,5554038.8399999999],[7424772.5800000001,5554047.7200000007],[7424772.1200000001,5554049.1999999993],[7424769.2400000002,5554058.4199999999],[7424768.1399999997,5554063.6099999994],[7424766.8799999999,5554069.5999999996],[7424766.0300000003,5554078.0399999991],[7424765.29,5554080.5600000005],[7424764.7199999997,5554082.4900000002],[7424761.3399999999,5554093.9800000004],[7424758.5800000001,5554104.6600000001],[7424757.9500000002,5554106.9700000007],[7424755.3700000001,5554122.0999999996],[7424754.1600000001,5554128.1500000004],[7424752.4500000002,5554135.3100000005],[7424750.8499999996,5554140.9399999995],[7424750.0999999996,5554142.8000000007],[7424742.3200000003,5554163.8900000006],[7424738.0899999999,5554177.2400000002],[7424734.46,5554188.1799999997],[7424734.0700000003,5554189.6699999999],[7424731.25,5554199.3900000006],[7424729.9500000002,5554205.8300000001],[7424727.8499999996,5554211.8599999994],[7424724.8899999997,5554218.8300000001],[7424721.7699999996,5554223.9900000002],[7424701.2300000004,5554220.5999999996],[7424669.7300000004,5554215.4000000004],[7424643.0800000001,5554211],[7424624.7599999998,5554207.4100000001],[7424607.4800000004,5554203.9600000009],[7424592.0099999998,5554201.0299999993],[7424577.5899999999,5554199.1400000006],[7424573.1900000004,5554198.5600000005],[7424566.79,5554196.9299999997],[7424561.71,5554195.6400000006],[7424550.3499999996,5554192.9100000001],[7424540.1399999997,5554190.4399999995],[7424527.5199999996,5554188.9000000004],[7424514.2199999997,5554187.2699999996],[7424493.8899999997,5554184.6400000006],[7424483.5899999999,5554183.3100000005],[7424456.9100000001,5554176.1400000006],[7424442.3399999999,5554173.3699999992],[7424430.79,5554171.6400000006],[7424424.7199999997,5554171.0600000005],[7424413,5554171.5299999993],[7424410.5599999996,5554171.6300000008],[7424390.6299999999,5554174.4299999997],[7424380.6600000001,5554176.3599999994],[7424373.6100000003,5554177.7300000004],[7424357.6399999997,5554181.0800000001],[7424351.0300000003,5554182.8399999999],[7424340.0599999996,5554185.7400000002],[7424334.1600000001,5554187.3699999992],[7424321.6500000004,5554191.6099999994],[7424317.9199999999,5554192.8800000008],[7424312.6200000001,5554194.6500000004],[7424307.8899999997,5554195.7100000009],[7424303.0099999998,5554195.1600000001],[7424300.6699999999,5554194.9000000004],[7424290.6799999997,5554196.7799999993],[7424288.75,5554196.2300000004],[7424285.8300000001,5554195.5399999991],[7424275.2699999996,5554193.0500000007],[7424273.4199999999,5554192.4000000004],[7424258.0800000001,5554190.5099999998],[7424249.3099999996,5554189.4600000009],[7424247.54,5554189.25],[7424245.6299999999,5554189.0199999996],[7424238.1900000004,5554188.1300000008],[7424219.1600000001,5554186.3599999994],[7424208.9500000002,5554185.4199999999],[7424206.0999999996,5554152.8300000001],[7424203.7999999998,5554134.5399999991],[7424199.2999999998,5554111.2300000004],[7424191.2699999996,5554082.3599999994],[7424187.4000000004,5554051.5399999991],[7424186.7300000004,5554046.8200000003],[7424185.75,5554039.9399999995],[7424184.6500000004,5554032.3900000006],[7424183.9699999997,5554025.8200000003],[7424182.4699999997,5554004.8000000007],[7424181.4199999999,5553993.1099999994],[7424180.9900000002,5553983.1199999992],[7424180.6399999997,5553971.1799999997],[7424181.0999999996,5553960.8200000003],[7424184.0999999996,5553938.6500000004],[7424187.4199999999,5553915.5299999993],[7424188.1900000004,5553909.1699999999],[7424188.9900000002,5553902.6199999992],[7424190.3399999999,5553891.5099999998],[7424190.5999999996,5553887.5],[7424165.4100000001,5553883.1400000006],[7424150.4000000004,5553880.2799999993],[7424138.0300000003,5553877.9000000004],[7424125.3300000001,5553875.9299999997],[7424113.0599999996,5553873.7699999996],[7424087.21,5553869.9000000004],[7424077.8799999999,5553868.6300000008],[7424072.3099999996,5553867.8699999992],[7424062.8499999996,5553866.5299999993],[7424036.2699999996,5553859.6300000008],[7424014.6100000003,5553856.2899999991],[7423993.2699999996,5553852.25],[7423992.9800000004,5553852.1999999993],[7423992.1500000004,5553852.0299999993],[7423985.1500000004,5553850.5399999991],[7423969.1699999999,5553847.1199999992],[7423956.04,5553844.3000000007],[7423944.3200000003,5553840.9000000004],[7423940.46,5553839.7799999993],[7423928.4000000004,5553836.0800000001],[7423914.4900000002,5553831.3699999992],[7423908.0099999998,5553829.3599999994],[7423901.4299999997,5553827.3300000001],[7423879.1699999999,5553820.9700000007],[7423852.6200000001,5553812.8300000001],[7423863.5999999996,5553775.0199999996],[7423863.8200000003,5553770.8599999994],[7423831.9000000004,5553758.4399999995],[7423800.9100000001,5553747.7300000004],[7423783.0800000001,5553742.0700000003],[7423763.9199999999,5553734.3800000008],[7423754.4500000002,5553729.7200000007],[7423739.3300000001,5553722.6500000004],[7423727.3499999996,5553718.9000000004],[7423707.9500000002,5553712.4900000002],[7423702.7699999996,5553711.1999999993],[7423699.0800000001,5553710.2699999996],[7423679.7599999998,5553704.4299999997],[7423661.71,5553699.0899999999],[7423637.5,5553693.4000000004],[7423617.8799999999,5553689.3300000001],[7423611.9000000004,5553688.0800000001],[7423589.6799999997,5553682.7400000002],[7423585.9400000004,5553681.8300000001],[7423562.5899999999,5553676.4199999999],[7423562,5553676.2899999991],[7423549.4100000001,5553673.4900000002],[7423537.5499999998,5553671.6500000004],[7423518.6600000001,5553669.3699999992],[7423503.8899999997,5553668.4700000007],[7423486.4500000002,5553668.3800000008],[7423470.1799999997,5553667.5999999996],[7423462.71,5553667.1199999992],[7423453,5553665.6500000004],[7423442.6100000003,5553664.0800000001],[7423431.71,5553661.8000000007],[7423422.8399999999,5553658.5299999993],[7423414.6900000004,5553655.1999999993],[7423409.3499999996,5553652.5899999999],[7423405.71,5553650.8000000007],[7423396.0999999996,5553645.0500000007],[7423391.0999999996,5553641.9700000007],[7423381.5999999996,5553636.1199999992],[7423355.2599999998,5553620.2799999993],[7423354.0599999996,5553620.0199999996],[7423334.5599999996,5553608.6600000001],[7423314.6900000004,5553598.1899999995],[7423315,5553597.5999999996],[7423311.0499999998,5553595.5299999993],[7423304.3300000001,5553617.5700000003],[7423297.3200000003,5553640.6500000004],[7423290.9299999997,5553660.6999999993],[7423288.7999999998,5553668.6999999993],[7423285.2300000004,5553691.5099999998],[7423280.6799999997,5553719.8200000003],[7423272.9800000004,5553717.9000000004],[7423265.8099999996,5553716.1199999992],[7423261.79,5553715.1300000008],[7423257.7999999998,5553714.1400000006],[7423248.8099999996,5553711.9100000001],[7423238.2999999998,5553709.2899999991],[7423235.9000000004,5553708.6300000008],[7423222.5300000003,5553704.9299999997],[7423213.6799999997,5553702.4900000002],[7423210.2599999998,5553701.4199999999],[7423196.0300000003,5553696.9299999997],[7423195.0099999998,5553696.6099999994],[7423192.3600000003,5553695.7699999996],[7423181.6699999999,5553692.3599999994],[7423169.0499999998,5553688.3499999996],[7423157.5800000001,5553684.6999999993],[7423156.2999999998,5553684.0099999998],[7423144.6900000004,5553677.6999999993],[7423135.7599999998,5553672.8499999996],[7423133.1699999999,5553671.5199999996],[7423120.4100000001,5553665.0199999996],[7423118.3700000001,5553663.7599999998],[7423115.6699999999,5553662.5399999991],[7423114.3200000003,5553661.9000000004],[7423112.0700000003,5553661.1500000004],[7423112.6900000004,5553654.5700000003],[7423113.4400000004,5553646.7799999993],[7423120.5899999999,5553626.0999999996],[7423125.6900000004,5553606.8499999996],[7423131.25,5553586.7799999993],[7423134.2300000004,5553575.7599999998],[7423137.2800000003,5553565.8599999994],[7423142.9800000004,5553547.8100000005],[7423149.7599999998,5553526.3300000001],[7423155.5499999998,5553508.3300000001],[7423162.0899999999,5553487.4299999997],[7423166.4500000002,5553474.3399999999],[7423165.7400000002,5553472.3300000001],[7423164.4000000004,5553468.5600000005],[7423163.4000000004,5553465.7300000004],[7423160.29,5553455.1500000004],[7423155.8700000001,5553440.2699999996],[7423152.54,5553429.5800000001],[7423149.5300000003,5553420.6699999999],[7423147.5800000001,5553415.5500000007],[7423144.9400000004,5553410.7799999993],[7423142.8399999999,5553407.7799999993],[7423140.75,5553405.3499999996],[7423136.8099999996,5553400.8699999992],[7423128.5099999998,5553393.4800000004],[7423107.04,5553377.3399999999],[7423106.1799999997,5553376.9600000009],[7423100.0099999998,5553372],[7423092.7000000002,5553366.75],[7423078.79,5553356.75],[7423072.0800000001,5553353.5],[7423073.5499999998,5553349.7699999996],[7423074.79,5553346.5999999996],[7423082.4100000001,5553330.5399999991],[7423087.8399999999,5553320.8599999994],[7423094.6799999997,5553307.6999999993],[7423098.2699999996,5553296.9700000007],[7423102.71,5553275.6199999992],[7423103.1100000003,5553274.3900000006],[7423103.5999999996,5553272.8599999994],[7423104.3300000001,5553270.5899999999],[7423105,5553268.1300000008],[7423106.6399999997,5553263.0500000007],[7423107.4299999997,5553260.9499999993],[7423110.8399999999,5553252.3300000001],[7423119.9100000001,5553241.4399999995],[7423125.1200000001,5553235.5899999999],[7423131.3899999997,5553227.2400000002],[7423135.5499999998,5553220.9499999993],[7423139.3200000003,5553207.9100000001],[7423142.6900000004,5553195.1799999997],[7423144.2199999997,5553188.1600000001],[7423146.0599999996,5553179.6500000004],[7423148.4800000004,5553167.5299999993],[7423151.04,5553150.6300000008],[7423152.7400000002,5553135.1400000006],[7423155.2599999998,5553122.9000000004],[7423158.5199999996,5553108.1699999999],[7423161.9900000002,5553094.4000000004],[7423163.6399999997,5553081.0399999991],[7423164.2300000004,5553064.9900000002],[7423175.0700000003,5553030.1400000006],[7423182.0599999996,5553004.9199999999],[7423180.25,5552997.5099999998],[7423189.2800000003,5552995.6899999995],[7423195.6200000001,5552994.2400000002],[7423200.9000000004,5552984.1600000001],[7423205.96,5552974.5],[7423211.1200000001,5552964.6400000006],[7423216.1900000004,5552954.9299999997],[7423220.4900000002,5552946.7200000007],[7423221.3799999999,5552945.1799999997],[7423232.0999999996,5552926.4199999999],[7423254.4299999997,5552905.5399999991],[7423263.1799999997,5552902.9700000007],[7423270.8499999996,5552902.4900000002],[7423279.0300000003,5552903.25],[7423283.9199999999,5552904.3000000007],[7423291.3799999999,5552910.4399999995],[7423293.6500000004,5552912.7100000009],[7423295.9500000002,5552915.8599999994],[7423305.1100000003,5552930.2799999993],[7423312.3099999996,5552944.2400000002],[7423313.1500000004,5552946.8000000007],[7423317.1299999999,5552955.3300000001],[7423320.9199999999,5552967.6899999995],[7423329.7699999996,5552965.6699999999],[7423332.5300000003,5552964.75],[7423335.0300000003,5552964.4199999999],[7423348.5800000001,5552962.7699999996],[7423355.3499999996,5552961.9299999997],[7423359.2999999998,5552961.1500000004],[7423363.3200000003,5552959.9600000009],[7423366.2300000004,5552959.3000000007],[7423403.71,5552951.2200000007],[7423417.6600000001,5552948.6899999995],[7423419.2400000002,5552956.6300000008],[7423421.1500000004,5552960.8599999994],[7423422.7599999998,5552965.2100000009],[7423423.9000000004,5552969.3300000001],[7423424.29,5552974.8699999992],[7423423.8499999996,5552979.3699999992],[7423422.4000000004,5552985.5600000005],[7423420.1600000001,5552991.7200000007],[7423418.1799999997,5552995.5099999998],[7423414.8799999999,5553001.4600000009],[7423414.0899999999,5553002.5999999996],[7423408.5499999998,5553010.2100000009],[7423398.6799999997,5553023.5399999991],[7423392.0300000003,5553032.3900000006],[7423377.2599999998,5553053.2200000007],[7423363.2800000003,5553073.6099999994],[7423352.3200000003,5553089.9100000001],[7423339.5300000003,5553108.9800000004],[7423334.0499999998,5553117.7200000007],[7423330.0199999996,5553124.2400000002],[7423317.7400000002,5553143.6099999994],[7423304.9299999997,5553163.4299999997],[7423297.4199999999,5553174.4900000002],[7423284.0599999996,5553193.9299999997],[7423260.6100000003,5553233.1300000008],[7423296.2999999998,5553249],[7423305.9000000004,5553249.6300000008],[7423317.6600000001,5553248.75],[7423331.1699999999,5553249.3800000008],[7423348.5800000001,5553238.4199999999],[7423354.6399999997,5553234.5099999998],[7423373.1900000004,5553218.1500000004],[7423385.3600000003,5553206.9100000001],[7423395.96,5553198.2899999991],[7423416.7199999997,5553180.5600000005],[7423437.2800000003,5553162.1899999995],[7423448.5800000001,5553152.2799999993],[7423455.9500000002,5553145.8900000006],[7423471.5099999998,5553131.5800000001],[7423482.79,5553119.4800000004],[7423492.7000000002,5553108.4600000009],[7423500.04,5553099.8900000006],[7423508.1200000001,5553090.8200000003],[7423524.2000000002,5553073.5899999999],[7423531.0499999998,5553065.1799999997],[7423536.8099999996,5553057.6500000004],[7423539.0700000003,5553053.1799999997],[7423541.2800000003,5553049.0500000007],[7423542.8700000001,5553044.1600000001],[7423544.0800000001,5553038.4700000007],[7423546.0199999996,5553025.9000000004],[7423547.7199999997,5553009.9199999999],[7423549.54,5552997.5199999996],[7423553.21,5552980.7200000007],[7423556.0499999998,5552966.9399999995],[7423557.7400000002,5552956.5700000003],[7423557.9100000001,5552947.9100000001],[7423556.6100000003,5552938.7200000007],[7423553.8300000001,5552929.3699999992],[7423552.9500000002,5552927.4399999995],[7423550.5199999996,5552922.8699999992],[7423549,5552921.0299999993],[7423531.9299999997,5552900.4800000004],[7423530.0999999996,5552898.6300000008],[7423525.2699999996,5552893.6899999995],[7423508.46,5552878.0600000005],[7423501.8899999997,5552861.1099999994],[7423499.0099999998,5552853.6799999997],[7423494.6699999999,5552849.9000000004],[7423473.1200000001,5552846.3399999999],[7423444.5,5552840.0600000005],[7423439.0499999998,5552838.3399999999],[7423418.5999999996,5552831.9299999997],[7423417.0300000003,5552831.2599999998],[7423422.1699999999,5552817.1899999995],[7423431.8799999999,5552794.5800000001],[7423441.5800000001,5552771.1999999993],[7423449.7800000003,5552750.6099999994],[7423459.04,5552728.1400000006],[7423469.1100000003,5552706.5099999998],[7423470.4100000001,5552707.7100000009],[7423477.6699999999,5552698.5500000007],[7423483.9400000004,5552687.2699999996],[7423486.7800000003,5552681.1799999997],[7423490.2199999997,5552671.1500000004],[7423501.5899999999,5552645.0399999991],[7423508.29,5552634.7799999993],[7423515.4900000002,5552625.1400000006],[7423484.6600000001,5552599.8000000007],[7423456.2699999996,5552575.8200000003],[7423435.2599999998,5552558.0399999991],[7423423.5099999998,5552548.4399999995],[7423412.7800000003,5552539.1600000001],[7423393.9100000001,5552522.6500000004],[7423384.8399999999,5552515.2799999993],[7423381.9199999999,5552512.9000000004],[7423376.7199999997,5552506.8900000006],[7423368.9199999999,5552512.4399999995],[7423355.0899999999,5552533.2899999991],[7423336.1699999999,5552551.2300000004],[7423332,5552564.6799999997],[7423325.3499999996,5552573.7799999993],[7423325.6699999999,5552592.3300000001],[7423327.5800000001,5552603.3200000003],[7423329.3200000003,5552614.1500000004],[7423329.46,5552624.5999999996],[7423328.46,5552632.5099999998],[7423326.8600000003,5552639.8100000005],[7423320.5199999996,5552642.7400000002],[7423309.5499999998,5552648.7300000004],[7423294.3099999996,5552658.3499999996],[7423265.9800000004,5552642.8100000005],[7423261.3499999996,5552640.0700000003],[7423239.5499999998,5552627.1600000001],[7423235.3600000003,5552624.5299999993],[7423225.1799999997,5552616.5099999998],[7423221.54,5552611.8499999996],[7423214.8899999997,5552600.7100000009],[7423213.9299999997,5552595.7400000002],[7423203.1500000004,5552581.8800000008],[7423200.4900000002,5552593.8399999999],[7423188.4400000004,5552588.9000000004],[7423186.1100000003,5552587.7200000007],[7423185.5700000003,5552587.4299999997],[7423179.8300000001,5552584.2899999991],[7423175.4000000004,5552581.8599999994],[7423168.2300000004,5552577.6400000006],[7423164.1100000003,5552575.2100000009],[7423161.5899999999,5552573.75],[7423154.9299999997,5552569.9600000009],[7423148.3200000003,5552566.2100000009],[7423144.1100000003,5552563.8300000001],[7423141.7300000004,5552562.3699999992],[7423129.71,5552554.9499999993],[7423122.0599999996,5552550.2400000002],[7423104.9400000004,5552540.0600000005],[7423101.75,5552538.3300000001],[7423100.7199999997,5552537.75],[7423087.6500000004,5552530.3800000008],[7423071.1600000001,5552520.8300000001],[7423052.2699999996,5552510.1600000001],[7423031.4900000002,5552498.2599999998],[7423023.5,5552493.2899999991],[7423012.7300000004,5552487.0999999996],[7422994.2000000002,5552476.4600000009],[7422980.5499999998,5552468.0600000005],[7422979.75,5552467.5999999996],[7422965.2599999998,5552458.9900000002],[7422950.0199999996,5552448.8599999994],[7422945.0700000003,5552444.9199999999],[7422934.5800000001,5552437.9399999995],[7422909.7000000002,5552421.4000000004],[7422892.1200000001,5552410.0199999996],[7422862.7000000002,5552390.9700000007],[7422839.79,5552376.1500000004],[7422837.9000000004,5552374.9399999995],[7422823.5999999996,5552366.2699999996],[7422817.2400000002,5552362.0999999996],[7422804.29,5552353.6400000006],[7422801.9800000004,5552352],[7422811.4500000002,5552338.2599999998],[7422806.0300000003,5552335.0199999996],[7422794.6799999997,5552328.2200000007],[7422794.29,5552327.9900000002],[7422791.1399999997,5552326.1099999994],[7422781.5300000003,5552320.9499999993],[7422773.5899999999,5552316.6999999993],[7422772.46,5552316.0800000001],[7422765.7699999996,5552312.2400000002],[7422757.8600000003,5552307.6899999995],[7422753.5099999998,5552305.1899999995],[7422749.8099999996,5552303.4000000004],[7422741.6699999999,5552299.4499999993],[7422734.2199999997,5552295.8499999996],[7422733.5700000003,5552295.4299999997],[7422725.9199999999,5552290.5],[7422718.7999999998,5552285.9100000001],[7422718.2300000004,5552285.6099999994],[7422707.4100000001,5552279.7799999993],[7422703.25,5552277.4900000002],[7422702.6100000003,5552277.1400000006],[7422699.7000000002,5552275.5999999996],[7422688.5199999996,5552269.7100000009],[7422684.5199999996,5552267.8300000001],[7422676.8499999996,5552264.2100000009],[7422676.3399999999,5552263.9800000004],[7422673.1100000003,5552262.5500000007],[7422668.1699999999,5552260.0800000001],[7422659.96,5552256],[7422651.7800000003,5552251.9100000001],[7422651.1600000001,5552251.6099999994],[7422652.4900000002,5552247.8900000006],[7422655.3899999997,5552239.7699999996],[7422659.1299999999,5552223.5299999993],[7422660.8899999997,5552217.0099999998],[7422660.9699999997,5552216.7300000004],[7422661.3600000003,5552206.3200000003],[7422661.5099999998,5552202.1300000008],[7422660.71,5552195.6999999993],[7422660.5300000003,5552194.2699999996],[7422659.3300000001,5552184.7699999996],[7422658.0599999996,5552165.9199999999],[7422657.5300000003,5552157.3499999996],[7422657.3399999999,5552154.3599999994],[7422657.8499999996,5552142.1300000008],[7422656.9299999997,5552122.8000000007],[7422654.1799999997,5552123.1799999997],[7422647.9900000002,5552124.8699999992],[7422633.9000000004,5552129.1699999999],[7422625.8600000003,5552131.3499999996],[7422618.1100000003,5552134.0899999999],[7422610.0700000003,5552136.4399999995],[7422602.6799999997,5552138.9600000009],[7422594.6799999997,5552141.4000000004],[7422584.4000000004,5552145.0999999996],[7422570.5499999998,5552150.5399999991],[7422569.9000000004,5552150.8200000003],[7422567.4299999997,5552151.7599999998],[7422560.0499999998,5552155.0500000007],[7422552.04,5552158.5],[7422545.6399999997,5552161.2699999996],[7422540.1699999999,5552163.6199999992],[7422523.79,5552168.75],[7422514.3399999999,5552171.8599999994],[7422506.2999999998,5552174.6600000001],[7422500.9400000004,5552176.2100000009],[7422482.9100000001,5552182.8399999999],[7422478.5599999996,5552184.6199999992],[7422474.2300000004,5552186.3800000008],[7422470,5552188.1199999992],[7422466.0300000003,5552189.7400000002],[7422457.29,5552191.2200000007],[7422448.5199999996,5552193.4100000001],[7422429.4500000002,5552197.2699999996],[7422416.7300000004,5552201.6199999992],[7422393.9900000002,5552208.0800000001],[7422391.7300000004,5552208.7100000009],[7422387.6399999997,5552209.8800000008],[7422387.1699999999,5552214.4000000004],[7422386.3799999999,5552229.0199999996],[7422385.2699999996,5552241.6400000006],[7422384.6100000003,5552248.6699999999],[7422384.4299999997,5552250.5600000005],[7422383.6900000004,5552258.5500000007],[7422382.9199999999,5552266.5299999993],[7422382.8399999999,5552267.5199999996],[7422381.9400000004,5552274.4000000004],[7422380.9400000004,5552281.9299999997],[7422380.9000000004,5552282.2100000009],[7422379.7999999998,5552289.9900000002],[7422379.0099999998,5552295.5500000007],[7422378.6600000001,5552297.7599999998],[7422377.4299999997,5552305.4700000007],[7422377.1799999997,5552307.1799999997],[7422376.4500000002,5552314.1199999992],[7422375.75,5552320.1199999992],[7422375.6299999999,5552321.2699999996],[7422374.5300000003,5552335.6699999999],[7422373.0499999998,5552346.4299999997],[7422372.9800000004,5552347.3100000005],[7422372.0899999999,5552360.6899999995],[7422372.0199999996,5552362.5700000003],[7422371.5899999999,5552375.2400000002],[7422371.54,5552375.9199999999],[7422371.4900000002,5552376.3800000008],[7422371.0999999996,5552382.0899999999],[7422371.04,5552385.1300000008],[7422371.0099999998,5552385.5099999998],[7422370.9800000004,5552387.4800000004],[7422370.8300000001,5552389.6300000008],[7422370.3399999999,5552394.2200000007],[7422369.4500000002,5552402.5399999991],[7422369.3600000003,5552403.1400000006],[7422367.5499999998,5552417.1999999993],[7422366.1299999999,5552429.5700000003],[7422365.1299999999,5552442.5700000003],[7422364.7599999998,5552449.6799999997],[7422363.6200000001,5552457.5099999998],[7422363.1699999999,5552461.3000000007],[7422362,5552471.5099999998],[7422361.2800000003,5552475.9100000001],[7422359.7699999996,5552485.6099999994],[7422358.6100000003,5552494.7799999993],[7422357.8200000003,5552498.3499999996],[7422356.75,5552506.5999999996],[7422356.5099999998,5552508.5800000001],[7422356.0599999996,5552512.0099999998],[7422355.3200000003,5552518.6199999992],[7422354.5700000003,5552525.2300000004],[7422353.8399999999,5552531.8300000001],[7422353.21,5552537.3499999996],[7422352.3399999999,5552540.7400000002],[7422352.0800000001,5552542.1699999999],[7422349.71,5552555.1699999999],[7422349.1100000003,5552557.4700000007],[7422346.3399999999,5552568.1400000006],[7422343.8300000001,5552579.5],[7422341.3200000003,5552592.0399999991],[7422339.6399999997,5552604.4900000002],[7422339.9800000004,5552606.0999999996],[7422338.8200000003,5552612.3200000003],[7422338.1299999999,5552616.1199999992],[7422334.5,5552635.6300000008],[7422333.5099999998,5552641],[7422333.3099999996,5552642.2799999993],[7422329.0099999998,5552669.9499999993],[7422327.5899999999,5552677.75],[7422326.8899999997,5552693.2300000004],[7422326.7599999998,5552694.6400000006],[7422326.29,5552700.3900000006],[7422324.1200000001,5552713.6400000006],[7422323.5999999996,5552716.8499999996],[7422320.4800000004,5552731.3399999999],[7422316.6299999999,5552745.0600000005],[7422311.1299999999,5552762.3599999994],[7422308.8499999996,5552770.2799999993],[7422306.7999999998,5552778.3900000006],[7422304.5999999996,5552789.6999999993],[7422302.7599999998,5552796.6999999993],[7422302.5199999996,5552797.6199999992],[7422298.3899999997,5552811.1400000006],[7422290.8700000001,5552835],[7422283.9800000004,5552861],[7422275.2699999996,5552893.5399999991],[7422274.5700000003,5552895.9399999995],[7422273.75,5552898.7699999996],[7422269.6299999999,5552912.9600000009],[7422261.7999999998,5552941.3800000008],[7422255.4299999997,5552964.8300000001],[7422249.1600000001,5552988.25],[7422244.2999999998,5553006.6999999993],[7422238.6399999997,5553031.7100000009],[7422235.2000000002,5553045.9199999999],[7422231.4000000004,5553063.8200000003],[7422226.3600000003,5553083.2300000004],[7422223.29,5553096.1199999992],[7422220.21,5553107.5800000001],[7422218.1100000003,5553115.8100000005],[7422215.9100000001,5553124.4800000004],[7422213.5999999996,5553136.0399999991],[7422212.7400000002,5553142.6199999992],[7422212.8200000003,5553150.0700000003],[7422210.9000000004,5553163.6999999993],[7422207.75,5553176.6300000008],[7422205.0999999996,5553189.4600000009],[7422199.25,5553215.5199999996],[7422194.2199999997,5553228.9700000007],[7422188.3499999996,5553243.0899999999],[7422183.3799999999,5553257.4100000001],[7422174.9299999997,5553285.7300000004],[7422164.7999999998,5553312.8900000006],[7422158.96,5553326.7400000002],[7422154.6399999997,5553341.4900000002],[7422152.3099999996,5553355.2200000007],[7422150.4699999997,5553370.6899999995],[7422149.4100000001,5553383.5600000005],[7422145.8799999999,5553399.4700000007],[7422141.4800000004,5553409.2400000002],[7422134.4100000001,5553423.3900000006],[7422131.6399999997,5553432.9399999995],[7422130.3499999996,5553436.1899999995],[7422129.0499999998,5553439.4399999995],[7422120.5800000001,5553461.3599999994],[7422115.8300000001,5553474.3300000001],[7422111.1600000001,5553484.1899999995],[7422105.7599999998,5553496.5199999996],[7422100.3399999999,5553509.6300000008],[7422097.3799999999,5553518.25],[7422095.9299999997,5553526.1099999994],[7422094.5300000003,5553533.8200000003],[7422093.4900000002,5553541.8100000005],[7422091.5,5553556.5199999996],[7422087.04,5553573.1899999995],[7422081.5300000003,5553587.7599999998],[7422077.79,5553599.3800000008],[7422073.04,5553613.25],[7422069.6100000003,5553623.8699999992],[7422067.5599999996,5553635.0600000005],[7422064.6399999997,5553653.4900000002],[7422062.1500000004,5553664.5899999999],[7422057.5,5553679.9399999995],[7422054.0999999996,5553692.0600000005],[7422052.25,5553698.6400000006],[7422053.2199999997,5553701.7799999993],[7422052.2800000003,5553705.4800000004],[7422049.8700000001,5553716.8000000007],[7422049.3399999999,5553724.25],[7422047.9699999997,5553730.9100000001],[7422045.9100000001,5553737.1699999999],[7422043.1900000004,5553741.7200000007],[7422034.54,5553753.2599999998],[7422031.6799999997,5553758.6899999995],[7422029.75,5553762.9600000009],[7422028.5199999996,5553767.3599999994],[7422026.1799999997,5553777.8599999994],[7422023.8200000003,5553791.5299999993],[7422018.3799999999,5553809.8900000006],[7422015.7400000002,5553823.4600000009],[7422012.4500000002,5553834.1999999993],[7422009.6399999997,5553837.1799999997],[7422008.04,5553842.6199999992],[7422006.8300000001,5553849.0299999993],[7422005.7300000004,5553857.0700000003],[7422003.3799999999,5553869.2400000002],[7422000.2800000003,5553881.0299999993],[7421997.29,5553893.0800000001],[7421995.5499999998,5553905.5],[7421993,5553932.5],[7421991.3099999996,5553944.1899999995],[7421988.7999999998,5553958.4800000004],[7421985.6900000004,5553975.2799999993],[7421983.4699999997,5553986.6300000008],[7421975.54,5554013.8399999999],[7421969.5700000003,5554035.8100000005],[7421965.1200000001,5554057.6999999993],[7421956.71,5554087.2699999996],[7421955.2999999998,5554093.3399999999],[7421952.6200000001,5554102.3800000008],[7421950.2199999997,5554110.3900000006],[7421947.5800000001,5554119.3800000008],[7421944.2599999998,5554129.7899999991],[7421941.4299999997,5554135.4800000004],[7421938.5599999996,5554141.0299999993],[7421935.79,5554144.8300000001],[7421932.7699999996,5554148.6199999992],[7421929.75,5554152.3900000006],[7421926.4199999999,5554154.1799999997],[7421918.7599999998,5554163.8300000001],[7421913.7699999996,5554169.7599999998],[7421910.2199999997,5554174.4199999999],[7421905.3700000001,5554181.1500000004],[7421901.4299999997,5554186.4299999997],[7421898.9199999999,5554190.3300000001],[7421896.4199999999,5554195.0700000003],[7421894.1100000003,5554199.4499999993],[7421891.4199999999,5554205.9800000004],[7421888.2400000002,5554212.9199999999],[7421888.4000000004,5554217.2100000009],[7421886.3899999997,5554220.3499999996],[7421874.54,5554238.6199999992],[7421866.0199999996,5554251.4399999995],[7421855.7699999996,5554265.7300000004],[7421852.3300000001,5554270.3599999994],[7421846.7199999997,5554275.8499999996],[7421845.6500000004,5554276.8900000006],[7421838.4100000001,5554290.5700000003],[7421833.3499999996,5554299.3499999996],[7421829.0700000003,5554308.4000000004],[7421823.8499999996,5554319.5199999996],[7421817.8700000001,5554332.2799999993],[7421814.7199999997,5554339.0099999998],[7421812.0899999999,5554345.2200000007],[7421806.8200000003,5554358.2799999993],[7421800.46,5554373.2300000004],[7421794.1399999997,5554387.1699999999],[7421787.6299999999,5554399.9700000007],[7421781.5499999998,5554410.4900000002],[7421780.4299999997,5554412.3399999999],[7421776.96,5554418.0199999996],[7421775.25,5554420.6799999997],[7421772.8099999996,5554425.1799999997],[7421767.1399999997,5554436.9199999999],[7421765.2599999998,5554440.8300000001],[7421760.1699999999,5554449.1899999995],[7421753.4900000002,5554458.1300000008],[7421751.2699999996,5554461.3599999994],[7421748.4299999997,5554465.5700000003],[7421744.5499999998,5554471.7699999996],[7421737.8499999996,5554482.2599999998],[7421729.5099999998,5554495.9100000001],[7421725.0199999996,5554502.8100000005],[7421716.6299999999,5554514.3100000005],[7421711.1699999999,5554523.1899999995],[7421707.6200000001,5554529.5600000005],[7421704.3200000003,5554535.7300000004],[7421700.8700000001,5554541.3100000005],[7421697.2800000003,5554545.8200000003],[7421693.4000000004,5554550.3200000003],[7421687.96,5554555.4000000004],[7421687.3200000003,5554561.5399999991],[7421679.1200000001,5554573.6099999994],[7421676.8200000003,5554576.9900000002],[7421668.79,5554579.1400000006],[7421663.1399999997,5554581.6799999997],[7421657.1200000001,5554586.0999999996],[7421650.96,5554594.0800000001],[7421644.3300000001,5554601.5600000005],[7421630.8799999999,5554615.3699999992],[7421620.4000000004,5554623.5199999996],[7421612.7699999996,5554630.4199999999],[7421606.4400000004,5554636.5600000005],[7421600.2800000003,5554641.3800000008],[7421595.1200000001,5554645.4100000001],[7421590.2699999996,5554649.6899999995],[7421583.7800000003,5554655.2200000007],[7421576.8799999999,5554661.6500000004],[7421572.2199999997,5554664.1600000001],[7421566.1200000001,5554668.6799999997],[7421559.8799999999,5554673.4700000007],[7421554.1399999997,5554678.8399999999],[7421548.4100000001,5554684.3300000001],[7421541.5199999996,5554691.1600000001],[7421536.7800000003,5554695.6099999994],[7421529.6600000001,5554703.7799999993],[7421522.29,5554712.0099999998],[7421515.6500000004,5554720.0800000001],[7421510.9699999997,5554726.4100000001],[7421507.71,5554731.0099999998],[7421503.8600000003,5554735.9600000009],[7421500.0599999996,5554741.4499999993],[7421495.0199999996,5554750.9399999995],[7421491.1500000004,5554758.6999999993],[7421487.8499999996,5554766.4800000004],[7421484.5999999996,5554773.6699999999],[7421482.7800000003,5554772.8300000001],[7421474.6900000004,5554788.1699999999],[7421465.8600000003,5554808.5600000005],[7421463.8700000001,5554813.1600000001],[7421459.5800000001,5554818.8399999999],[7421455.1799999997,5554826.5399999991],[7421454.6299999999,5554827.4900000002],[7421451.7999999998,5554835.0099999998],[7421445.7999999998,5554833.0299999993],[7421445.6100000003,5554836.5700000003],[7421445.4400000004,5554840.0299999993],[7421444.21,5554846.9000000004],[7421443.5599999996,5554851.0099999998],[7421441.2999999998,5554859.6699999999],[7421438.0199999996,5554871.1199999992],[7421436.6500000004,5554876.2699999996],[7421435.9100000001,5554879.0899999999],[7421433.5899999999,5554886.3499999996],[7421430.3099999996,5554896.3599999994],[7421427.6200000001,5554905.3599999994],[7421425.3099999996,5554914.0700000003],[7421408.5899999999,5554908.0500000007],[7421407.75,5554910.4900000002],[7421404.7800000003,5554919.0899999999],[7421403.71,5554922.2300000004],[7421398.6699999999,5554933.8599999994],[7421397.75,5554935.4100000001],[7421392.4900000002,5554944.1799999997],[7421388.2699999996,5554951.0899999999],[7421387.4500000002,5554952.4600000009],[7421382.9000000004,5554958.6400000006],[7421341.25,5554937.2100000009],[7421311.7800000003,5554922.0299999993],[7421263.7599999998,5554904.8100000005],[7421230.1699999999,5554905.25],[7421225.3899999997,5554913.2599999998],[7421224.5599999996,5554942.3800000008],[7421277.2400000002,5554948.8000000007],[7421301.5499999998,5554950.4600000009],[7421318,5554991.5],[7421273.2699999996,5554985.75],[7421228,5554980.4000000004],[7421227.3200000003,5555025.3499999996],[7421227.4299999997,5555026.9299999997],[7421227.6399999997,5555030.2400000002],[7421212.46,5555029.6899999995],[7421188.4699999997,5555029.3000000007],[7421179.3600000003,5555029],[7421164.54,5555028.9100000001],[7421140.46,5555029.0500000007],[7421119.5899999999,5555029.4700000007],[7421116.46,5555029.5899999999],[7421092.4500000002,5555030.0999999996],[7421074.79,5555028.9600000009],[7421068.5199999996,5555030.6099999994],[7421055.6399999997,5555029.2300000004],[7421040.0700000003,5555029.7699999996],[7421022,5555030.1400000006],[7421006.0499999998,5555030.7599999998],[7420986.6799999997,5555031.25],[7420965.1799999997,5555031.2799999993],[7420951.9299999997,5555031.6699999999],[7420948.1699999999,5555032.2200000007],[7420946.5599999996,5555034.7400000002],[7420939.1100000003,5555033.7899999991],[7420927.21,5555032.4600000009],[7420887.96,5555032.9399999995],[7420874.5,5555032.5099999998],[7420812.4000000004,5555030.5399999991],[7420811.6699999999,5555027.3300000001],[7420811.46,5555025.3200000003],[7420808.4800000004,5554996.3800000008],[7420806.5599999996,5554972.5899999999],[7420806.0199999996,5554965.3200000003],[7420803.9100000001,5554949.25],[7420803.1799999997,5554938.1500000004],[7420802.3399999999,5554925.75],[7420802.4400000004,5554917.7699999996],[7420803.25,5554905.3800000008],[7420805.3399999999,5554892.25],[7420806.5800000001,5554880.75],[7420808.6399999997,5554868.7599999998],[7420810.0499999998,5554856.8900000006],[7420811.4500000002,5554848.8100000005],[7420812.9500000002,5554837.3100000005],[7420792.3200000003,5554836.9299999997],[7420762.6699999999,5554835.3399999999],[7420750.9900000002,5554835.6600000001],[7420739.6100000003,5554835.8699999992],[7420740.4299999997,5554823.8499999996],[7420741.7400000002,5554810.9000000004],[7420727.3499999996,5554810.7100000009],[7420694.3499999996,5554807.25],[7420663,5554802.1099999994],[7420664.4800000004,5554788.1600000001],[7420666.7300000004,5554772.3200000003],[7420668.4100000001,5554760.5399999991],[7420678.6799999997,5554754.0500000007],[7420684.3899999997,5554746.9100000001],[7420686.9100000001,5554743.7599999998],[7420709.0899999999,5554724.5399999991],[7420712.3200000003,5554722.8200000003],[7420714.71,5554720.25],[7420715.0300000003,5554717.6799999997],[7420718.2400000002,5554705.8000000007],[7420724.2000000002,5554698.1600000001],[7420725.8700000001,5554693.4399999995],[7420726.9100000001,5554687.6500000004],[7420726.0099999998,5554683.7899999991],[7420724.8499999996,5554679.8300000001],[7420723.7400000002,5554674.0800000001],[7420723.54,5554671.3300000001],[7420723.5499999998,5554667.7100000009],[7420723.5499999998,5554665.3599999994],[7420724.2599999998,5554657.0999999996],[7420727.8399999999,5554634.4100000001],[7420720.2300000004,5554637.3499999996],[7420708.2300000004,5554642.3900000006],[7420704.2699999996,5554643.9700000007],[7420697.8300000001,5554646.0999999996],[7420688.0199999996,5554648.3800000008],[7420669.6900000004,5554652.9000000004],[7420660.54,5554655.1300000008],[7420640.6500000004,5554659.9299999997],[7420637.9000000004,5554660.4600000009],[7420625.96,5554662.1699999999],[7420618.0199999996,5554662.8699999992],[7420609.7400000002,5554663.4800000004],[7420602.2400000002,5554663.7300000004],[7420595.29,5554663.8100000005],[7420586.7400000002,5554663.4600000009],[7420577.8799999999,5554662.7400000002],[7420570.3899999997,5554661.5700000003],[7420560.8700000001,5554660.3100000005],[7420550.8899999997,5554658.3900000006],[7420543.54,5554656.6199999992],[7420535.3799999999,5554654.4000000004],[7420527.8700000001,5554652.0500000007],[7420521.3499999996,5554649.5600000005],[7420519.25,5554648.75],[7420517.9400000004,5554648.1699999999],[7420510.2300000004,5554644.9399999995],[7420508.46,5554644.1999999993],[7420501.1900000004,5554641.3699999992],[7420489.9900000002,5554636.75],[7420481.9500000002,5554633.8900000006],[7420474.5700000003,5554631.5500000007],[7420472.8200000003,5554630.9900000002],[7420465.2300000004,5554628.8300000001],[7420447.7400000002,5554624.6099999994],[7420426.3300000001,5554619.7200000007],[7420414.9500000002,5554617.2200000007],[7420400.4800000004,5554614.2799999993],[7420384.6500000004,5554611.3399999999],[7420350.8399999999,5554606.8699999992],[7420344.7699999996,5554606.0500000007],[7420341.0199999996,5554605.3100000005],[7420335.8499999996,5554605.75],[7420318.7800000003,5554606.1500000004],[7420304.54,5554606.1400000006],[7420293.2400000002,5554605.6799999997],[7420288.2199999997,5554605.3000000007],[7420281.7800000003,5554605.0800000001],[7420274.1299999999,5554605.3699999992],[7420267.2000000002,5554606.2200000007],[7420260.3600000003,5554605.75],[7420254.2699999996,5554605.1799999997],[7420249.8600000003,5554603.4299999997],[7420244.9900000002,5554602.7400000002],[7420240.3700000001,5554602.6899999995],[7420231.9100000001,5554603.5099999998],[7420227.6399999997,5554602.6899999995],[7420221.29,5554600.4100000001],[7420215.7599999998,5554597.3000000007],[7420199.2599999998,5554591.6400000006],[7420181.9699999997,5554584.2599999998],[7420169.3799999999,5554577.9399999995],[7420155.6600000001,5554570.4900000002],[7420135.8600000003,5554560.3800000008],[7420119.4500000002,5554551.0999999996],[7420104.8300000001,5554544.8900000006],[7420096.3300000001,5554540.0299999993],[7420079.5,5554530.2599999998],[7420071.5599999996,5554525.4600000009],[7420065.1900000004,5554521.1400000006],[7420062.2199999997,5554518.8000000007],[7420048.9500000002,5554507.9700000007],[7420043.6200000001,5554504.0399999991],[7420036.3099999996,5554497.8599999994],[7420023.9699999997,5554486.8699999992],[7420014.7300000004,5554477.4800000004],[7420009.0700000003,5554471.7899999991],[7420002.0800000001,5554464.0299999993],[7419989.8700000001,5554449.7599999998],[7419978.96,5554437.4900000002],[7419974.6699999999,5554432.5600000005],[7419970.6100000003,5554427.9399999995],[7419965.5599999996,5554422.0999999996],[7419961.9400000004,5554417.4700000007],[7419955.4299999997,5554408.6600000001],[7419948.8499999996,5554399.3300000001],[7419943.2000000002,5554391.75],[7419936.4500000002,5554382.2699999996],[7419929.4400000004,5554371.5700000003],[7419924.6299999999,5554364.1500000004],[7419923.4199999999,5554362.2699999996],[7419914.3499999996,5554348.4100000001],[7419906.8600000003,5554334.6099999994],[7419899.2400000002,5554319.5299999993],[7419897.3899999997,5554316.0199999996],[7419886.6299999999,5554298.2599999998],[7419885.4900000002,5554295.7100000009],[7419884.5199999996,5554293.5700000003],[7419877.3700000001,5554282],[7419874.6200000001,5554277.3300000001],[7419870.7599999998,5554270.7400000002],[7419864.9299999997,5554260.3000000007],[7419860.3799999999,5554251.8300000001],[7419855.5999999996,5554241.4700000007],[7419851.7300000004,5554232.5999999996],[7419847.46,5554224.2100000009],[7419842.9199999999,5554215.7200000007],[7419834.8300000001,5554199.1899999995],[7419833.2699999996,5554195.7100000009],[7419831.8799999999,5554192.2699999996],[7419830.3300000001,5554187.8900000006],[7419827.6100000003,5554181.5],[7419825.75,5554175.6899999995],[7419823.6500000004,5554168.1300000008],[7419823.0800000001,5554164.9399999995],[7419821.7199999997,5554154.3100000005],[7419820.3799999999,5554142.8200000003],[7419818.9199999999,5554132.0800000001],[7419817.8099999996,5554120.9000000004],[7419817.4199999999,5554112.5999999996],[7419815.3399999999,5554096.1500000004],[7419813.3300000001,5554083.8300000001],[7419811.3700000001,5554071.8300000001],[7419805.9900000002,5554053.1600000001],[7419800.1600000001,5554038.4199999999],[7419796.5700000003,5554028.4000000004],[7419794.3099999996,5554020.1199999992],[7419791.9800000004,5554011.9800000004],[7419786.9800000004,5553996.5700000003],[7419785.4400000004,5553992.8699999992],[7419783.2699999996,5553985.5099999998],[7419781.0700000003,5553977.0399999991],[7419778.8099999996,5553969.1099999994],[7419775.8799999999,5553958.6600000001],[7419773.04,5553948.4100000001],[7419770.1500000004,5553939.6099999994],[7419766.4299999997,5553927.9000000004],[7419762.3799999999,5553915.4299999997],[7419755.1399999997,5553890.1400000006],[7419752.2999999998,5553878.8399999999],[7419749.2599999998,5553866.5500000007],[7419745.9800000004,5553855.9100000001],[7419741.6100000003,5553842.9499999993],[7419737.9199999999,5553831.9900000002],[7419735.3300000001,5553821.8900000006],[7419730.8899999997,5553810.6899999995],[7419725.8600000003,5553799.2200000007],[7419718.7400000002,5553783.8300000001],[7419713.0700000003,5553771.1699999999],[7419707,5553756.75],[7419703.0899999999,5553748.1300000008],[7419699.9000000004,5553738.3100000005],[7419696,5553728.7899999991],[7419692.5800000001,5553719.9700000007],[7419686.7599999998,5553704.2599999998],[7419686.6399999997,5553703.9399999995],[7419681.4800000004,5553687.75],[7419675.7699999996,5553671.5500000007],[7419672.0499999998,5553662.4900000002],[7419669.6500000004,5553655.2100000009],[7419668.04,5553649.5500000007],[7419666.9500000002,5553644.5],[7419665.2400000002,5553636.0299999993],[7419664.4000000004,5553629.9000000004],[7419663.0599999996,5553619.5700000003],[7419662.3200000003,5553612.9199999999],[7419662.6299999999,5553609.3200000003],[7419663.1500000004,5553605.4299999997],[7419664.4299999997,5553601.4800000004],[7419665.96,5553597.3000000007],[7419668.3300000001,5553593.5299999993],[7419665.7999999998,5553589.1899999995],[7419664,5553576.6899999995],[7419663.7199999997,5553574.7200000007],[7419663.04,5553569.5899999999],[7419662.2999999998,5553565.2400000002],[7419660.7300000004,5553557.7300000004],[7419659.2699999996,5553552.3699999992],[7419656.9699999997,5553545.2300000004],[7419655.3300000001,5553540.2599999998],[7419653.0300000003,5553534.7599999998],[7419650.6299999999,5553528.8000000007],[7419647.1699999999,5553521.4000000004],[7419643.0599999996,5553513.8399999999],[7419638.0599999996,5553505.6600000001],[7419632.46,5553495.7300000004],[7419627.4100000001,5553487.4000000004],[7419620.1699999999,5553476.7599999998],[7419614.2199999997,5553467.4000000004],[7419608.8399999999,5553459.3200000003],[7419603.3200000003,5553449.8699999992],[7419599.46,5553442.7799999993],[7419595.0199999996,5553434.7699999996],[7419585.0300000003,5553416.8800000008],[7419570.7599999998,5553395.2200000007],[7419562.7999999998,5553385.9800000004],[7419554.9500000002,5553376.8399999999],[7419536.6200000001,5553359.8200000003],[7419503.9299999997,5553336.0600000005],[7419455.04,5553300.5099999998],[7419437.1500000004,5553287.9499999993],[7419383.75,5553250.4299999997],[7419046.4900000002,5553024.5600000005],[7419017.1200000001,5553004.8900000006],[7418983.1299999999,5552985.1999999993],[7418693.71,5552976.6600000001],[7418584.4400000004,5552824.4900000002]]]},"properties":{"objectid":2267742732294,"id_dzielni":4,"nr_dzielni":"IV","nazwa":"Prądnik Biały","nazwa_peln":"Dzielnica IV Prądnik Biały","opis":"UCHWAŁA NR XCIX/1498/14 RADY MIASTA KRAKOWA","powierzchn":23418679,"data_aktua":1396303200000}},{"type":"Feature","id":2267742732295,"geometry":{"type":"Polygon","coordinates":[[[7429574.46,5549023.6799999997],[7429581.0700000003,5549021.2599999998],[7429581.4100000001,5549020.5600000005],[7429592.9000000004,5549003.2100000009],[7429593.8700000001,5549001.75],[7429600.5300000003,5548991.4700000007],[7429605.9100000001,5548983.4100000001],[7429608.4299999997,5548979.5],[7429606.0800000001,5548964.7300000004],[7429609.3200000003,5548964.0600000005],[7429610.0499999998,5548967.3699999992],[7429621.0199999996,5548962.6699999999],[7429631,5548958.0600000005],[7429672.0300000003,5548954.1799999997],[7429683.9500000002,5548953.0500000007],[7429693.3399999999,5548968.2100000009],[7429715.8799999999,5548982.4700000007],[7429721.5300000003,5548986.1500000004],[7429748.7599999998,5548994.2599999998],[7429788.8399999999,5548987.8399999999],[7429795.2199999997,5548986.7400000002],[7429804.3300000001,5548984.9199999999],[7429806.7000000002,5548998.4700000007],[7429812.46,5548998.1099999994],[7429819.6100000003,5548996.9000000004],[7429821.8099999996,5548995.8399999999],[7429827.8700000001,5548995.5899999999],[7429827.7999999998,5548997.3900000006],[7429829.8099999996,5548997.1199999992],[7429829.71,5548996.0099999998],[7429834.0700000003,5548995.6400000006],[7429834.0300000003,5548996.8399999999],[7429836.2400000002,5548996.4800000004],[7429836.29,5548995.4299999997],[7429851.4500000002,5548994.1899999995],[7429856.6399999997,5548994.5],[7429858.1900000004,5548994.4000000004],[7429870.9900000002,5548993.5299999993],[7429898.7000000002,5548992.5099999998],[7429913.8600000003,5548991.2699999996],[7429927.1900000004,5548991.6199999992],[7430074.1100000003,5548965.9000000004],[7430086.5,5548963.7300000004],[7430240.29,5548938.0399999991],[7430239.2400000002,5548929.6600000001],[7430261.2599999998,5548926.4000000004],[7430275.3499999996,5548924.3100000005],[7430311.2599999998,5548917.6099999994],[7430311.6200000001,5548919.6799999997],[7430370.0099999998,5548909.9499999993],[7430429.8700000001,5548899.9499999993],[7430449.9699999997,5548896.3399999999],[7430491.1200000001,5548889.5700000003],[7430497.7400000002,5548888.8900000006],[7430509.46,5548883.1899999995],[7430505.7699999996,5548862.4100000001],[7430502.8499999996,5548862.7899999991],[7430501.21,5548851.8499999996],[7430498.9500000002,5548835.2799999993],[7430496.6699999999,5548828],[7430493.9199999999,5548817.4800000004],[7430491.46,5548810.3599999994],[7430489.0800000001,5548804.3599999994],[7430485.4800000004,5548794.8800000008],[7430481.04,5548785.8900000006],[7430476.1699999999,5548777.3200000003],[7430471.6799999997,5548769.4199999999],[7430509.8499999996,5548712.4800000004],[7430529.5199999996,5548673.0700000003],[7430529.3600000003,5548669.0500000007],[7430560.0099999998,5548656.5299999993],[7430569.2699999996,5548652.7200000007],[7430625.2599999998,5548627.2400000002],[7430615.6900000004,5548611.6899999995],[7430598.2699999996,5548589.4700000007],[7430590.2300000004,5548578.1799999997],[7430586.96,5548566.1400000006],[7430577.6100000003,5548556.0999999996],[7430573.7400000002,5548540.5399999991],[7430551.54,5548508.1099999994],[7430543.5300000003,5548498.1799999997],[7430531.8200000003,5548488.4000000004],[7430520.6600000001,5548471.1300000008],[7430509.1399999997,5548455.4499999993],[7430493.2000000002,5548446.3000000007],[7430485.1100000003,5548426.2599999998],[7430485.0700000003,5548412.2400000002],[7430490.2300000004,5548393.6400000006],[7430498.2000000002,5548354.1400000006],[7430501.6200000001,5548345.9600000009],[7430500.4400000004,5548299.8300000001],[7430498.21,5548274.6699999999],[7430488.2199999997,5548243.5399999991],[7430486.0899999999,5548220.0899999999],[7430500.71,5548218.9199999999],[7430508.1100000003,5548217.1099999994],[7430513.9500000002,5548214.0500000007],[7430521.5899999999,5548208.6500000004],[7430525.9699999997,5548204.0399999991],[7430537.0700000003,5548187.7699999996],[7430547.0899999999,5548172.4100000001],[7430550.5700000003,5548166.4199999999],[7430568.4900000002,5548160.0700000003],[7430579.2599999998,5548155.2699999996],[7430590.0199999996,5548148.8000000007],[7430602.1799999997,5548137.5800000001],[7430610.8200000003,5548126.75],[7430636.0999999996,5548093.0500000007],[7430645.6200000001,5548082.3300000001],[7430658.0099999998,5548073.1699999999],[7430672.1900000004,5548066.5899999999],[7430686.0599999996,5548063.1400000006],[7430726.1900000004,5548057.4600000009],[7430734.6799999997,5548055.1600000001],[7430739.9299999997,5548052.9000000004],[7430747.2800000003,5548048.0999999996],[7430775.25,5548025.4600000009],[7430787.1799999997,5548018.7599999998],[7430801.8600000003,5548017.3800000008],[7430808.1799999997,5548019.6400000006],[7430820.6699999999,5548016.6999999993],[7430833.2599999998,5548014.2599999998],[7430913.6299999999,5547986.0500000007],[7430922,5547983.5299999993],[7430930.5499999998,5547982.3699999992],[7430948.9299999997,5547980.8800000008],[7430933.3399999999,5548020.2799999993],[7430932.5099999998,5548024.0700000003],[7430935.3899999997,5548024.6999999993],[7430944.8399999999,5548019.0899999999],[7430967.0300000003,5548012.9399999995],[7431043.4800000004,5547996.0299999993],[7431055.6500000004,5547993.3100000005],[7431059.6200000001,5547991.9199999999],[7431065.4500000002,5547989.5199999996],[7431080.6799999997,5547982.1699999999],[7431105.0599999996,5547969.0999999996],[7431114.54,5547963.9600000009],[7431138.9299999997,5547950.6300000008],[7431172.3700000001,5547936.5600000005],[7431189.5700000003,5547929.1999999993],[7431211.4699999997,5547920.3599999994],[7431226.0800000001,5547914.4299999997],[7431240.8799999999,5547907.9499999993],[7431255.9000000004,5547902.0299999993],[7431277.9800000004,5547892.5299999993],[7431283.5800000001,5547890.4399999995],[7431288.1100000003,5547889.2200000007],[7431295.9100000001,5547887.5199999996],[7431304.3799999999,5547887.0700000003],[7431312.2400000002,5547887.6400000006],[7431311.4800000004,5547883.0299999993],[7431291.96,5547810.1999999993],[7431290.3899999997,5547804.3300000001],[7431309.9299999997,5547802.3399999999],[7431333.9900000002,5547799.8900000006],[7431357.46,5547797.5099999998],[7431380.5,5547795.1699999999],[7431380.46,5547794.4900000002],[7431377.4100000001,5547767.8399999999],[7431375.3899999997,5547750.1999999993],[7431370.5899999999,5547706.3800000008],[7431386.6399999997,5547703.7200000007],[7431392.9000000004,5547702.6799999997],[7431401.7699999996,5547699.7599999998],[7431418.1900000004,5547694.3399999999],[7431418.3099999996,5547691.1500000004],[7431416.7000000002,5547680.5600000005],[7431413.9100000001,5547668.0700000003],[7431409.3600000003,5547652.4900000002],[7431403.0199999996,5547632.8599999994],[7431394.7000000002,5547604.4199999999],[7431390.1299999999,5547584.8800000008],[7431386.8399999999,5547573.1799999997],[7431376.1900000004,5547543.9100000001],[7431376.1799999997,5547539.4700000007],[7431377.2000000002,5547536.0999999996],[7431380.5099999998,5547531.4800000004],[7431364.9400000004,5547535.0199999996],[7431355.8600000003,5547535.9499999993],[7431352.0300000003,5547536.3499999996],[7431351.2000000002,5547536.4299999997],[7431343.2800000003,5547537.2100000009],[7431335.0199999996,5547536.8900000006],[7431327.5099999998,5547535.8800000008],[7431316.7800000003,5547532.9499999993],[7431308.25,5547529.2699999996],[7431303.79,5547526.7699999996],[7431301.29,5547524.5999999996],[7431297.4699999997,5547521.2899999991],[7431288.1299999999,5547511.4199999999],[7431287.2699999996,5547510.5],[7431280.0099999998,5547503.2300000004],[7431272.5800000001,5547497.1600000001],[7431271.4800000004,5547496.5099999998],[7431261.4100000001,5547490.4700000007],[7431246.9000000004,5547482.2400000002],[7431245.9100000001,5547481.6799999997],[7431233.0499999998,5547473.1099999994],[7431220.21,5547465.5899999999],[7431208.3700000001,5547457.7799999993],[7431197.25,5547450.1500000004],[7431185.5499999998,5547441.4800000004],[7431175.2000000002,5547433.5099999998],[7431164.3499999996,5547426.6799999997],[7431154.5999999996,5547421.5],[7431148.5,5547418.2699999996],[7431151.7000000002,5547414.3599999994],[7431153.3600000003,5547413.2200000007],[7431156.54,5547411.9900000002],[7431163.0199999996,5547410.8699999992],[7431168.6799999997,5547410.7899999991],[7431171.2800000003,5547409.4800000004],[7431188.6900000004,5547400.0099999998],[7431195.7999999998,5547395.3300000001],[7431200.2800000003,5547392.9299999997],[7431202.6799999997,5547391.6400000006],[7431213.4500000002,5547385.7200000007],[7431208.5,5547382.9600000009],[7431204.9699999997,5547380.2799999993],[7431202.3899999997,5547377.8499999996],[7431197.7199999997,5547373.4199999999],[7431175.7000000002,5547355.8000000007],[7431172.3899999997,5547353.1500000004],[7431138.2000000002,5547325.6699999999],[7431133.1399999997,5547321.5999999996],[7431084.7000000002,5547282.7300000004],[7431081.3300000001,5547280.4299999997],[7431078.1200000001,5547279.9600000009],[7431076.5199999996,5547278.5800000001],[7431074.79,5547278.6199999992],[7431072.0300000003,5547280.6300000008],[7431068.7199999997,5547283.7599999998],[7431066.2300000004,5547287.9399999995],[7431063.1100000003,5547280.8300000001],[7431062.25,5547276.6999999993],[7431061.0099999998,5547263.0899999999],[7431059.7599999998,5547254.5700000003],[7431058.7999999998,5547247.9900000002],[7431057.2599999998,5547241.9600000009],[7431055.3700000001,5547234.9499999993],[7431054.2000000002,5547231.4000000004],[7431053.21,5547228.3900000006],[7431050.7599999998,5547221.3200000003],[7431047.75,5547214.2300000004],[7431043.1699999999,5547205.7100000009],[7431042.6600000001,5547204.9199999999],[7431032.5800000001,5547189.0700000003],[7431026.8700000001,5547181.0500000007],[7431017.7300000004,5547169.0099999998],[7431009.8300000001,5547158.7699999996],[7431000.25,5547145.8699999992],[7430999.1100000003,5547144.3300000001],[7430994.1900000004,5547137.8499999996],[7430989.4400000004,5547131.5999999996],[7430984.04,5547124.8200000003],[7430981.3499999996,5547120.8300000001],[7430983.0300000003,5547119.4800000004],[7430986.1299999999,5547122.1699999999],[7430996.5199999996,5547115.9600000009],[7431046.7000000002,5547084.4100000001],[7431088.6799999997,5547058.1400000006],[7431112.1299999999,5547043.0700000003],[7431115.2199999997,5547035.4600000009],[7431117.6399999997,5547035.6500000004],[7431119.9800000004,5547036.1799999997],[7431121.6900000004,5547036.0999999996],[7431125.6299999999,5547033.7200000007],[7431184.0899999999,5546998.3699999992],[7431240.6100000003,5546961.3300000001],[7431244.3600000003,5546958.6999999993],[7431272.3300000001,5546939.5199999996],[7431283.0999999996,5546932.0999999996],[7431294.0300000003,5546929.0500000007],[7431295.0999999996,5546928.7599999998],[7431305.5,5546924.3699999992],[7431306.6399999997,5546923.3800000008],[7431309.3600000003,5546921.0199999996],[7431310.6100000003,5546919.9399999995],[7431348.5700000003,5546895.9499999993],[7431362.9299999997,5546886.9299999997],[7431382.7999999998,5546874.3699999992],[7431403.9100000001,5546862.1799999997],[7431423.1500000004,5546852.8800000008],[7431440.4000000004,5546845.8699999992],[7431460.6900000004,5546839.5899999999],[7431474.8099999996,5546837.0999999996],[7431478.9900000002,5546833.3100000005],[7431517.5,5546829.5999999996],[7431518.6799999997,5546829.4900000002],[7431535.7300000004,5546827.8499999996],[7431552.6500000004,5546826.2200000007],[7431558.5899999999,5546825.6300000008],[7431574.8499999996,5546824.1300000008],[7431576.5,5546823.9800000004],[7431595.4699999997,5546822.2899999991],[7431613.0999999996,5546820.8699999992],[7431628.9299999997,5546819.75],[7431656.4199999999,5546818.5999999996],[7431658.9299999997,5546817.5399999991],[7431663.0700000003,5546815.3699999992],[7431672.7999999998,5546811.75],[7431692.0800000001,5546815.9100000001],[7431735.1299999999,5546808.6300000008],[7431738.1699999999,5546806.4299999997],[7431778.5899999999,5546803.3900000006],[7431788.5999999996,5546800.4700000007],[7431794.5,5546802.25],[7431792.75,5546791.6099999994],[7431791.3600000003,5546784.5],[7431785.7999999998,5546772.3900000006],[7431784.7999999998,5546764.1600000001],[7431785.0999999996,5546754.1199999992],[7431785.2199999997,5546741.8699999992],[7431785.8200000003,5546733.7599999998],[7431785.9699999997,5546731.7599999998],[7431787.6600000001,5546730.8499999996],[7431788.8799999999,5546729.6099999994],[7431792.0499999998,5546724.9800000004],[7431793.9699999997,5546723.2699999996],[7431796.8300000001,5546722.3399999999],[7431809.2300000004,5546720.1500000004],[7431814.3799999999,5546719.0500000007],[7431821.0300000003,5546715.5999999996],[7431824.8099999996,5546712.5700000003],[7431828.0499999998,5546707.0800000001],[7431829.9699999997,5546703.5700000003],[7431833.3300000001,5546697.9600000009],[7431834.4000000004,5546691.3699999992],[7431835.4100000001,5546683.8499999996],[7431849.4500000002,5546628.25],[7431925.6600000001,5546640.9199999999],[7431955.1799999997,5546641.8699999992],[7432009.1500000004,5546643.6099999994],[7432065.3200000003,5546635.3800000008],[7432116.0099999998,5546624.2899999991],[7432130.6500000004,5546621.0800000001],[7432260.46,5546578.5],[7432333.8700000001,5546557.7400000002],[7432337.4299999997,5546555.8599999994],[7432376.8799999999,5546534.9399999995],[7432485.1500000004,5546492.0999999996],[7432487.1900000004,5546498.6400000006],[7432526.29,5546488.2100000009],[7432601.0199999996,5546469.0800000001],[7432678.54,5546456.6099999994],[7432751.3300000001,5546453.0600000005],[7432763.46,5546452.7100000009],[7432820.6699999999,5546451.0199999996],[7432919.8799999999,5546450.1999999993],[7433016.2599999998,5546452.4100000001],[7433079.4500000002,5546449.0199999996],[7433123.1500000004,5546443.6300000008],[7433164.0300000003,5546445.9900000002],[7433192.29,5546447.6400000006],[7433261.8600000003,5546451.3699999992],[7433325.2000000002,5546457.1400000006],[7433390.96,5546469.2100000009],[7433435.1299999999,5546478.2599999998],[7433500.75,5546496.1899999995],[7433559.7300000004,5546505.1400000006],[7433561.9000000004,5546505.8900000006],[7433607.8799999999,5546522.0500000007],[7433665.9400000004,5546529.1099999994],[7433717.3399999999,5546538.6500000004],[7433734.9500000002,5546541.6500000004],[7433765.5899999999,5546546.8699999992],[7433792.9900000002,5546553.5800000001],[7433877.2000000002,5546570.8599999994],[7433939.4400000004,5546580.9399999995],[7433958.96,5546585.7100000009],[7434020.25,5546600.6799999997],[7434116.5199999996,5546628.0600000005],[7434126.1600000001,5546630.8000000007],[7434209.7999999998,5546651.2100000009],[7434328.5999999996,5546686.5999999996],[7434355.0499999998,5546689.5700000003],[7434426.5800000001,5546697.5800000001],[7434513.1200000001,5546713.0099999998],[7434594.7300000004,5546721.5199999996],[7434662.9100000001,5546706.1199999992],[7434715.4800000004,5546685.6899999995],[7434756.2599999998,5546667.0800000001],[7434761,5546664.9199999999],[7434779.8499999996,5546654.9800000004],[7434847.3200000003,5546619.3900000006],[7434889.75,5546583.6300000008],[7434930.5,5546543.6999999993],[7434952.3700000001,5546523.8800000008],[7434982.0300000003,5546487.0999999996],[7435014.6699999999,5546439.8399999999],[7435029.4400000004,5546414.9199999999],[7435054.0999999996,5546373.3399999999],[7435076.5899999999,5546329.6699999999],[7435114.3799999999,5546246.6400000006],[7435130.9900000002,5546187.4700000007],[7435134.5,5546169],[7435140.9400000004,5546134.9399999995],[7435145.8899999997,5546108.8100000005],[7435143.71,5546004.9499999993],[7435140.7300000004,5545950.0899999999],[7435128.8099999996,5545923.2799999993],[7435128.4800000004,5545918.5600000005],[7435126.0199999996,5545883.3399999999],[7435121.6100000003,5545854.0399999991],[7435130.6299999999,5545783.3499999996],[7435136.0700000003,5545754.25],[7435158.96,5545693.1799999997],[7435170.5700000003,5545670.0899999999],[7435183.6200000001,5545644.0999999996],[7435198.9100000001,5545623.7599999998],[7435218.8499999996,5545597.2400000002],[7435266.8899999997,5545547.6999999993],[7435324.6600000001,5545508.8100000005],[7435397.79,5545458.7899999991],[7435444.5899999999,5545447.3300000001],[7435491.6500000004,5545434.5299999993],[7435495.8700000001,5545433.0999999996],[7435584.4900000002,5545403.0700000003],[7435608.2999999998,5545399.7699999996],[7435671.7999999998,5545390.9499999993],[7435696.2400000002,5545388.0899999999],[7435762.7599999998,5545386.2899999991],[7435799.9699999997,5545396.6099999994],[7435847.7800000003,5545395.9399999995],[7435892.7699999996,5545427.8900000006],[7435915.1799999997,5545450.1199999992],[7435923.0700000003,5545457.9399999995],[7435973.0899999999,5545475.7899999991],[7436004.4000000004,5545503.2200000007],[7436027.1100000003,5545523.1099999994],[7436118.1699999999,5545527.0099999998],[7436211.6399999997,5545533.0999999996],[7436307.0999999996,5545538.3800000008],[7436377.1100000003,5545544.2200000007],[7436403.04,5545544.0700000003],[7436471.5099999998,5545543.6500000004],[7436556.0800000001,5545540.8800000008],[7436639.54,5545536.1600000001],[7436665.0099999998,5545532.2899999991],[7436729.7999999998,5545514.1500000004],[7436767.7000000002,5545500.0299999993],[7436805.5800000001,5545488.6899999995],[7436812.7400000002,5545486.5500000007],[7436828.6299999999,5545481.7899999991],[7436874.4000000004,5545461.2300000004],[7436917.2400000002,5545442.5500000007],[7436952.7599999998,5545418.1199999992],[7436982.2599999998,5545401.2100000009],[7437026.8499999996,5545372.75],[7437069.4100000001,5545342.5999999996],[7437098.6799999997,5545320.3200000003],[7437129.4900000002,5545297.25],[7437165.4299999997,5545272.3900000006],[7437213.7199999997,5545252.6300000008],[7437215.4900000002,5545251.9199999999],[7437327.1299999999,5545206.25],[7437380.29,5545200.75],[7437439.8099999996,5545201.3200000003],[7437514.9000000004,5545214.0700000003],[7437551.4400000004,5545226.0099999998],[7437600.5999999996,5545246.3699999992],[7437615.6299999999,5545255.7799999993],[7437638.1600000001,5545269.8599999994],[7437644.2300000004,5545273.6600000001],[7437684.9299999997,5545305.3300000001],[7437716.8700000001,5545335.6999999993],[7437757.04,5545378.9600000009],[7437810.4900000002,5545439.2799999993],[7437838.0599999996,5545488.6300000008],[7437847.25,5545506.1199999992],[7437865.0499999998,5545511.5399999991],[7437878.6600000001,5545529.8100000005],[7437887.54,5545541.7300000004],[7437906.7400000002,5545571.6799999997],[7437918.0099999998,5545596.1500000004],[7437936.0199999996,5545629.4100000001],[7437961.0499999998,5545663.6500000004],[7437993,5545702.3699999992],[7437997.6299999999,5545706.7400000002],[7438021.4299999997,5545729.25],[7438043.1299999999,5545753.2400000002],[7438068.0700000003,5545773.5700000003],[7438089.8499999996,5545788.5700000003],[7438108.0800000001,5545801.1099999994],[7438157.9199999999,5545828.2100000009],[7438216.9400000004,5545853.4700000007],[7438267.4400000004,5545869.3300000001],[7438354.8200000003,5545884.8800000008],[7438390.7000000002,5545884.9399999995],[7438434.1299999999,5545885],[7438518.5599999996,5545872.1600000001],[7438568.2599999998,5545859.5700000003],[7438624.8700000001,5545838],[7438679.0300000003,5545821.5800000001],[7438697.46,5545813.2300000004],[7438735.1500000004,5545796.1400000006],[7438795.7599999998,5545767.4600000009],[7438803.3099999996,5545763.8800000008],[7438846.5700000003,5545748.5199999996],[7438940.7999999998,5545707.4700000007],[7439040.7699999996,5545665.6400000006],[7439144.0999999996,5545622.4000000004],[7439202.79,5545601.6300000008],[7439238.7300000004,5545588.9100000001],[7439251.1100000003,5545585.5099999998],[7439304.1100000003,5545570.9499999993],[7439369.7000000002,5545552.5999999996],[7439475.3300000001,5545534.1699999999],[7439577.25,5545525.6899999995],[7439606.2000000002,5545524.8399999999],[7439671.5300000003,5545522.9100000001],[7439803.9400000004,5545522.4800000004],[7439906.1200000001,5545532.3399999999],[7440005.4199999999,5545551.4800000004],[7440104.4900000002,5545576.1099999994],[7440203.5,5545602.3499999996],[7440299.4199999999,5545628.0600000005],[7440302.5,5545628.8800000008],[7440401.1600000001,5545663.7100000009],[7440518.5499999998,5545708],[7440609.7000000002,5545742.8300000001],[7440702.75,5545782.8300000001],[7440785.5,5545815.2100000009],[7440795.1699999999,5545818.6600000001],[7440890.5599999996,5545852.6999999993],[7440982.2300000004,5545887.0399999991],[7441076.4900000002,5545924.3399999999],[7441172.25,5545959.0500000007],[7441268.4800000004,5545992.0299999993],[7441355.6600000001,5546021.3800000008],[7441441.6299999999,5546048.1899999995],[7441549.1200000001,5546080.0700000003],[7441584.8700000001,5546086.8699999992],[7441636.21,5546096.6199999992],[7441737.1299999999,5546109.1199999992],[7441836.9699999997,5546113.7699999996],[7441884.04,5546112.7799999993],[7441940.3300000001,5546106.7599999998],[7441984.6600000001,5546099.3000000007],[7442028.1299999999,5546088.5],[7442085.8499999996,5546071.8300000001],[7442147.6600000001,5546043.1699999999],[7442187.9400000004,5546022.1400000006],[7442242.2300000004,5545991.3200000003],[7442290.6399999997,5545957.5],[7442335.6600000001,5545923.2599999998],[7442379.4100000001,5545883.4499999993],[7442394.2999999998,5545869.1500000004],[7442436.4699999997,5545828.6699999999],[7442472.9100000001,5545796.3300000001],[7442509.1100000003,5545764.7699999996],[7442545.71,5545735.9399999995],[7442567.96,5545720.1300000008],[7442597.5899999999,5545699.0600000005],[7442656.2199999997,5545668.6699999999],[7442696.6699999999,5545643.5899999999],[7442733.5599999996,5545629.5800000001],[7442780.2999999998,5545604.8499999996],[7442831.6799999997,5545596.3300000001],[7442878.1900000004,5545584.6099999994],[7442923.5800000001,5545578.2400000002],[7442968.4400000004,5545572.8599999994],[7443012.6299999999,5545571.25],[7443061.8300000001,5545577.25],[7443112.29,5545586.5],[7443153.1200000001,5545596.2699999996],[7443185.6100000003,5545604.6400000006],[7443205.3700000001,5545610.8200000003],[7443221.4800000004,5545615.8499999996],[7443260.5899999999,5545631.1500000004],[7443299.7199999997,5545653.3000000007],[7443337.8099999996,5545681.3200000003],[7443366.7599999998,5545710.2200000007],[7443390.8499999996,5545736.8100000005],[7443403.2999999998,5545754.0299999993],[7443417.6200000001,5545773.8200000003],[7443440,5545814.1600000001],[7443456.4900000002,5545861.5700000003],[7443471.2000000002,5545910.8000000007],[7443486.25,5545964],[7443500,5546012.3399999999],[7443512.2400000002,5546047.5099999998],[7443528.1900000004,5546084.7400000002],[7443555.0800000001,5546142.0700000003],[7443575.4299999997,5546195.5299999993],[7443596.3700000001,5546241.8200000003],[7443608.9699999997,5546262.7400000002],[7443626.0899999999,5546291.1600000001],[7443645.0099999998,5546320.6500000004],[7443672.2699999996,5546359.0800000001],[7443700.5899999999,5546398.5600000005],[7443737.8799999999,5546446.1600000001],[7443775.9299999997,5546490.0800000001],[7443809.9100000001,5546525.6899999995],[7443865.1500000004,5546582.5199999996],[7443893.9800000004,5546609.3599999994],[7443953.8899999997,5546656.9199999999],[7443934.1299999999,5546680.1199999992],[7443920.8300000001,5546696.3599999994],[7443915.6500000004,5546702.4700000007],[7443912.5899999999,5546706.4700000007],[7443858.2800000003,5546773.2300000004],[7443853.8200000003,5546778.6999999993],[7443811.71,5546830.3100000005],[7443808.4900000002,5546834.2599999998],[7443776,5546879.7599999998],[7443750.2599999998,5546915.8100000005],[7443733.4100000001,5546939.4100000001],[7443730.8899999997,5546942.9299999997],[7443697.6699999999,5546984.3599999994],[7443657.04,5547035.0299999993],[7443650.7000000002,5547042.9499999993],[7443619.2999999998,5547094.0500000007],[7443595.0800000001,5547132.6899999995],[7443579,5547159.6600000001],[7443573.4699999997,5547171.5899999999],[7443539.8200000003,5547244.1999999993],[7443532.0700000003,5547260.3599999994],[7443532.0199999996,5547260.4700000007],[7443496.0999999996,5547335.3200000003],[7443489.7199999997,5547346.8000000007],[7443465.9299999997,5547389.6199999992],[7443446.7699999996,5547430.4700000007],[7443424.96,5547476.9800000004],[7443409.6299999999,5547511.9499999993],[7443391.6100000003,5547553.0600000005],[7443383.1500000004,5547572.3599999994],[7443380.6500000004,5547577.7200000007],[7443375,5547589.8399999999],[7443368.8600000003,5547602.9800000004],[7443350.4400000004,5547642.4700000007],[7443345.4900000002,5547653.0700000003],[7443340.9199999999,5547662.8699999992],[7443339.6100000003,5547665.5099999998],[7443328.6600000001,5547687.5500000007],[7443317.5199999996,5547709.9900000002],[7443297.0599999996,5547751.1899999995],[7443296.4000000004,5547752.5],[7443294.3700000001,5547756.5199999996],[7443289.2300000004,5547766.7100000009],[7443284.6200000001,5547775.8399999999],[7443273.1799999997,5547798.4900000002],[7443261.4400000004,5547821.7300000004],[7443255.4400000004,5547833.6199999992],[7443251.4900000002,5547841.4399999995],[7443248.3200000003,5547847.4800000004],[7443236.9500000002,5547869.1600000001],[7443219.7300000004,5547901.9700000007],[7443210.54,5547919.4700000007],[7443192.8099999996,5547932.5199999996],[7443178.6900000004,5547942.8699999992],[7443180.6500000004,5547953.0500000007],[7443151.1399999997,5547962.1600000001],[7443128.5300000003,5547970.8499999996],[7443109.7300000004,5547967.5399999991],[7443094.7699999996,5547964.9000000004],[7443096.3899999997,5547954.1199999992],[7443038.8099999996,5547932.8000000007],[7443031.9800000004,5547949.4499999993],[7443005.71,5547980.0099999998],[7442915.6900000004,5548046.5199999996],[7442873.7699999996,5548060.6699999999],[7442827.0199999996,5548091.2100000009],[7442783.2699999996,5548119.5899999999],[7442707.9400000004,5548166.2699999996],[7442699.9500000002,5548168.9000000004],[7442669.4400000004,5548178.9299999997],[7442664.0599999996,5548225.8699999992],[7442661.6399999997,5548247.0500000007],[7442654.7000000002,5548307.75],[7442624.5199999996,5548352.3399999999],[7442554.7699999996,5548419.4100000001],[7442479.7400000002,5548458.3599999994],[7442422.46,5548473.0999999996],[7442356.0199999996,5548490.3100000005],[7442311.7599999998,5548519.8599999994],[7442286.0300000003,5548536.9100000001],[7442267.0300000003,5548549.4900000002],[7442231.8499999996,5548569.9900000002],[7442217.6100000003,5548640.8599999994],[7442214.0300000003,5548658.6600000001],[7442215.9400000004,5548708.0500000007],[7442216.6200000001,5548725.7899999991],[7442230.29,5548771.0299999993],[7442235.1100000003,5548774.5999999996],[7442241.6500000004,5548779.4499999993],[7442246.7999999998,5548785.2200000007],[7442269.0899999999,5548810.3000000007],[7442269.9500000002,5548811.2300000004],[7442274.6799999997,5548816.5399999991],[7442302.4400000004,5548847.6799999997],[7442310.7999999998,5548858.1400000006],[7442319.8200000003,5548869.4199999999],[7442318.3499999996,5548873.3800000008],[7442335.4000000004,5548894.2300000004],[7442338.5499999998,5548898.3100000005],[7442350.4900000002,5548907.6400000006],[7442366.2699999996,5548915.7799999993],[7442382.3600000003,5548923.9199999999],[7442394.7000000002,5548927.9800000004],[7442403.3700000001,5548929.3699999992],[7442400.0599999996,5548940.2899999991],[7442395.0099999998,5548956.0199999996],[7442416.4299999997,5548958.4000000004],[7442422.5,5548959.0800000001],[7442454.5700000003,5548962.6400000006],[7442465.8399999999,5548963.4900000002],[7442536.0199999996,5548968.7699999996],[7442622.6299999999,5548977.3000000007],[7442705.2800000003,5548984.7100000009],[7442703.1100000003,5549010.3100000005],[7442699.0700000003,5549049.9299999997],[7442698.5800000001,5549054.3100000005],[7442695.6200000001,5549057.8300000001],[7442609.9400000004,5549099.9199999999],[7442535.3600000003,5549136.5500000007],[7442529.8099999996,5549139.5099999998],[7442526.3600000003,5549143.0700000003],[7442524.1699999999,5549148.2699999996],[7442520.75,5549162.4399999995],[7442519.8600000003,5549165.9000000004],[7442513.5599999996,5549191.5800000001],[7442471.6799999997,5549201.3699999992],[7442442.7000000002,5549208.1400000006],[7442437.4800000004,5549209.3599999994],[7442431.7599999998,5549217.1799999997],[7442430.29,5549219.1999999993],[7442424.5099999998,5549227.0999999996],[7442423.9800000004,5549230.3599999994],[7442419.2999999998,5549259.3100000005],[7442421.4800000004,5549288.2200000007],[7442420.5300000003,5549336.1699999999],[7442421.54,5549360.1099999994],[7442418.9400000004,5549383.6999999993],[7442419.9400000004,5549402.2699999996],[7442420.9400000004,5549420.9100000001],[7442354.1799999997,5549430.9700000007],[7442354.5999999996,5549442.7899999991],[7442355.2800000003,5549461.75],[7442355.9500000002,5549480.3000000007],[7442356.4100000001,5549493.1199999992],[7442336.8099999996,5549498.6300000008],[7442296.8899999997,5549525.3499999996],[7442284.71,5549530.1699999999],[7442275.1399999997,5549555.5600000005],[7442267.0899999999,5549588.2300000004],[7442253.6200000001,5549594.8300000001],[7442242.8899999997,5549600.0899999999],[7442230.0700000003,5549606.3699999992],[7442223.9900000002,5549626.9800000004],[7442224.6500000004,5549633.3100000005],[7442225.1500000004,5549652.3200000003],[7442221.0899999999,5549678.8699999992],[7442199.8899999997,5549703.2300000004],[7442195.6900000004,5549704.5099999998],[7442185.71,5549707.5600000005],[7442167.3499999996,5549713.1699999999],[7442151.7699999996,5549723.8100000005],[7442129.2699999996,5549755.0099999998],[7442127.2800000003,5549762.5600000005],[7442124.6699999999,5549771.9399999995],[7442123.2800000003,5549777.1500000004],[7442122.4199999999,5549780.2799999993],[7442115.46,5549790.2699999996],[7442108.2000000002,5549798.8000000007],[7442090.7999999998,5549809.1600000001],[7442071.8499999996,5549809.5500000007],[7442064.9400000004,5549811.1199999992],[7442059.7699999996,5549813.9000000004],[7442054.5499999998,5549819.3499999996],[7442041.46,5549836.1500000004],[7442031.6100000003,5549852.8000000007],[7442022.8300000001,5549872.1699999999],[7442015,5549893.75],[7442014.1200000001,5549930.4399999995],[7442015.54,5549971.7300000004],[7442015.9500000002,5549987.1300000008],[7442014.5300000003,5549993.5999999996],[7442021.46,5550024.6699999999],[7442029.1100000003,5550044.4100000001],[7442032.1299999999,5550059.1099999994],[7442030.1600000001,5550074.4900000002],[7442019.1200000001,5550109.6300000008],[7442011.7599999998,5550122.7699999996],[7441998.5599999996,5550141.4299999997],[7441984.6100000003,5550159.0800000001],[7441972.4100000001,5550172.0800000001],[7441965.5599999996,5550178.2899999991],[7441940.4299999997,5550194.0500000007],[7441933.1799999997,5550197.6799999997],[7441926.1900000004,5550201.1799999997],[7441883.9199999999,5550211.4199999999],[7441856.3600000003,5550215.6999999993],[7441818.1900000004,5550217.5099999998],[7441812.7300000004,5550216.8200000003],[7441797.7999999998,5550217.1899999995],[7441781.4299999997,5550215.6600000001],[7441769.75,5550215.9700000007],[7441755.1799999997,5550219.3000000007],[7441728.6799999997,5550228.6500000004],[7441718.6799999997,5550232.7300000004],[7441706.0099999998,5550240.1799999997],[7441694.5700000003,5550251.1099999994],[7441684.8300000001,5550263.9600000009],[7441678.8099999996,5550276.0299999993],[7441674.1299999999,5550290.7699999996],[7441672.4699999997,5550300.8399999999],[7441672.0800000001,5550311.1300000008],[7441701.96,5550318.7799999993],[7441716.75,5550321.5899999999],[7441745.2400000002,5550326.9700000007],[7441768,5550327.9000000004],[7441791.9199999999,5550328.5099999998],[7441817.9800000004,5550329.7799999993],[7441855.2800000003,5550332.5099999998],[7441863.4900000002,5550333.0199999996],[7441867.6200000001,5550333.4499999993],[7441896.6500000004,5550336.5500000007],[7441931.0700000003,5550341.1500000004],[7441952.0199999996,5550344.3399999999],[7441965.1200000001,5550347.1600000001],[7441977.4299999997,5550350.0700000003],[7441988.0700000003,5550354.1099999994],[7441998.0300000003,5550358.2200000007],[7442007.5,5550364.7899999991],[7442011.4400000004,5550367.5299999993],[7442013.8399999999,5550370.0899999999],[7442022.4900000002,5550379.3000000007],[7442027.4299999997,5550383.4900000002],[7442050.5199999996,5550404.4299999997],[7442062.4800000004,5550411.3100000005],[7442078.2800000003,5550417.0399999991],[7442088.3600000003,5550419.7699999996],[7442102.04,5550422.7599999998],[7442145.7599999998,5550432.0299999993],[7442175.4199999999,5550440.5199999996],[7442184.0199999996,5550444.3100000005],[7442202.9800000004,5550453.4900000002],[7442207.6699999999,5550456.4499999993],[7442208.1299999999,5550456.8000000007],[7442217.6200000001,5550463.9900000002],[7442226.8399999999,5550472.5999999996],[7442230.2999999998,5550477.4900000002],[7442236.0899999999,5550489.0399999991],[7442240.3399999999,5550499.9600000009],[7442238.4000000004,5550513.7100000009],[7442236.4199999999,5550527.3699999992],[7442230.9800000004,5550565.0899999999],[7442228.8200000003,5550578.3100000005],[7442221.5199999996,5550623.0600000005],[7442218.5599999996,5550640.2899999991],[7442215.6699999999,5550657.1300000008],[7442212.6299999999,5550674.7799999993],[7442208.5999999996,5550698.6199999992],[7442206.7400000002,5550709.1500000004],[7442205.8899999997,5550714],[7442196.3300000001,5550768.0800000001],[7442195.25,5550774.1899999995],[7442184.7699999996,5550833.5700000003],[7442184.5800000001,5550834.6699999999],[7442170.5899999999,5550895.5899999999],[7442167.6900000004,5550913.0500000007],[7442166.4000000004,5550926.5899999999],[7442165.3200000003,5550947.0899999999],[7442166.0700000003,5550981.6199999992],[7442166.0599999996,5550982.2599999998],[7442164.2999999998,5551027],[7442162.5700000003,5551085.3200000003],[7442161.79,5551094.7799999993],[7442160.6299999999,5551097.1899999995],[7442159.71,5551125.1199999992],[7442158.6299999999,5551158.2799999993],[7442157.6699999999,5551207.5299999993],[7442157.4000000004,5551221.3300000001],[7442159.6100000003,5551272.1400000006],[7442170.3300000001,5551308.4199999999],[7442172.9400000004,5551323.8599999994],[7442176.3200000003,5551343.7699999996],[7442178.0499999998,5551362.0299999993],[7442177.4199999999,5551379.3900000006],[7442175.2999999998,5551395.9000000004],[7442171.4900000002,5551429.0199999996],[7442169.5099999998,5551455.6400000006],[7442168.1200000001,5551469.4900000002],[7442168.21,5551470.0199999996],[7442167.0099999998,5551470.0500000007],[7442161.8899999997,5551470.1899999995],[7442161.7800000003,5551475],[7442162.54,5551531.3800000008],[7442162.8799999999,5551546.7599999998],[7442163.5700000003,5551554.8499999996],[7442164.8499999996,5551569.7599999998],[7442167.0800000001,5551585.6899999995],[7442170.9900000002,5551609.4299999997],[7442177.7000000002,5551648.5800000001],[7442180.3300000001,5551667.0399999991],[7442182.8099999996,5551686.1899999995],[7442186.04,5551709.0500000007],[7442188.1200000001,5551723.8300000001],[7442191.9800000004,5551751.2100000009],[7442193.8099999996,5551763.1600000001],[7442199.2599999998,5551802.1099999994],[7442204.1100000003,5551832.5800000001],[7442204.8799999999,5551839.1600000001],[7442208.4699999997,5551878.2599999998],[7442210.7999999998,5551918.3399999999],[7442220.46,5551955.4700000007],[7442230.8700000001,5551991.4700000007],[7442241.75,5552028.5299999993],[7442247.04,5552046.8200000003],[7442251.5,5552065.5199999996],[7442257.2999999998,5552093.7400000002],[7442258.8099999996,5552100.6999999993],[7442266.0999999996,5552133.1999999993],[7442266.7400000002,5552136.75],[7442269.8300000001,5552152.4000000004],[7442272.9000000004,5552174.6099999994],[7442274.2199999997,5552181.1999999993],[7442277.8300000001,5552212.6699999999],[7442277.9900000002,5552213.1500000004],[7442282.6299999999,5552227.5399999991],[7442296.6600000001,5552254.2699999996],[7442305,5552270.8100000005],[7442314.9699999997,5552292.0600000005],[7442316.5899999999,5552296.1199999992],[7442324.1900000004,5552313.8100000005],[7442335.8600000003,5552337.4000000004],[7442349.3899999997,5552355.4800000004],[7442353.2000000002,5552360.9199999999],[7442362.0899999999,5552378.8100000005],[7442368.2999999998,5552389.3800000008],[7442372.8399999999,5552396],[7442376.5599999996,5552400.5500000007],[7442393.0700000003,5552418.1799999997],[7442393.5300000003,5552418.7400000002],[7442411.0199999996,5552439.3399999999],[7442420.1100000003,5552454.9100000001],[7442425.5899999999,5552469.0099999998],[7442429.96,5552490.7400000002],[7442431.0099999998,5552498.2799999993],[7442437.9000000004,5552543.4600000009],[7442438.4199999999,5552546.5299999993],[7442440.1399999997,5552559.0299999993],[7442442.9699999997,5552597.6099999994],[7442442.7000000002,5552599.6999999993],[7442445.3300000001,5552628.1699999999],[7442448.4100000001,5552635.8499999996],[7442455.9199999999,5552648.4399999995],[7442459.8899999997,5552653.25],[7442467.5899999999,5552664.3200000003],[7442468,5552664.9100000001],[7442472.3099999996,5552671.1099999994],[7442477.7599999998,5552688.8000000007],[7442484.3899999997,5552715.3100000005],[7442491.8600000003,5552740.1300000008],[7442500.2599999998,5552770.9299999997],[7442533.79,5552772.0800000001],[7442549.1500000004,5552772.9700000007],[7442562.8300000001,5552773.7699999996],[7442589.0199999996,5552777.1899999995],[7442600.5,5552781.0299999993],[7442601.9699999997,5552781.5199999996],[7442612.8700000001,5552787.6799999997],[7442625.9000000004,5552796.9299999997],[7442634.7400000002,5552805.0500000007],[7442661.5599999996,5552835.1400000006],[7442670.7300000004,5552844.8300000001],[7442692.6699999999,5552868],[7442718.1600000001,5552891.8599999994],[7442718.96,5552892.5],[7442736.0300000003,5552906.3900000006],[7442744.4800000004,5552913.2200000007],[7442752.2699999996,5552919.5299999993],[7442761.4699999997,5552926.2400000002],[7442763.1399999997,5552927.2300000004],[7442775.8600000003,5552934.7699999996],[7442787.9900000002,5552941.9499999993],[7442798.9699999997,5552948.2699999996],[7442803.04,5552950.5999999996],[7442823.96,5552957.9100000001],[7442843.2000000002,5552962.5399999991],[7442850.0499999998,5552970],[7442862.4500000002,5552995.7599999998],[7442869.46,5553010.5600000005],[7442882.4199999999,5553032.4399999995],[7442897.3899999997,5553048.5700000003],[7442925.29,5553070.7699999996],[7442933.21,5553077.4600000009],[7442938.2999999998,5553081.7300000004],[7442940.7199999997,5553083.7799999993],[7442954.3799999999,5553088.2300000004],[7442978.3499999996,5553093.1899999995],[7442999.04,5553094.4399999995],[7443007.4199999999,5553095.0099999998],[7443019.0899999999,5553095.0299999993],[7443074.75,5553090.0999999996],[7443139.2800000003,5553082.9499999993],[7443149.6299999999,5553113.0899999999],[7443151.8200000003,5553119.4700000007],[7443154.0099999998,5553125.8499999996],[7443161.4299999997,5553147.4600000009],[7443164.2300000004,5553155.6099999994],[7443176.2199999997,5553187.0600000005],[7443191.46,5553213.9900000002],[7443206.6299999999,5553234.6099999994],[7443228.4900000002,5553257.6400000006],[7443233.6299999999,5553264.5299999993],[7443253.1699999999,5553298.4199999999],[7443298.5,5553370.1199999992],[7443305.6200000001,5553380.0199999996],[7443320.79,5553401.4900000002],[7443332.7999999998,5553416.1400000006],[7443349.5499999998,5553448.7100000009],[7443372.4299999997,5553493.1899999995],[7443418.8799999999,5553541.4700000007],[7443435.0499999998,5553573.3499999996],[7443307.8700000001,5553597.2300000004],[7443216.2000000002,5553607.1500000004],[7443176.5099999998,5553611.2599999998],[7443154,5553613.6600000001],[7443121.6200000001,5553616.3499999996],[7443070.7699999996,5553620.5700000003],[7443062.7800000003,5553655.9800000004],[7443059.5,5553667.4900000002],[7443063.3499999996,5553753.8300000001],[7443065.9500000002,5553754.8300000001],[7443129.2699999996,5553779.1300000008],[7443120.79,5553790.7400000002],[7443101.8399999999,5553805.9499999993],[7443079.0999999996,5553811.1699999999],[7443040.8200000003,5553808.7100000009],[7443013.8499999996,5553805.6199999992],[7442981.8899999997,5553800.0800000001],[7442903.5899999999,5553792.8000000007],[7442901.9900000002,5553797.3699999992],[7442901.3200000003,5553799.2699999996],[7442891.8899999997,5553826.1199999992],[7442893.0999999996,5553862.3900000006],[7442892.2000000002,5553884.9800000004],[7442891.3899999997,5553904.8800000008],[7442891.9800000004,5553935.8100000005],[7442896.6900000004,5553983.25],[7442891,5554014.8000000007],[7442886.5199999996,5554065.1199999992],[7442883.7000000002,5554120.4399999995],[7442885.5899999999,5554124.9900000002],[7442829.5099999998,5554126.0800000001],[7442810.7000000002,5554126.3200000003],[7442811.7999999998,5554096.4499999993],[7442749.4800000004,5554128.6300000008],[7442719.04,5554137.8300000001],[7442692.25,5554100.4700000007],[7442640.8099999996,5554040.4700000007],[7442632.6200000001,5554035.0700000003],[7442608.3099999996,5554026.7799999993],[7442576.21,5554026.9199999999],[7442550.8099999996,5554034.2599999998],[7442522.2300000004,5554040.8100000005],[7442511.8700000001,5553995.2400000002],[7442505.2599999998,5553968.1899999995],[7442502.7300000004,5553949.2200000007],[7442498.6399999997,5553930.3599999994],[7442492.9500000002,5553920.0299999993],[7442482.4500000002,5553911.9199999999],[7442466.75,5553909.3200000003],[7442437.4800000004,5553937.25],[7442403.7199999997,5553967.1099999994],[7442368.1699999999,5553981.7400000002],[7442329.1699999999,5553991.1600000001],[7442313.0899999999,5554006.8200000003],[7442294.71,5554035.5800000001],[7442288.9400000004,5554042.3699999992],[7442282.3600000003,5554044.6300000008],[7442270.8399999999,5554044.1500000004],[7442254.1799999997,5554038.3800000008],[7442237.6299999999,5554027.6799999997],[7442226.2400000002,5554023.0299999993],[7442193.29,5554007.5299999993],[7442173.0700000003,5553994.6099999994],[7442148.3499999996,5553975.1500000004],[7442131.7000000002,5553953.4000000004],[7442111.6900000004,5553930.6500000004],[7442104.79,5553908.7799999993],[7442100.3600000003,5553885.1400000006],[7442090.6500000004,5553861.3699999992],[7442071.2800000003,5553843.5899999999],[7442055.4800000004,5553836.5399999991],[7442033.46,5553844.9600000009],[7441981.4000000004,5553863.8699999992],[7441976.0599999996,5553866.4800000004],[7441971.3799999999,5553860.2799999993],[7441923.7000000002,5553875.2100000009],[7441864,5553892.0500000007],[7441849.3099999996,5553885.4199999999],[7441825.3899999997,5553851.7699999996],[7441818.2300000004,5553842.2100000009],[7441798.7300000004,5553818.3800000008],[7441776.5199999996,5553790.4700000007],[7441765.5899999999,5553764.4299999997],[7441754.25,5553741.9600000009],[7441739.6200000001,5553724.3900000006],[7441702.0899999999,5553746.4900000002],[7441661.9400000004,5553769.9900000002],[7441615.9800000004,5553797.1899999995],[7441572.1799999997,5553823.4299999997],[7441533.4800000004,5553846.4199999999],[7441522.5800000001,5553827.1600000001],[7441511.9800000004,5553805.5999999996],[7441508.8899999997,5553799.3200000003],[7441499.1399999997,5553779.4800000004],[7441490.7800000003,5553762.4800000004],[7441479.79,5553737.4800000004],[7441478.8200000003,5553735.25],[7441468.7999999998,5553712.4800000004],[7441456.6600000001,5553720.6799999997],[7441447.1500000004,5553726.6300000008],[7441427.8099999996,5553735.9499999993],[7441393.6799999997,5553754.1300000008],[7441344,5553781.4199999999],[7441336.3200000003,5553789.1600000001],[7441329.0499999998,5553800.7300000004],[7441315.8899999997,5553826.8599999994],[7441307.5899999999,5553848.1400000006],[7441300.3200000003,5553866.6999999993],[7441293.0999999996,5553881.75],[7441288.2599999998,5553889.6300000008],[7441282.0899999999,5553896.9399999995],[7441269.7400000002,5553906.3800000008],[7441212.0199999996,5553942.3499999996],[7441154.4500000002,5553979.8699999992],[7441153.9199999999,5553980.2100000009],[7441124.8799999999,5554000.6699999999],[7441086.6699999999,5554026.5899999999],[7441070.4199999999,5554035.8399999999],[7441036.6799999997,5554051.1799999997],[7441015.2400000002,5554060.0999999996],[7441007.3600000003,5554064.0199999996],[7440998.3499999996,5554069.5500000007],[7440946.4000000004,5553984.4800000004],[7440886.1500000004,5553992.0399999991],[7440874.8600000003,5553968.1600000001],[7440872.2599999998,5553963.5399999991],[7440868.1100000003,5553968.9499999993],[7440864.71,5553984.1799999997],[7440850.7999999998,5554031.1500000004],[7440838.0199999996,5554064.8300000001],[7440829.2400000002,5554094.9900000002],[7440826.2999999998,5554105.4700000007],[7440822.7800000003,5554118.0099999998],[7440817.2999999998,5554137.8800000008],[7440794.3499999996,5554138.6400000006],[7440767.6799999997,5554139.6999999993],[7440716.4000000004,5554141.2400000002],[7440668.5999999996,5554143.0899999999],[7440601,5554145.5899999999],[7440533.7800000003,5554147.9000000004],[7440446.3099999996,5554151.4199999999],[7440391.9299999997,5554154.0700000003],[7440346.3799999999,5554157.4600000009],[7440348.5199999996,5554214],[7440350.6799999997,5554270.4900000002],[7440320.3600000003,5554268.8100000005],[7440299.4100000001,5554268.1600000001],[7440298.4100000001,5554268.1500000004],[7440278.4800000004,5554268.0299999993],[7440268.5999999996,5554267.7799999993],[7440259.4500000002,5554267.5500000007],[7440230.1399999997,5554268.2400000002],[7440210.7400000002,5554269.0500000007],[7440191.6299999999,5554269.8499999996],[7440172.6500000004,5554269.1799999997],[7440154.3099999996,5554268.5199999996],[7440134.0700000003,5554267.8100000005],[7440116.7599999998,5554267.1899999995],[7440111.7400000002,5554267.0199999996],[7440079.79,5554267.3000000007],[7440063.8799999999,5554267.4499999993],[7440028.6600000001,5554267.0199999996],[7440019.9400000004,5554267.4199999999],[7440008.4199999999,5554267.9499999993],[7439939.6600000001,5554275.75],[7439935.6799999997,5554276.1999999993],[7439865.4199999999,5554284.2599999998],[7439868.5800000001,5554271.5299999993],[7439869.71,5554266.9399999995],[7439873.25,5554258.0999999996],[7439873.9800000004,5554256.2899999991],[7439870.1500000004,5554232.0299999993],[7439876.1100000003,5554224.8599999994],[7439870.5800000001,5554209.5899999999],[7439875.7199999997,5554200.2899999991],[7439874.1699999999,5554194.6899999995],[7439867.3399999999,5554190.7100000009],[7439866.7699999996,5554189.5500000007],[7439864.3499999996,5554184.6699999999],[7439856.5899999999,5554180.0099999998],[7439856.2400000002,5554179.5700000003],[7439848.8300000001,5554170.5199999996],[7439845.1900000004,5554166.0700000003],[7439840.4800000004,5554155.3699999992],[7439832.29,5554154.3300000001],[7439825.75,5554143.5099999998],[7439815.4900000002,5554144.2100000009],[7439811.9199999999,5554128.0899999999],[7439801.1500000004,5554125.5],[7439796.1799999997,5554120.3599999994],[7439791.1299999999,5554107.0999999996],[7439780.2599999998,5554104.3100000005],[7439776.04,5554090.5700000003],[7439764.3499999996,5554077.8000000007],[7439746.0199999996,5554074.2599999998],[7439739.9800000004,5554070.9100000001],[7439735,5554056.6899999995],[7439727.8499999996,5554052.9299999997],[7439725.1200000001,5554049.4299999997],[7439730.9000000004,5554038.5999999996],[7439731.2699999996,5554035.1199999992],[7439723.5199999996,5554027.9499999993],[7439707.4000000004,5554022.4199999999],[7439707.9400000004,5554012.2699999996],[7439686.1900000004,5553995.0700000003],[7439677.4800000004,5554001.3100000005],[7439670.2599999998,5553994.2200000007],[7439669.6900000004,5553990.2799999993],[7439673.5800000001,5553978.9399999995],[7439670.8600000003,5553970.9000000004],[7439667.46,5553951.4800000004],[7439667.0999999996,5553948.9000000004],[7439673.3300000001,5553944.7599999998],[7439678.4699999997,5553941.3499999996],[7439681.7300000004,5553939.1799999997],[7439682.5700000003,5553938.6199999992],[7439684.7599999998,5553936.4199999999],[7439691.3899999997,5553929.7799999993],[7439694.7000000002,5553926.4700000007],[7439710.0700000003,5553911.0600000005],[7439712.4800000004,5553907.1899999995],[7439719.6600000001,5553891.5199999996],[7439721.7400000002,5553887],[7439722.4100000001,5553885.5399999991],[7439725.04,5553879.7899999991],[7439727.5800000001,5553873.5399999991],[7439730.4100000001,5553866.5399999991],[7439732.6799999997,5553860.9299999997],[7439734.3499999996,5553856.8100000005],[7439734.96,5553855.3100000005],[7439736.7699999996,5553850.8499999996],[7439736.9500000002,5553850.3800000008],[7439739.8099999996,5553843.0700000003],[7439742.2199999997,5553836.8800000008],[7439745.7999999998,5553827.7300000004],[7439748.3600000003,5553821.0099999998],[7439751.4000000004,5553813.0199999996],[7439753.8799999999,5553806.4900000002],[7439754.6399999997,5553803.9800000004],[7439756.4000000004,5553798.0600000005],[7439757.0499999998,5553795.8900000006],[7439758.1699999999,5553792.1199999992],[7439761.4100000001,5553781.25],[7439764.4100000001,5553771.1799999997],[7439767.7000000002,5553760.0999999996],[7439771.4800000004,5553747.3399999999],[7439775.2199999997,5553735.0399999991],[7439778.96,5553722.7200000007],[7439780.2699999996,5553717.9100000001],[7439782.0099999998,5553711.4900000002],[7439784.5599999996,5553702.0500000007],[7439785.4500000002,5553698.9299999997],[7439788.5899999999,5553687.9100000001],[7439789.0499999998,5553686.5600000005],[7439793.5199999996,5553673.75],[7439797.8200000003,5553661.3699999992],[7439800.6299999999,5553653.3100000005],[7439800.9400000004,5553648.6300000008],[7439801.2699999996,5553643.4299999997],[7439801.7699999996,5553635.9100000001],[7439802.3899999997,5553626.4399999995],[7439804.2199999997,5553624.1500000004],[7439814.6500000004,5553611.1899999995],[7439817.0999999996,5553608.1199999992],[7439813.1399999997,5553600.3699999992],[7439813.1299999999,5553592.8200000003],[7439809.25,5553587.2599999998],[7439812.0300000003,5553579.5399999991],[7439822.3899999997,5553574.6999999993],[7439827.21,5553564.2699999996],[7439822.3300000001,5553558.5899999999],[7439829.2000000002,5553550.1899999995],[7439838.1399999997,5553552.8300000001],[7439838.5599999996,5553552.0899999999],[7439839.7999999998,5553549.8200000003],[7439829.6799999997,5553533.0600000005],[7439820.9800000004,5553528.7599999998],[7439825.2000000002,5553523.3499999996],[7439826.3399999999,5553521.8800000008],[7439829.1900000004,5553518.2200000007],[7439833.2999999998,5553511.6699999999],[7439827.54,5553505.5199999996],[7439831.6500000004,5553490.3200000003],[7439830.5199999996,5553474.8399999999],[7439837.7400000002,5553455.9399999995],[7439835.7800000003,5553444.7899999991],[7439835.5599999996,5553443.5399999991],[7439836.0499999998,5553435.6400000006],[7439838.25,5553421.4800000004],[7439836.79,5553410.8300000001],[7439835.9500000002,5553404.7100000009],[7439834.9400000004,5553392.4900000002],[7439839.0199999996,5553383.8699999992],[7439839.8200000003,5553373.4100000001],[7439839.6200000001,5553367.8499999996],[7439837.5800000001,5553361.1300000008],[7439837.46,5553355.4199999999],[7439837.2599999998,5553345.7799999993],[7439837.0599999996,5553335.9000000004],[7439837,5553332.75],[7439838.2699999996,5553317.7300000004],[7439838.3300000001,5553317.1300000008],[7439838.6500000004,5553308.8000000007],[7439841.8600000003,5553299.6699999999],[7439841.2000000002,5553297.5999999996],[7439838.8899999997,5553290.3200000003],[7439838.7599999998,5553284.1199999992],[7439836.5800000001,5553275.5800000001],[7439835.9100000001,5553272.9399999995],[7439836.6600000001,5553266.9100000001],[7439836.8499999996,5553266.5399999991],[7439840.75,5553258.7300000004],[7439840.7599999998,5553258.6999999993],[7439845.5099999998,5553243.6099999994],[7439843.4699999997,5553238.1500000004],[7439843.0199999996,5553236.9499999993],[7439843.3899999997,5553228.5899999999],[7439845.6200000001,5553221.7300000004],[7439846.1600000001,5553220.0700000003],[7439846.79,5553218.1199999992],[7439851.8799999999,5553215.6500000004],[7439854.5999999996,5553210.3900000006],[7439855.7599999998,5553206.7599999998],[7439858.21,5553199.0899999999],[7439860.9299999997,5553192.0899999999],[7439859.6600000001,5553188.6400000006],[7439860.0800000001,5553180.9399999995],[7439866.96,5553176.0500000007],[7439866.1699999999,5553170.1600000001],[7439866.6799999997,5553169.6899999995],[7439867.8300000001,5553168.6799999997],[7439878.4199999999,5553167.8900000006],[7439881.8499999996,5553165.7599999998],[7439888.6100000003,5553164.3000000007],[7439893.75,5553157.5199999996],[7439894.7000000002,5553156.2699999996],[7439901.8499999996,5553146.8499999996],[7439902.79,5553144.5299999993],[7439905.8899999997,5553136.9399999995],[7439911.7000000002,5553135.1199999992],[7439920.1799999997,5553131.8800000008],[7439921.71,5553130.1199999992],[7439932.1100000003,5553118.6999999993],[7439935.3300000001,5553115.1600000001],[7439936.3499999996,5553114.0399999991],[7439954.4000000004,5553099.5999999996],[7439961.29,5553087.4100000001],[7439971.6200000001,5553074.5999999996],[7439981.3499999996,5553065.4199999999],[7439980.2800000003,5553064.3100000005],[7439978.2999999998,5553062.3300000001],[7439950.5499999998,5553034.5800000001],[7439949.9800000004,5553032.9299999997],[7439949.1399999997,5553030.5999999996],[7439949.7599999998,5553029.8399999999],[7439948.9699999997,5553028.8100000005],[7439928.1600000001,5553001.3800000008],[7439923.0700000003,5552995.3200000003],[7439922.79,5552994.9000000004],[7439918,5552987.0600000005],[7439916.1699999999,5552984.0700000003],[7439909.3600000003,5552971.9600000009],[7439907.4000000004,5552968.4800000004],[7439893.6399999997,5552944.1400000006],[7439893.5099999998,5552943.8900000006],[7439879.4699999997,5552917.9100000001],[7439879.4100000001,5552917.8000000007],[7439864.7199999997,5552892.8800000008],[7439864.7000000002,5552892.8399999999],[7439859.6900000004,5552884.2400000002],[7439847.0099999998,5552864.4199999999],[7439846.8700000001,5552864.1999999993],[7439832.4199999999,5552841.4000000004],[7439820.1200000001,5552822.7899999991],[7439807.0899999999,5552802.0999999996],[7439780.21,5552757.3699999992],[7439762.9000000004,5552719.6099999994],[7439751.79,5552692.1199999992],[7439747.6799999997,5552683.7300000004],[7439743.9500000002,5552677.0099999998],[7439740.25,5552672.8399999999],[7439735.8200000003,5552669.5700000003],[7439734.5199999996,5552666.2400000002],[7439745.8099999996,5552661.6799999997],[7439739.9400000004,5552642.9800000004],[7439737.8300000001,5552636.3000000007],[7439733.7300000004,5552610.2899999991],[7439732.5199999996,5552602.6999999993],[7439724.0499999998,5552555.9100000001],[7439721.71,5552542.9800000004],[7439720.2300000004,5552534.8100000005],[7439706.5300000003,5552461.0399999991],[7439697.5,5552409.6799999997],[7439695.2300000004,5552396.7799999993],[7439687.5199999996,5552355.3499999996],[7439685.8700000001,5552346.5500000007],[7439666.3799999999,5552258.3300000001],[7439665.6600000001,5552255.0800000001],[7439679.7000000002,5552250.0199999996],[7439662.8300000001,5552175.9199999999],[7439647.5999999996,5552106.4199999999],[7439644.9100000001,5552094.1300000008],[7439640.3200000003,5552073.2300000004],[7439628.1100000003,5552016.5800000001],[7439626.6200000001,5552011.9199999999],[7439624.0700000003,5551995.0399999991],[7439645.0700000003,5551994.4399999995],[7439680.7999999998,5551990.7300000004],[7439690.1699999999,5551989.7699999996],[7439682.5499999998,5551927.9000000004],[7439613.4299999997,5551927.75],[7439611.4000000004,5551881.9299999997],[7439559.4199999999,5551881.4199999999],[7439551.3099999996,5551881.3399999999],[7439493.8300000001,5551881.7799999993],[7439486.7300000004,5551821.6099999994],[7439486.2199999997,5551817.3000000007],[7439487.2300000004,5551780.6699999999],[7439487.8700000001,5551757.2100000009],[7439490.9000000004,5551741.1799999997],[7439494.0899999999,5551724.2599999998],[7439496.3799999999,5551712.1400000006],[7439499.9299999997,5551693.3399999999],[7439502.5800000001,5551681.9199999999],[7439504.8200000003,5551672.3200000003],[7439507.9699999997,5551658.8100000005],[7439511.1900000004,5551644.9199999999],[7439514.0800000001,5551632.5199999996],[7439515.1299999999,5551622.2100000009],[7439516.3399999999,5551610.4100000001],[7439517.2000000002,5551602.0600000005],[7439517.3399999999,5551600.7599999998],[7439517.5999999996,5551598.2100000009],[7439519.5700000003,5551579.2699999996],[7439520.6299999999,5551569.0099999998],[7439520.71,5551568.0800000001],[7439522.3099999996,5551551.6199999992],[7439522.8300000001,5551546.2799999993],[7439523.2699999996,5551541.7400000002],[7439521.75,5551529.3599999994],[7439520.0999999996,5551515.8100000005],[7439517.4400000004,5551494.5299999993],[7439513,5551458.9299999997],[7439511.0199999996,5551442.9000000004],[7439503.8799999999,5551406.2799999993],[7439502.0599999996,5551387.0399999991],[7439499.5599999996,5551370.6999999993],[7439499.21,5551368.4299999997],[7439493.8399999999,5551288.3399999999],[7439494.4199999999,5551284.6099999994],[7439489.3399999999,5551283.0800000001],[7439475.4900000002,5551278.7899999991],[7439460.5999999996,5551273.9900000002],[7439434.4900000002,5551265.9499999993],[7439417.9199999999,5551261.6699999999],[7439403.4299999997,5551257.6400000006],[7439388.7199999997,5551253.9700000007],[7439375.1900000004,5551250.6799999997],[7439373.8600000003,5551250.3699999992],[7439360.7199999997,5551247.3000000007],[7439347.2000000002,5551244],[7439334.0499999998,5551241.1300000008],[7439318.9100000001,5551237.2100000009],[7439305.54,5551233.8000000007],[7439292.79,5551230.4800000004],[7439265.4299999997,5551222.6099999994],[7439250.3099999996,5551219.1099999994],[7439219.6100000003,5551211.5999999996],[7439176.71,5551201.4000000004],[7439161.9199999999,5551197.4399999995],[7439130.1600000001,5551189.2799999993],[7439115.8200000003,5551185.4700000007],[7439084.6699999999,5551175.8499999996],[7439070.7999999998,5551172.4900000002],[7439052.6299999999,5551166.3499999996],[7439030.3499999996,5551160.6199999992],[7439004.1299999999,5551153.4499999993],[7438977.7699999996,5551146.5899999999],[7438962.4800000004,5551142.6199999992],[7438949.3399999999,5551140.1300000008],[7438901.0599999996,5551126.1600000001],[7438871.9199999999,5551117.8399999999],[7438862.2999999998,5551115.5500000007],[7438841.9000000004,5551113.6400000006],[7438816.4299999997,5551108.5099999998],[7438734.5899999999,5551089.2100000009],[7438707.5700000003,5551082.8399999999],[7438685.8300000001,5551078.0600000005],[7438635.1699999999,5551066.25],[7438627.04,5551064.2699999996],[7438585.6299999999,5551054.1799999997],[7438581.2599999998,5551053.1699999999],[7438535.8600000003,5551042.5899999999],[7438485.9100000001,5551033.0199999996],[7438484.9299999997,5551032.7200000007],[7438435.6299999999,5551021.7799999993],[7438414.5700000003,5551016.9700000007],[7438386.3899999997,5551011.9700000007],[7438363.2400000002,5551007.9000000004],[7438340.0800000001,5551003.8399999999],[7438283.2300000004,5550993.0600000005],[7438285.5099999998,5551020.7100000009],[7438217.8799999999,5551011.0099999998],[7438196.1600000001,5551007.1600000001],[7438182.9199999999,5551004.9199999999],[7438177.2800000003,5551003.9399999995],[7438140.75,5550993.6999999993],[7438125.6399999997,5550989.9700000007],[7438119.1399999997,5550988.3699999992],[7438098.2999999998,5550969.3399999999],[7438023.8499999996,5551038.2300000004],[7438022.2400000002,5551039.7300000004],[7438017.71,5551044.0500000007],[7437977.4100000001,5551081.7400000002],[7437981.1100000003,5551077.4000000004],[7437982.6699999999,5551074.1699999999],[7437984.2599999998,5551071.9100000001],[7437985.4699999997,5551069.2400000002],[7437986.2999999998,5551066.4000000004],[7437987.3300000001,5551062.6799999997],[7437987.5,5551060.9399999995],[7437987.54,5551059.3399999999],[7437987.1600000001,5551056.4199999999],[7437986.8700000001,5551053.9100000001],[7437986.5800000001,5551051.6699999999],[7437986.1399999997,5551049.0199999996],[7437984.4900000002,5551045.1999999993],[7437983.2000000002,5551041.1999999993],[7437981.3899999997,5551038.0700000003],[7437979.6699999999,5551035.1099999994],[7437975.5700000003,5551031.4299999997],[7437971.3899999997,5551027.7699999996],[7437931.3099999996,5551007.5700000003],[7437906.9000000004,5550996.3399999999],[7437900.3399999999,5550994.0500000007],[7437870.6200000001,5550974.6300000008],[7437864.5099999998,5550969.9900000002],[7437838.5099999998,5550959.7699999996],[7437834.5599999996,5550958.1600000001],[7437835.6600000001,5550956.3100000005],[7437831.8899999997,5550954.8499999996],[7437830.5599999996,5550958.0199999996],[7437796.4699999997,5550947.8200000003],[7437785.0800000001,5550944.4000000004],[7437717.5599999996,5550924.1899999995],[7437707.5700000003,5550921.7400000002],[7437706.7699999996,5550925.0600000005],[7437694.7400000002,5550974.5500000007],[7437683.2300000004,5550972.1400000006],[7437672.7699999996,5550969.6699999999],[7437655.9100000001,5550965.8499999996],[7437636.29,5550961.1199999992],[7437622.5899999999,5550957.9900000002],[7437635.1900000004,5550908.5099999998],[7437636.0899999999,5550904.9700000007],[7437619.6399999997,5550900.8200000003],[7437604.8700000001,5550897.0999999996],[7437597.5300000003,5550895.7599999998],[7437576.6500000004,5550890.5700000003],[7437562.6399999997,5550887.4100000001],[7437551.2800000003,5550884.6099999994],[7437524.4800000004,5550878.4800000004],[7437508.3099999996,5550874.4700000007],[7437494.0899999999,5550871.1899999995],[7437483.5199999996,5550863.9700000007],[7437462.3600000003,5550849.0600000005],[7437447,5550837.7400000002],[7437431.0499999998,5550825.8399999999],[7437401.2999999998,5550803.6799999997],[7437400.3300000001,5550803],[7437390.6100000003,5550800.8399999999],[7437350.9100000001,5550792.0500000007],[7437328.8600000003,5550787.1199999992],[7437268.4199999999,5550770.4900000002],[7437224.1200000001,5550758.1699999999],[7437218.5700000003,5550756.9299999997],[7437175.9500000002,5550747.4399999995],[7437126.0800000001,5550730.1799999997],[7437072.3700000001,5550718.5399999991],[7437012.3600000003,5550711.9800000004],[7437012.5999999996,5550694.4299999997],[7436998.96,5550691.3699999992],[7436994.79,5550690.4000000004],[7436981.2699999996,5550687.2400000002],[7436960.1399999997,5550682.6600000001],[7436937.4000000004,5550677.3200000003],[7436919.5999999996,5550673.2400000002],[7436899.5300000003,5550668.5899999999],[7436880.9900000002,5550664.3800000008],[7436853.1299999999,5550657.9600000009],[7436840.1900000004,5550654.9900000002],[7436822.2999999998,5550650.9399999995],[7436801.9699999997,5550649.8599999994],[7436787.2300000004,5550649.4199999999],[7436765.9199999999,5550649.8100000005],[7436767.4400000004,5550642.1899999995],[7436768.5999999996,5550636.4199999999],[7436773.7800000003,5550610.5899999999],[7436786.96,5550544.8800000008],[7436712.8300000001,5550530.9600000009],[7436637.2699999996,5550535.0899999999],[7436600.4699999997,5550542.9900000002],[7436574.0999999996,5550548.6699999999],[7436532.1299999999,5550563.5099999998],[7436488.9500000002,5550578.7699999996],[7436449.3700000001,5550599.7899999991],[7436405.1200000001,5550623.2799999993],[7436381.7800000003,5550640.7899999991],[7436354.9699999997,5550660.8800000008],[7436318.5700000003,5550688.1699999999],[7436291.3799999999,5550702.5],[7436261.7400000002,5550718.1099999994],[7436235.6900000004,5550731.8300000001],[7436225.0899999999,5550737.4199999999],[7436191.8099999996,5550749.0500000007],[7436124.4800000004,5550772.5700000003],[7436088.4400000004,5550783.2300000004],[7436037.3700000001,5550798.3300000001],[7435989.5999999996,5550813.0700000003],[7435944.3799999999,5550827.0099999998],[7435895.9000000004,5550842.7400000002],[7435848.3300000001,5550858.1600000001],[7435786.2699999996,5550878.3000000007],[7435753.1299999999,5550889.0500000007],[7435657.8200000003,5550917.9399999995],[7435582.9100000001,5550940.75],[7435569.6500000004,5550944.7899999991],[7435521.9299999997,5550959.6999999993],[7435474.21,5550974.6199999992],[7435426.4900000002,5550989.5399999991],[7435380.8799999999,5551003.8000000007],[7435372.9500000002,5551006.2799999993],[7435279.4900000002,5551037.8499999996],[7435245.9100000001,5551046.6500000004],[7435179.6699999999,5551064],[7435119.3600000003,5551077.8499999996],[7435087.0300000003,5551077.9600000009],[7435075.7000000002,5551083.6199999992],[7435004.6699999999,5551089.6300000008],[7434977.1500000004,5551088.3300000001],[7434954.9100000001,5551087.2799999993],[7434905.0199999996,5551084.4600000009],[7434862.3899999997,5551082.9800000004],[7434813.3099999996,5551074.6600000001],[7434764.0899999999,5551066.5999999996],[7434714.8899999997,5551057.4499999993],[7434665.3899999997,5551048.4199999999],[7434616.3600000003,5551038.9000000004],[7434579.1399999997,5551031.8300000001],[7434531.96,5551022.75],[7434559.9100000001,5550906.8800000008],[7434522.04,5550858.7400000002],[7434485.9299999997,5550798.4700000007],[7434472.4800000004,5550776.1899999995],[7434453.3600000003,5550758.5099999998],[7434444.3899999997,5550765.0299999993],[7434436.4500000002,5550768.8300000001],[7434425.3099999996,5550760.3599999994],[7434425.0300000003,5550759.8399999999],[7434421.5899999999,5550752.0600000005],[7434417.2599999998,5550739.8300000001],[7434404.5700000003,5550745.6699999999],[7434373.5599999996,5550723.2899999991],[7434336.9199999999,5550696.9700000007],[7434336.0899999999,5550697.5600000005],[7434322.54,5550687.7799999993],[7434318.3600000003,5550689.5700000003],[7434315.7300000004,5550691.6600000001],[7434304.5300000003,5550683.3499999996],[7434291.6900000004,5550674.4800000004],[7434260.7599999998,5550652.7899999991],[7434237.3099999996,5550635.9600000009],[7434196.0999999996,5550606.4199999999],[7434169.8899999997,5550587.6199999992],[7434150.4900000002,5550572.9499999993],[7434117.8300000001,5550550.2100000009],[7434097.1799999997,5550535.9900000002],[7434062.29,5550511.5700000003],[7434057.96,5550508.2400000002],[7434045.0599999996,5550498.9800000004],[7434027.3399999999,5550486.9800000004],[7434004.6799999997,5550470.6799999997],[7433990.4100000001,5550460.4100000001],[7433992.1600000001,5550457.8699999992],[7433960.1699999999,5550435.3599999994],[7433941.4500000002,5550422.0099999998],[7433902.3300000001,5550394.6099999994],[7433868.6399999997,5550370.8200000003],[7433829.3399999999,5550343.0500000007],[7433807.1299999999,5550327.3000000007],[7433793.6900000004,5550317.7599999998],[7433792.4199999999,5550316.7599999998],[7433788.4800000004,5550313.8800000008],[7433780.9699999997,5550308.7300000004],[7433768.9500000002,5550300.0700000003],[7433747.4800000004,5550285.0199999996],[7433742.6600000001,5550281.6099999994],[7433728.1500000004,5550271.3100000005],[7433692.9400000004,5550246.5800000001],[7433660.7999999998,5550223.9900000002],[7433657.8600000003,5550222.5099999998],[7433638.5599999996,5550209.2599999998],[7433622.6699999999,5550198.3800000008],[7433605.9900000002,5550187],[7433597.7000000002,5550180.7200000007],[7433565.1399999997,5550157.1400000006],[7433560.9900000002,5550154.3599999994],[7433537.71,5550137.8599999994],[7433491.96,5550105.3499999996],[7433447.7699999996,5550073.9299999997],[7433417.9699999997,5550052.6600000001],[7433412.4900000002,5550048.7400000002],[7433390.8099999996,5550033.6899999995],[7433387.4000000004,5550031.3200000003],[7433382.1299999999,5550027.4199999999],[7433359.8700000001,5550009.8599999994],[7433343.7400000002,5549997.5099999998],[7433321.0199999996,5549979.5800000001],[7433315.6699999999,5549975.2300000004],[7433295.0899999999,5549959.1699999999],[7433272.5599999996,5549941.6400000006],[7433257.7800000003,5549930.2400000002],[7433251.8200000003,5549925.8599999994],[7433249.21,5549923.8699999992],[7433241.8200000003,5549919.1400000006],[7433240.8700000001,5549917.75],[7433223.9100000001,5549907.1199999992],[7433199.8300000001,5549889.8599999994],[7433184.1900000004,5549874.0700000003],[7433174.9299999997,5549851.3599999994],[7433172.9100000001,5549842.2100000009],[7433172.5999999996,5549840.8000000007],[7433171.7699999996,5549824.6899999995],[7433170.6699999999,5549814.1999999993],[7433169.46,5549802.7599999998],[7433169.25,5549800.7699999996],[7433166.2199999997,5549798.9100000001],[7433163.7400000002,5549774.1899999995],[7433162.8700000001,5549760.3900000006],[7433162.7300000004,5549751.2799999993],[7433162.8399999999,5549742.0600000005],[7433164.8700000001,5549693.2899999991],[7433161.1100000003,5549689.4199999999],[7433149.21,5549687.6799999997],[7433141.7599999998,5549686.6099999994],[7433132.5300000003,5549685.2699999996],[7433098.2599999998,5549678.7599999998],[7433066.75,5549672.7599999998],[7433056.4800000004,5549670.8000000007],[7433053.0499999998,5549670.1600000001],[7433033.3399999999,5549666.4800000004],[7432989.7199999997,5549658.3200000003],[7432965.7800000003,5549653.8499999996],[7432958.2199999997,5549652.2599999998],[7432949.6399999997,5549650.1099999994],[7432940.7199999997,5549647.8300000001],[7432931.6799999997,5549645.0500000007],[7432927.6900000004,5549643.7799999993],[7432915.7400000002,5549639.3200000003],[7432776.4400000004,5549584.1300000008],[7432753.5099999998,5549575],[7432727.0499999998,5549564.4700000007],[7432652.54,5549534.8200000003],[7432638.6100000003,5549529.2699999996],[7432599.1699999999,5549513.5700000003],[7432526.3200000003,5549484.5700000003],[7432514.5800000001,5549479.9000000004],[7432512.1399999997,5549478.9299999997],[7432491.29,5549470.3200000003],[7432480.3099999996,5549465.6799999997],[7432476.8200000003,5549464.1999999993],[7432470.1299999999,5549461.2799999993],[7432469.1100000003,5549460.8699999992],[7432468.7400000002,5549460.7200000007],[7432467.9699999997,5549460.4100000001],[7432442.6699999999,5549450.2100000009],[7432420.4800000004,5549442.7400000002],[7432368.75,5549422.1899999995],[7432327.25,5549405.7899999991],[7432297.1399999997,5549393.7599999998],[7432273.4900000002,5549384.1999999993],[7432265.0700000003,5549381.5],[7432244.5,5549376.7300000004],[7432235.5700000003,5549374.6500000004],[7432231.3700000001,5549373.5099999998],[7432226.3300000001,5549371.8699999992],[7432170.6799999997,5549349.7300000004],[7432101.0899999999,5549524.5500000007],[7432091.7000000002,5549548.1500000004],[7432088.5,5549556.1799999997],[7432087.9199999999,5549566.5099999998],[7432064.5499999998,5549625.3300000001],[7432059.2599999998,5549630.4100000001],[7432025.1299999999,5549714.8699999992],[7432023.3499999996,5549718.9399999995],[7432016.9299999997,5549731.1199999992],[7432011.4699999997,5549739.5099999998],[7432005.6100000003,5549747.1600000001],[7432002.8799999999,5549750.7799999993],[7431999.04,5549755.4199999999],[7431989.2699999996,5549765.25],[7431986.0999999996,5549768.4700000007],[7431982.6200000001,5549771.5899999999],[7431983.7000000002,5549773.5299999993],[7431975.9900000002,5549778.6600000001],[7431955.5899999999,5549792.8100000005],[7431941.0899999999,5549802.9399999995],[7431917.0199999996,5549819.3800000008],[7431870.4299999997,5549851.6099999994],[7431852.5599999996,5549864.1500000004],[7431839.8099999996,5549871.5700000003],[7431807.4199999999,5549893.9299999997],[7431789.8200000003,5549901.6600000001],[7431777.2999999998,5549910.1699999999],[7431777.0899999999,5549911.6600000001],[7431776.5099999998,5549915.5899999999],[7431715.2999999998,5549958.5800000001],[7431710.7699999996,5549961.7100000009],[7431698.4100000001,5549970.2400000002],[7431685.75,5549978.9700000007],[7431671.9199999999,5549988.9100000001],[7431657.9199999999,5549998.6300000008],[7431629.8200000003,5550010.4000000004],[7431614.1200000001,5550021.0999999996],[7431602.9900000002,5550028.6999999993],[7431596.1699999999,5550033.3399999999],[7431588.5800000001,5550038.5299999993],[7431575.8200000003,5550047.3100000005],[7431565.1699999999,5550054.1699999999],[7431557.5,5550059.1199999992],[7431554.3399999999,5550061.1099999994],[7431551.3799999999,5550063.1099999994],[7431549.4500000002,5550064.6799999997],[7431548.5499999998,5550065.4199999999],[7431544.9500000002,5550067.3900000006],[7431541.7800000003,5550069.1600000001],[7431538.0700000003,5550070.8599999994],[7431533.4100000001,5550073.4100000001],[7431514.0800000001,5550081.1300000008],[7431492.1600000001,5550088.8599999994],[7431489.3600000003,5550089.6199999992],[7431489.1200000001,5550090.6300000008],[7431484.8499999996,5550092.0399999991],[7431483.6500000004,5550091.2799999993],[7431472.5999999996,5550094.8900000006],[7431450.6799999997,5550101.25],[7431427.6699999999,5550107.6500000004],[7431427.2400000002,5550106.7200000007],[7431415.9299999997,5550110.1099999994],[7431414.1100000003,5550110.6600000001],[7431405.0099999998,5550113.3900000006],[7431404.3899999997,5550113.5800000001],[7431403.54,5550111.7100000009],[7431385.1799999997,5550117.1199999992],[7431382.7400000002,5550119.3399999999],[7431381.5700000003,5550122.5500000007],[7431371.7999999998,5550126],[7431364.2599999998,5550129.2100000009],[7431360.5999999996,5550130.7699999996],[7431345.2599999998,5550138.4700000007],[7431345.5199999996,5550139.1500000004],[7431343.0899999999,5550140.7100000009],[7431340.1100000003,5550142.75],[7431336.3700000001,5550145.8200000003],[7431333.2800000003,5550148.6199999992],[7431321.0300000003,5550159.9800000004],[7431315.3099999996,5550166.2799999993],[7431309.9699999997,5550172.4499999993],[7431304.7599999998,5550178.6099999994],[7431303.2599999998,5550180.4800000004],[7431299.5999999996,5550185.0299999993],[7431294.5999999996,5550191.8100000005],[7431292.2000000002,5550195.7899999991],[7431287.4800000004,5550201.2899999991],[7431277.8799999999,5550212.4900000002],[7431269.5,5550222.2699999996],[7431265.4900000002,5550227.4499999993],[7431241.3399999999,5550258.75],[7431237.0700000003,5550259.0800000001],[7431232.0999999996,5550263.8399999999],[7431230.6200000001,5550265.2599999998],[7431225.5899999999,5550270.8300000001],[7431202.6699999999,5550299.6799999997],[7431202.6100000003,5550299.9000000004],[7431200.29,5550302.3900000006],[7431200.0899999999,5550302.6400000006],[7431193.9299999997,5550310.2300000004],[7431188.5700000003,5550316.8399999999],[7431184.0300000003,5550323.0600000005],[7431174.2599999998,5550317.1300000008],[7431160.6900000004,5550306.0800000001],[7431116.71,5550270.2599999998],[7431102.25,5550258.5700000003],[7431051.8700000001,5550217.8499999996],[7431010.8899999997,5550182.4399999995],[7430973.4800000004,5550150.1099999994],[7430926.9500000002,5550110.5500000007],[7430923.6900000004,5550106.9100000001],[7430788.5099999998,5549996.75],[7430787.7000000002,5549995.6099999994],[7430785.7800000003,5549992.8900000006],[7430764.4500000002,5549970.3699999992],[7430679.8799999999,5549901.2400000002],[7430677.5800000001,5549905.8000000007],[7430652.3899999997,5549885.5099999998],[7430631.4800000004,5549868.5500000007],[7430627,5549864.8900000006],[7430623.5899999999,5549862.0999999996],[7430622.4699999997,5549861.1799999997],[7430594.1699999999,5549837.9900000002],[7430589.9800000004,5549834.5399999991],[7430585.1799999997,5549830.5999999996],[7430564.3399999999,5549813.2799999993],[7430534.7400000002,5549789.3599999994],[7430509.79,5549768.8499999996],[7430509.4500000002,5549769.3100000005],[7430507.3499999996,5549767.5399999991],[7430474.7599999998,5549740.4600000009],[7430471.6200000001,5549744.4600000009],[7430463.3099999996,5549755.0199999996],[7430462.5599999996,5549764.9700000007],[7430459.2300000004,5549774.3100000005],[7430452.9800000004,5549782.2799999993],[7430445.46,5549787.9900000002],[7430440.1900000004,5549806.8499999996],[7430393.9299999997,5549793.2899999991],[7430385.4699999997,5549792.0899999999],[7430376.7599999998,5549792.7599999998],[7430368.4500000002,5549796.1099999994],[7430361.0199999996,5549801.8800000008],[7430319.7800000003,5549769.8100000005],[7430322.9299999997,5549765.8699999992],[7430324.71,5549761.6999999993],[7430326.5499999998,5549756.7899999991],[7430327.1699999999,5549753.5399999991],[7430327.0700000003,5549750.2699999996],[7430326.0700000003,5549745.2400000002],[7430324.7000000002,5549739.8699999992],[7430322.4500000002,5549734.5500000007],[7430318.1600000001,5549726.3699999992],[7430310.0199999996,5549710.8800000008],[7430306.1699999999,5549703.5500000007],[7430283.2199999997,5549659.4100000001],[7430278.0700000003,5549651.0899999999],[7430274.9000000004,5549646.3100000005],[7430271.7400000002,5549642.6500000004],[7430267.9400000004,5549638.5299999993],[7430262.1799999997,5549633.2100000009],[7430233.54,5549609.4800000004],[7430197.0199999996,5549579.2300000004],[7430157.2199999997,5549547.0600000005],[7430118.2599999998,5549515.4900000002],[7430085.9000000004,5549488.8599999994],[7430079.5099999998,5549483.9700000007],[7430057.6399999997,5549465.6099999994],[7430030.0599999996,5549442.4399999995],[7430020.0700000003,5549434.0600000005],[7429987.6699999999,5549407.7300000004],[7429981.3399999999,5549402.5700000003],[7429973.04,5549395.8200000003],[7429955.2000000002,5549381.2799999993],[7429952.5199999996,5549367.5700000003],[7429934.7400000002,5549352.25],[7429917.6100000003,5549338.2200000007],[7429908.1900000004,5549330.8200000003],[7429902.6500000004,5549326.4700000007],[7429864.5300000003,5549294.9700000007],[7429846.5800000001,5549280.5399999991],[7429843.6100000003,5549278.5099999998],[7429828.6100000003,5549266.1699999999],[7429825.4500000002,5549263.5700000003],[7429810.1600000001,5549251.3599999994],[7429794.5099999998,5549239.4499999993],[7429754.2400000002,5549208.2599999998],[7429746.3399999999,5549202.7899999991],[7429740.3099999996,5549198.6400000006],[7429736.8300000001,5549196.2400000002],[7429720.9800000004,5549185.2300000004],[7429716.96,5549182.5899999999],[7429701.6500000004,5549173.0500000007],[7429687.8700000001,5549161.8399999999],[7429677.7999999998,5549153.6199999992],[7429666.1500000004,5549144.4000000004],[7429663.21,5549142.0700000003],[7429653.8600000003,5549136.9399999995],[7429643.8700000001,5549132.7300000004],[7429623.9900000002,5549124.6199999992],[7429619.9100000001,5549122.6199999992],[7429602.3899999997,5549115.4299999997],[7429586.4699999997,5549108.3800000008],[7429586.1799999997,5549107.9199999999],[7429578.2199999997,5549050.1300000008],[7429574.46,5549023.6799999997]]]},"properties":{"objectid":2267742732295,"id_dzielni":18,"nr_dzielni":"XVIII","nazwa":"Nowa Huta","nazwa_peln":"Dzielnica XVIII Nowa Huta","opis":"UCHWAŁA NR XCIX/1512/14 RADY MIASTA KRAKOWA","powierzchn":65409916,"data_aktua":1396303200000}},{"type":"Feature","id":2267742732296,"geometry":{"type":"Polygon","coordinates":[[[7420340.4800000004,5548659.25],[7420343.2300000004,5548650.3800000008],[7420343.04,5548648.8499999996],[7420346.8899999997,5548647.6400000006],[7420346.79,5548636.4800000004],[7420349.5599999996,5548631.5600000005],[7420369.9800000004,5548608.4800000004],[7420373.54,5548604.4499999993],[7420376.1900000004,5548601.4499999993],[7420377.6500000004,5548599.8000000007],[7420378.79,5548598.5099999998],[7420380.2000000002,5548596.75],[7420380.2599999998,5548596.6699999999],[7420382.6500000004,5548593.6600000001],[7420385.0800000001,5548585.5199999996],[7420386.9900000002,5548582.5999999996],[7420390.2199999997,5548577.7400000002],[7420389.0700000003,5548571.1199999992],[7420389.6799999997,5548558.3399999999],[7420393.2300000004,5548541.0700000003],[7420399.0899999999,5548527.9800000004],[7420400.5599999996,5548527.9000000004],[7420402.7599999998,5548527.3699999992],[7420417.5599999996,5548518.6500000004],[7420426.2199999997,5548515.9299999997],[7420437.2400000002,5548513.0600000005],[7420450.0899999999,5548505.3200000003],[7420473.21,5548495.6099999994],[7420494.1399999997,5548484.8499999996],[7420514.3899999997,5548473.5999999996],[7420533.7699999996,5548460.7200000007],[7420554.3600000003,5548446.6799999997],[7420572.6799999997,5548434.7400000002],[7420595.8899999997,5548418.0299999993],[7420607.3799999999,5548407.0399999991],[7420612.2300000004,5548403.1999999993],[7420614.9199999999,5548402.0500000007],[7420623.75,5548398.2699999996],[7420626.9900000002,5548397.0800000001],[7420629.8899999997,5548396.2200000007],[7420642.1500000004,5548391.1199999992],[7420644.5899999999,5548390.6899999995],[7420658.4199999999,5548388.2400000002],[7420688.6399999997,5548381.6199999992],[7420690.8700000001,5548384.5],[7420691.9800000004,5548387.4000000004],[7420692.9699999997,5548389.6300000008],[7420693.7800000003,5548393.0600000005],[7420694.8799999999,5548398.6199999992],[7420704.2400000002,5548391.9600000009],[7420710.9699999997,5548387.25],[7420723.6399999997,5548379.9600000009],[7420744.5899999999,5548367.9299999997],[7420753.79,5548361.5399999991],[7420768.1200000001,5548352.2400000002],[7420785.79,5548342.1899999995],[7420797.54,5548335.8200000003],[7420812.0599999996,5548328.1899999995],[7420823.9699999997,5548322.0399999991],[7420838.3099999996,5548314.6099999994],[7420846.0499999998,5548311.0299999993],[7420860.5800000001,5548304.6300000008],[7420875.6399999997,5548298.0999999996],[7420893.9000000004,5548290.1699999999],[7420902.7999999998,5548286.2899999991],[7420917.8799999999,5548279.5099999998],[7420950.3899999997,5548264.9700000007],[7420970.3799999999,5548255.8499999996],[7420991.6799999997,5548243.8200000003],[7421013.6100000003,5548232.4800000004],[7421035.2000000002,5548220.3399999999],[7421058.8899999997,5548209.8000000007],[7421078.9900000002,5548200.9100000001],[7421093.1500000004,5548194.6500000004],[7421104.71,5548188.2699999996],[7421122.1299999999,5548178.8499999996],[7421138.8200000003,5548170.0700000003],[7421141.7699999996,5548168.5],[7421166.4100000001,5548155.2799999993],[7421180.0300000003,5548148.9299999997],[7421188.9100000001,5548145.1899999995],[7421205.9199999999,5548136.8000000007],[7421218.5,5548130.0700000003],[7421237.2699999996,5548120.3499999996],[7421259.2400000002,5548108.8800000008],[7421271.3899999997,5548102.75],[7421301.1600000001,5548086.8900000006],[7421323.7000000002,5548074.9700000007],[7421345.2999999998,5548063.1500000004],[7421361.6799999997,5548055.2100000009],[7421371.9400000004,5548051.2400000002],[7421373.2000000002,5548049.9700000007],[7421389.7599999998,5548041.0600000005],[7421390.6600000001,5548040.7899999991],[7421391.7400000002,5548040.3000000007],[7421396.8399999999,5548037.9800000004],[7421397.5,5548037.6799999997],[7421409.96,5548031.5899999999],[7421421.9199999999,5548025.4800000004],[7421421.7599999998,5548024.8900000006],[7421418.3399999999,5548012.25],[7421418.1299999999,5548011.6999999993],[7421415.4699999997,5548004.4100000001],[7421415.1399999997,5548003.5099999998],[7421415.0199999996,5548002.7300000004],[7421424.1100000003,5547998.9100000001],[7421432.6299999999,5547995.3200000003],[7421438.4900000002,5547992.8499999996],[7421436.0800000001,5547986.6899999995],[7421434.7300000004,5547983.2699999996],[7421429.3700000001,5547970.9399999995],[7421428.8600000003,5547967.5299999993],[7421429.96,5547963.9900000002],[7421432.1900000004,5547960.6999999993],[7421434.7400000002,5547959.4900000002],[7421462.7800000003,5547952.2699999996],[7421476.3499999996,5547948.7699999996],[7421485.7699999996,5547946.3800000008],[7421506.1500000004,5547940.8800000008],[7421511.3799999999,5547939.8599999994],[7421523.5700000003,5547936.6899999995],[7421545.6600000001,5547931.0899999999],[7421550.6500000004,5547950.8800000008],[7421603.4800000004,5547937.1400000006],[7421686.79,5547915.9000000004],[7421744.8799999999,5547901.0099999998],[7421773.9100000001,5547893.5700000003],[7421933.2300000004,5547852.9100000001],[7421932.9000000004,5547850.9499999993],[7421935.4000000004,5547850.4299999997],[7421934.6799999997,5547846.7200000007],[7422111.5099999998,5547801.2300000004],[7422124.29,5547798.4399999995],[7422132.4500000002,5547796.4299999997],[7422153.04,5547791.0199999996],[7422213.0700000003,5547775.6500000004],[7422213.5599999996,5547776.2699999996],[7422217.3200000003,5547775.4199999999],[7422217.4100000001,5547774.5500000007],[7422245.9400000004,5547767.2899999991],[7422273.7199999997,5547760.1400000006],[7422301.4000000004,5547753.1400000006],[7422329.1100000003,5547745.9199999999],[7422359,5547738.2699999996],[7422388.7999999998,5547730.7200000007],[7422418.54,5547723.0899999999],[7422448.3300000001,5547715.3900000006],[7422478.0999999996,5547707.8000000007],[7422507.8799999999,5547699.9299999997],[7422509.3200000003,5547702.4199999999],[7422524.3899999997,5547700.9800000004],[7422524.5199999996,5547698.7300000004],[7422554.1600000001,5547689.7599999998],[7422553.96,5547688.8699999992],[7422582.2800000003,5547681.0899999999],[7422646.5499999998,5547664.4700000007],[7422646.2199999997,5547663.4700000007],[7422666.2999999998,5547658.5099999998],[7422693.9800000004,5547651.4299999997],[7422709.96,5547647.3300000001],[7422720.04,5547644.5099999998],[7422739.5800000001,5547639.0600000005],[7422788.2000000002,5547626.5600000005],[7422812.6399999997,5547620.3300000001],[7422846.04,5547611.6699999999],[7422942.3899999997,5547587.0600000005],[7422956.1699999999,5547583.3599999994],[7422961.4199999999,5547582.3000000007],[7422971.3300000001,5547581.5500000007],[7422999.2400000002,5547587.5700000003],[7423005.1600000001,5547553.9000000004],[7423065.1500000004,5547560.4399999995],[7423051.54,5547598.6500000004],[7423051.2000000002,5547598.5700000003],[7423050.6500000004,5547601.1300000008],[7423049.9900000002,5547604.0800000001],[7423049.1500000004,5547607.8100000005],[7423049.6200000001,5547607.9199999999],[7423047.9900000002,5547615.1099999994],[7423046.04,5547615.2100000009],[7423045.6200000001,5547615.0800000001],[7423044.5199999996,5547618.7300000004],[7423044.71,5547618.7699999996],[7423036.8600000003,5547638.0700000003],[7423031.2400000002,5547651.8800000008],[7423030.6900000004,5547653.3900000006],[7423026.25,5547666.0099999998],[7423024.5999999996,5547670.7300000004],[7423024.4900000002,5547670.6899999995],[7423020.3700000001,5547682.3900000006],[7423020.4699999997,5547682.4199999999],[7423008.3899999997,5547716.5600000005],[7423008.2999999998,5547716.5299999993],[7423004.1799999997,5547728.25],[7423004.2999999998,5547728.2899999991],[7423002.6399999997,5547733],[7422998.8200000003,5547743.8300000001],[7422994.1900000004,5547758.1300000008],[7422987.9100000001,5547778.1300000008],[7422980.5499999998,5547802.2400000002],[7422977.4100000001,5547812.3699999992],[7422969.8600000003,5547836.4399999995],[7422964.5700000003,5547853.6600000001],[7422961.8099999996,5547862.6300000008],[7422958.5899999999,5547873.0099999998],[7422952.29,5547893.3000000007],[7422948.3700000001,5547910.5399999991],[7422947.6699999999,5547910.8599999994],[7422946.1100000003,5547919.1999999993],[7422945.5,5547926.4700000007],[7422945.4100000001,5547932.3499999996],[7422945.79,5547938.4299999997],[7422947.5700000003,5547947.0999999996],[7422953.4000000004,5547970.6699999999],[7422956.2599999998,5547982.2899999991],[7422957.4800000004,5547988.3300000001],[7422957.6399999997,5547988.8900000006],[7422959.2599999998,5547995.3699999992],[7422959.5300000003,5547995.3000000007],[7422962.0099999998,5548005.3399999999],[7422961.7400000002,5548005.3900000006],[7422963.3200000003,5548011.8599999994],[7422963.8399999999,5548011.8800000008],[7422964.6299999999,5548015.1099999994],[7422964.2000000002,5548015.2100000009],[7422964.8799999999,5548018.1099999994],[7422964.7400000002,5548018.1400000006],[7422965.7400000002,5548022.2599999998],[7422965.9000000004,5548022.2100000009],[7422966.5999999996,5548025.1500000004],[7422967.0199999996,5548025.0500000007],[7422967.7999999998,5548028.2799999993],[7422967.6699999999,5548028.3100000005],[7422968.9000000004,5548033.1199999992],[7422970.3399999999,5548038.9800000004],[7422971,5548041.6699999999],[7422971.5599999996,5548043.9600000009],[7422971.7199999997,5548043.9199999999],[7422974.2000000002,5548052.9000000004],[7422973.7699999996,5548053.0199999996],[7422974.9400000004,5548057.3200000003],[7422982.0999999996,5548083.5],[7422997.29,5548145.1199999992],[7422999.9299999997,5548155.8000000007],[7423000.4699999997,5548155.6600000001],[7423004.2599999998,5548170.4299999997],[7423005.1500000004,5548170.2100000009],[7423010.4000000004,5548190.8200000003],[7423009.3399999999,5548191.0199999996],[7423010.1299999999,5548194.2400000002],[7423011.4900000002,5548199.4900000002],[7423012.3099999996,5548202.6799999997],[7423013.3200000003,5548202.4800000004],[7423018.5499999998,5548223.0299999993],[7423017.6900000004,5548223.25],[7423021.4000000004,5548237.9900000002],[7423021.1500000004,5548238.5199999996],[7423023.2199999997,5548246.8200000003],[7423023.4400000004,5548247.8300000001],[7423024.7300000004,5548252.7599999998],[7423025,5548253.7899999991],[7423030.5800000001,5548276.6099999994],[7423032.3300000001,5548282.6500000004],[7423036.0999999996,5548297.4199999999],[7423042.5599999996,5548320.5800000001],[7423045.6600000001,5548331.5800000001],[7423049.0599999996,5548343.0999999996],[7423054.4299999997,5548361.4299999997],[7423059.1200000001,5548378],[7423060.1900000004,5548382.2699999996],[7423060.3399999999,5548382.2300000004],[7423062.6600000001,5548390.4399999995],[7423068.7400000002,5548411.5500000007],[7423074.8700000001,5548428.2400000002],[7423076.79,5548432.8200000003],[7423076.9699999997,5548432.7400000002],[7423080.4299999997,5548441.0199999996],[7423079.4900000002,5548441.4499999993],[7423079.5899999999,5548441.6699999999],[7423079.3200000003,5548441.8000000007],[7423085.7000000002,5548456.3599999994],[7423085.7800000003,5548456.3300000001],[7423087.9199999999,5548461.1999999993],[7423088.0499999998,5548461.1400000006],[7423092.0099999998,5548470.5600000005],[7423096.1200000001,5548479.9800000004],[7423095.9800000004,5548480.0399999991],[7423098.0099999998,5548484.9000000004],[7423103.5899999999,5548497.8300000001],[7423108.7800000003,5548509.7200000007],[7423114.3200000003,5548522.4600000009],[7423119.8899999997,5548535.3000000007],[7423119.9800000004,5548535.5199999996],[7423130.0300000003,5548559.0999999996],[7423130.1299999999,5548559.3399999999],[7423132.2800000003,5548564.3399999999],[7423132.4199999999,5548564.2799999993],[7423135.8899999997,5548572.1799999997],[7423135.6500000004,5548572.2799999993],[7423136.8399999999,5548574.9399999995],[7423136.9800000004,5548574.8800000008],[7423140.4000000004,5548582.6600000001],[7423143.6100000003,5548590.1099999994],[7423143.5300000003,5548590.1400000006],[7423143.7400000002,5548590.6400000006],[7423143.8899999997,5548590.5800000001],[7423143.9299999997,5548590.6699999999],[7423144.75,5548590.3100000005],[7423145.3300000001,5548591.6400000006],[7423144.5199999996,5548591.9900000002],[7423144.5499999998,5548592.0600000005],[7423144.4199999999,5548592.1199999992],[7423144.6399999997,5548592.6300000008],[7423144.7199999997,5548592.5899999999],[7423148,5548600.0800000001],[7423156.2300000004,5548619.0500000007],[7423156.0899999999,5548619.1199999992],[7423158.5700000003,5548624.8800000008],[7423169.5,5548647.9600000009],[7423169.7400000002,5548648.5899999999],[7423170.6500000004,5548650.4900000002],[7423171.25,5548651.9900000002],[7423174.3300000001,5548658.2400000002],[7423179.6799999997,5548669.6799999997],[7423196.3399999999,5548705.75],[7423199.7599999998,5548713.0099999998],[7423199.6100000003,5548713.0800000001],[7423202.0099999998,5548718.1999999993],[7423206.8099999996,5548728.5999999996],[7423206.9199999999,5548728.9000000004],[7423213.1200000001,5548742.5099999998],[7423213.3499999996,5548742.6799999997],[7423220.6399999997,5548758.2699999996],[7423224.3399999999,5548761.3200000003],[7423223.2699999996,5548761.8100000005],[7423223.5700000003,5548763.2200000007],[7423227.2599999998,5548769.8800000008],[7423228.2199999997,5548771.0700000003],[7423229.5499999998,5548771.7400000002],[7423232.3300000001,5548776.0399999991],[7423237.3600000003,5548783.4600000009],[7423241.1799999997,5548784.0800000001],[7423242.0899999999,5548784.8699999992],[7423239.9199999999,5548787.8300000001],[7423253.3600000003,5548799.4000000004],[7423253.4800000004,5548799.2599999998],[7423253.6399999997,5548799.3900000006],[7423253.5899999999,5548799.4499999993],[7423280.8399999999,5548822.3599999994],[7423284.2400000002,5548818.4299999997],[7423288.5099999998,5548821.8699999992],[7423288.79,5548821.5500000007],[7423289.0999999996,5548821.8000000007],[7423291.71,5548823.9600000009],[7423291.8499999996,5548824.0800000001],[7423298.4299999997,5548829.9600000009],[7423298.29,5548830.1400000006],[7423325.2300000004,5548852.6699999999],[7423351.9400000004,5548874.7400000002],[7423352.2699999996,5548874.3300000001],[7423355.6699999999,5548876.9299999997],[7423360.2300000004,5548881.3499999996],[7423367.7199999997,5548889.9399999995],[7423373.7800000003,5548896.8900000006],[7423381.54,5548905.6699999999],[7423385.6100000003,5548908.9199999999],[7423385.2300000004,5548909.4600000009],[7423402.75,5548923.2599999998],[7423402.9000000004,5548923.3800000008],[7423409.5,5548928.5800000001],[7423413.7699999996,5548932.0600000005],[7423413.8300000001,5548931.9800000004],[7423420.4500000002,5548937.1899999995],[7423420.6100000003,5548937.3100000005],[7423439.9800000004,5548952.3200000003],[7423444.3300000001,5548955.7300000004],[7423444.4800000004,5548955.8499999996],[7423448.2800000003,5548958.8100000005],[7423448.1600000001,5548958.9600000009],[7423456.9100000001,5548965.7799999993],[7423457.04,5548965.6300000008],[7423460.3200000003,5548968.1799999997],[7423468.2599999998,5548974.3800000008],[7423474.1600000001,5548978.9800000004],[7423477.29,5548981.4299999997],[7423477.1500000004,5548981.5999999996],[7423485.1600000001,5548987.8699999992],[7423485.2999999998,5548987.6999999993],[7423488.3799999999,5548990.1199999992],[7423502.5099999998,5549001.2599999998],[7423506.8300000001,5549004.6300000008],[7423509.3300000001,5549006.5899999999],[7423515.7699999996,5549011.6199999992],[7423517.9000000004,5549013.2699999996],[7423520.8399999999,5549015.5700000003],[7423522.1500000004,5549016.5999999996],[7423534.8600000003,5549026.5299999993],[7423539.1100000003,5549029.5999999996],[7423539.2000000002,5549029.4700000007],[7423554.9900000002,5549041.0199999996],[7423569.75,5549052.0199999996],[7423578.04,5549056.8300000001],[7423577.9900000002,5549056.9100000001],[7423578.0999999996,5549056.9700000007],[7423580.0899999999,5549058.1300000008],[7423580.3600000003,5549058.2799999993],[7423580.4199999999,5549058.1699999999],[7423588.46,5549062.8399999999],[7423588.6200000001,5549062.9299999997],[7423589.54,5549063.4600000009],[7423594.3899999997,5549066.3100000005],[7423602.7400000002,5549071.2599999998],[7423611.9199999999,5549076.5],[7423618.2400000002,5549080.1699999999],[7423618.3799999999,5549080.25],[7423618.5499999998,5549080.3200000003],[7423634.7699999996,5549087.1400000006],[7423652.8899999997,5549094.1799999997],[7423659.3300000001,5549096.5700000003],[7423664.9699999997,5549098.6699999999],[7423680.5700000003,5549104.5299999993],[7423680.7400000002,5549104.5899999999],[7423687.8600000003,5549107.2400000002],[7423687.9000000004,5549107.4499999993],[7423688.0599999996,5549107.5999999996],[7423688.2800000003,5549107.5999999996],[7423688.4500000002,5549107.4499999993],[7423690.0099999998,5549108.0299999993],[7423690.0499999998,5549108.25],[7423690.21,5549108.3900000006],[7423690.4299999997,5549108.3900000006],[7423690.5899999999,5549108.25],[7423697.4900000002,5549110.8100000005],[7423697.6500000004,5549110.8699999992],[7423699.1200000001,5549111.4000000004],[7423703.9699999997,5549113.2300000004],[7423703.8600000003,5549113.5199999996],[7423707.1699999999,5549114.7699999996],[7423707.2800000003,5549114.4800000004],[7423712.0899999999,5549116.2899999991],[7423713.7599999998,5549116.9399999995],[7423725.9199999999,5549121.3800000008],[7423727.75,5549121.6099999994],[7423729.5800000001,5549121.3100000005],[7423731.1299999999,5549120.3200000003],[7423732.3600000003,5549118.9399999995],[7423733.6799999997,5549119.6600000001],[7423735.54,5549116.2699999996],[7423737.7000000002,5549117.4499999993],[7423742.4500000002,5549108.8499999996],[7423742.5300000003,5549108.6999999993],[7423742.6100000003,5549108.5600000005],[7423745.0499999998,5549104.0899999999],[7423753.0700000003,5549108.8200000003],[7423762.6500000004,5549114.4800000004],[7423762.1600000001,5549116.1899999995],[7423799.9100000001,5549122.25],[7423813,5549123.8100000005],[7423816.8799999999,5549124.2799999993],[7423832.7400000002,5549126.1699999999],[7423848.2000000002,5549127.6999999993],[7423859.46,5549128.9800000004],[7423866.9100000001,5549130.2599999998],[7423874.0800000001,5549131.1400000006],[7423893.9699999997,5549133.5999999996],[7423910.04,5549135.5899999999],[7423942.3399999999,5549136.0700000003],[7423965.6799999997,5549135.6300000008],[7423989.7599999998,5549133.1199999992],[7423992.3099999996,5549135.5299999993],[7424024.0099999998,5549165.4900000002],[7424027.6399999997,5549168.9199999999],[7424032.29,5549183.0099999998],[7424034.0899999999,5549188.4900000002],[7424036.3200000003,5549202.5299999993],[7424041.5599999996,5549208.7200000007],[7424082.1100000003,5549253.5199999996],[7424084.9299999997,5549256.8399999999],[7424132.6500000004,5549312.8800000008],[7424142,5549323.8699999992],[7424144.1399999997,5549326.3800000008],[7424145.8600000003,5549328.4100000001],[7424149.7599999998,5549332.9900000002],[7424151.0599999996,5549334.2300000004],[7424151.4699999997,5549333.9000000004],[7424154.1100000003,5549331.75],[7424158.5199999996,5549328.1699999999],[7424159.2800000003,5549328.9800000004],[7424159.5,5549328.8000000007],[7424167.9100000001,5549338.0800000001],[7424171.3200000003,5549342.5600000005],[7424172.8399999999,5549344.5500000007],[7424178.3300000001,5549348.1400000006],[7424186.0099999998,5549353.1400000006],[7424187.8399999999,5549354.3399999999],[7424191.1500000004,5549357.9000000004],[7424193.8499999996,5549360.8100000005],[7424194.2000000002,5549362.0099999998],[7424193.6900000004,5549362.0999999996],[7424194.4699999997,5549365],[7424195,5549364.8300000001],[7424195.3300000001,5549365.9800000004],[7424201.1399999997,5549364.2599999998],[7424203.8499999996,5549374.2799999993],[7424204.8799999999,5549377.8900000006],[7424205.3200000003,5549379.4499999993],[7424206.9000000004,5549388.2699999996],[7424207.3099999996,5549390.5800000001],[7424207.6699999999,5549392.5800000001],[7424211.2000000002,5549405.9299999997],[7424211.6399999997,5549406.1999999993],[7424211.1900000004,5549407.4199999999],[7424210.7999999998,5549408.1600000001],[7424206.5999999996,5549416.0899999999],[7424205.9500000002,5549416.0199999996],[7424204.75,5549415.4199999999],[7424204.4900000002,5549415.8900000006],[7424206.4000000004,5549416.5700000003],[7424211.6699999999,5549419.2899999991],[7424218.7000000002,5549422.9100000001],[7424281.6100000003,5549455.3399999999],[7424282.1299999999,5549455.6099999994],[7424298.9299999997,5549464.2599999998],[7424302.0300000003,5549465.8599999994],[7424303.1900000004,5549463.6099999994],[7424307.9500000002,5549466.0099999998],[7424306.7800000003,5549468.3100000005],[7424309.5899999999,5549469.7799999993],[7424315.2199999997,5549472.7400000002],[7424315.9699999997,5549471.8000000007],[7424319.9299999997,5549474.6799999997],[7424319.9199999999,5549475.0700000003],[7424332.1699999999,5549480.5199999996],[7424337.0700000003,5549482.6899999995],[7424337.6699999999,5549481.3399999999],[7424339.6799999997,5549482.3200000003],[7424338.21,5549484.4000000004],[7424395.21,5549513.7799999993],[7424405.5300000003,5549519.0899999999],[7424431.6399999997,5549532.5500000007],[7424433.5499999998,5549532.9399999995],[7424471.6299999999,5549552.3300000001],[7424476.7300000004,5549550.3800000008],[7424478.25,5549549.8100000005],[7424486.5499999998,5549546.7400000002],[7424500.3300000001,5549554.5899999999],[7424495.0300000003,5549564.9600000009],[7424507.3200000003,5549571.0099999998],[7424518.8600000003,5549575.9100000001],[7424525.9699999997,5549599.3300000001],[7424531.5999999996,5549623.9900000002],[7424534.5800000001,5549637.0800000001],[7424553.5700000003,5549694.9900000002],[7424569.3399999999,5549743.2899999991],[7424572.8799999999,5549754.1300000008],[7424575.5499999998,5549760.0099999998],[7424595.04,5549807.7899999991],[7424597.7300000004,5549814.7200000007],[7424605.4299999997,5549833.2400000002],[7424619.1100000003,5549859.5899999999],[7424622.0599999996,5549865.2699999996],[7424638,5549900.6500000004],[7424645.9299999997,5549918.2400000002],[7424647.8099999996,5549922.5700000003],[7424648.75,5549924.7200000007],[7424663.7800000003,5549957.5199999996],[7424662.6200000001,5549960.2400000002],[7424650.9800000004,5549962.1600000001],[7424643.0700000003,5549964.6500000004],[7424639.04,5549965.8900000006],[7424614.5999999996,5549970.7200000007],[7424584.2599999998,5549976.7100000009],[7424581.2599999998,5549977.3000000007],[7424558.5999999996,5549981.8100000005],[7424512.1799999997,5549991.1600000001],[7424499.8099999996,5549993.6500000004],[7424411.46,5550011.4499999993],[7424299,5550034.1999999993],[7424291.7199999997,5550035.6600000001],[7424211.0099999998,5550051.5999999996],[7424197.6399999997,5550054.2100000009],[7424193.7699999996,5550054.9499999993],[7424119.96,5550068.8399999999],[7424117.2000000002,5550069.3499999996],[7424112.0199999996,5550070.3300000001],[7423984.75,5550093.3499999996],[7423975.7999999998,5550095.4299999997],[7423956.3300000001,5550099.8499999996],[7423948.54,5550101.6300000008],[7423937.7999999998,5550103.4600000009],[7423918.54,5550107.6099999994],[7423906.0899999999,5550110.2899999991],[7423888.3899999997,5550114.1099999994],[7423884.2199999997,5550115.1899999995],[7423835.9100000001,5550124.8100000005],[7423815.0899999999,5550127.2100000009],[7423807.5599999996,5550129.0199999996],[7423787.2699999996,5550133.8800000008],[7423780.2199999997,5550135.2799999993],[7423742.4800000004,5550142.8000000007],[7423732.2400000002,5550144.8300000001],[7423720.5,5550147.1799999997],[7423665.7199999997,5550151.1099999994],[7423604.7199999997,5550156.4000000004],[7423571.8899999997,5550158.4900000002],[7423554.3300000001,5550159.6099999994],[7423532.75,5550160.9900000002],[7423509.1299999999,5550161.1500000004],[7423481.1100000003,5550161.3399999999],[7423454.4500000002,5550161.5299999993],[7423430.7199999997,5550161.6999999993],[7423405.9699999997,5550160.6600000001],[7423369.9699999997,5550159.1300000008],[7423356.5999999996,5550158.5600000005],[7423267.75,5550155.4499999993],[7423256.3099999996,5550155.1400000006],[7423227.7199999997,5550154.3699999992],[7423178.5,5550149.3699999992],[7423155.8700000001,5550147.5800000001],[7423151.3499999996,5550147.6199999992],[7423137.0800000001,5550147.75],[7423132.9500000002,5550150.8699999992],[7423123.29,5550150.6099999994],[7423116.2699999996,5550150.4199999999],[7423104.4699999997,5550150.0999999996],[7423100.0999999996,5550148.0199999996],[7423097.5700000003,5550146.8100000005],[7423095.04,5550145.5999999996],[7423083.6900000004,5550144.8599999994],[7423071.3899999997,5550144.1600000001],[7423057.0800000001,5550143.3200000003],[7423032.1900000004,5550141.8399999999],[7423020.9900000002,5550140.25],[7423009.8799999999,5550139.5099999998],[7423006.5199999996,5550139.5999999996],[7422995.2699999996,5550139.9100000001],[7422984.6399999997,5550139.4700000007],[7422972.4299999997,5550138.2699999996],[7422970.4000000004,5550138.6799999997],[7422966.29,5550138.4499999993],[7422964.4000000004,5550138.3499999996],[7422953.79,5550137.7699999996],[7422940.7199999997,5550137.0399999991],[7422918.46,5550135.8100000005],[7422893.0199999996,5550132.8800000008],[7422876.8200000003,5550131.9199999999],[7422854.0800000001,5550130.5700000003],[7422841.6799999997,5550129.7799999993],[7422829.0300000003,5550128.9399999995],[7422817.7400000002,5550128.1799999997],[7422803.4000000004,5550127.2300000004],[7422790.7599999998,5550126.6899999995],[7422778.2999999998,5550126.4800000004],[7422769.1600000001,5550126.3399999999],[7422755.8399999999,5550126.1199999992],[7422731.5099999998,5550125.5],[7422703.71,5550124.8000000007],[7422673.2199999997,5550123.8000000007],[7422606.8600000003,5550123.5600000005],[7422587.2199999997,5550123.4900000002],[7422518.1200000001,5550125.1699999999],[7422433.0499999998,5550127.2400000002],[7422426.5700000003,5550127.4000000004],[7422424.9800000004,5550127.4399999995],[7422425.2000000002,5550130.1999999993],[7422418.4299999997,5550130.3399999999],[7422385.5999999996,5550131.0500000007],[7422375.5300000003,5550131.7300000004],[7422334.1600000001,5550134.5500000007],[7422279.1900000004,5550140.5299999993],[7422240.0800000001,5550141.3599999994],[7422190.3700000001,5550142.0700000003],[7422152.2999999998,5550143.3000000007],[7422106.2800000003,5550146.8599999994],[7422058.9299999997,5550151.0399999991],[7422009.2999999998,5550155.0700000003],[7421979.9900000002,5550157.3599999994],[7421950.7800000003,5550159.6400000006],[7421946.25,5550159.8100000005],[7421945.1900000004,5550159.8499999996],[7421909.4800000004,5550071.9100000001],[7421903.2699999996,5550053.1199999992],[7421899.1600000001,5550041.1999999993],[7421895.6699999999,5550030.6300000008],[7421892.3799999999,5550020.0800000001],[7421886.5899999999,5550001.5299999993],[7421876.9500000002,5549972.4100000001],[7421870.3700000001,5549951.4199999999],[7421861.8399999999,5549926.5500000007],[7421857.8499999996,5549916.1400000006],[7421848.6399999997,5549886.0500000007],[7421844.4699999997,5549872.9399999995],[7421839.3300000001,5549856.7200000007],[7421837.6399999997,5549852.0199999996],[7421836.1100000003,5549847.75],[7421827.0800000001,5549819.0800000001],[7421824.2000000002,5549810.2400000002],[7421821.1699999999,5549800.9000000004],[7421817.7800000003,5549790.5],[7421813.2300000004,5549776.5199999996],[7421810.6500000004,5549768.5999999996],[7421807.8600000003,5549760.0600000005],[7421805.1799999997,5549751.8399999999],[7421802.4400000004,5549743.4199999999],[7421799.6600000001,5549732.9299999997],[7421796.5,5549721.0600000005],[7421790.8899999997,5549706.6400000006],[7421790.3899999997,5549705.3599999994],[7421782.1299999999,5549680.8100000005],[7421780.3899999997,5549675.6600000001],[7421779.29,5549672.0899999999],[7421777.7300000004,5549667.1999999993],[7421774.2999999998,5549656.6899999995],[7421772.1100000003,5549650],[7421771.75,5549648.9199999999],[7421769.1799999997,5549641.0500000007],[7421768.7999999998,5549639.9000000004],[7421766.6799999997,5549633.4499999993],[7421764.0099999998,5549625.2799999993],[7421762.0199999996,5549619.1899999995],[7421768.5499999998,5549617.3399999999],[7421760.0800000001,5549591.0299999993],[7421758.3499999996,5549587.5099999998],[7421755.4699999997,5549579.6999999993],[7421752.1100000003,5549569.4499999993],[7421745.2699999996,5549548.4800000004],[7421743.5,5549543.0500000007],[7421740.7800000003,5549534.6600000001],[7421737.7800000003,5549525.3900000006],[7421735.8799999999,5549519.4499999993],[7421733.1100000003,5549510.75],[7421730.2999999998,5549501.9100000001],[7421708.9800000004,5549434.8800000008],[7421683.0999999996,5549424.8100000005],[7421680.5,5549410.9700000007],[7421680.0599999996,5549409.4199999999],[7421674.8799999999,5549381.4199999999],[7421673.7999999998,5549375.5999999996],[7421668.0499999998,5549344.5],[7421665.1299999999,5549334.4299999997],[7421655.0899999999,5549299.8200000003],[7421651.2400000002,5549279.6099999994],[7421634.7800000003,5549213.3599999994],[7421627.8200000003,5549183.8599999994],[7421625.46,5549173.8900000006],[7421622.8099999996,5549162.6799999997],[7421620.9199999999,5549154.6500000004],[7421619.1100000003,5549147.0099999998],[7421616.6600000001,5549136.6500000004],[7421615.8799999999,5549128.8200000003],[7421598.1500000004,5549056.5899999999],[7421597.6900000004,5549032.9800000004],[7421593.1699999999,5549011.5099999998],[7421595.4699999997,5549010.8699999992],[7421588.2199999997,5548982.1400000006],[7421580.79,5548950.6600000001],[7421566.8799999999,5548898.0999999996],[7421565.8399999999,5548898.6500000004],[7421558.8200000003,5548873.5500000007],[7421559.4500000002,5548873.3499999996],[7421546.9400000004,5548831.6899999995],[7421540.7699999996,5548811.3599999994],[7421529.1200000001,5548814.0099999998],[7421497.4500000002,5548821.2300000004],[7421433.5300000003,5548835.7799999993],[7421424.4100000001,5548837.9000000004],[7421391.25,5548845.6300000008],[7421364.5499999998,5548851.8499999996],[7421358.1100000003,5548853.3499999996],[7421309.7300000004,5548864.6300000008],[7421301.9400000004,5548866.4499999993],[7421285.5099999998,5548870.2799999993],[7421232.1100000003,5548882.7300000004],[7421224.3200000003,5548884.5399999991],[7421207.04,5548888.5700000003],[7421139.8799999999,5548904.2400000002],[7421136.9699999997,5548904.9299999997],[7421112.1100000003,5548910.7100000009],[7421107.46,5548914.4700000007],[7421057.9699999997,5548927.0600000005],[7420996.96,5548942.5999999996],[7420939.3700000001,5548957.25],[7420936.3700000001,5548961.9700000007],[7420931.7000000002,5548963],[7420922.6699999999,5548965],[7420919.9100000001,5548965.6199999992],[7420918.3700000001,5548965.9600000009],[7420915.4100000001,5548964.3200000003],[7420913.0499999998,5548963],[7420876.3399999999,5548969.3599999994],[7420863.8200000003,5548971.5199999996],[7420831.5999999996,5548977.0999999996],[7420831.2800000003,5548977.1600000001],[7420825.9699999997,5548978.0700000003],[7420812.1299999999,5548980.4499999993],[7420806.5099999998,5548981.4299999997],[7420785.0599999996,5548985.1199999992],[7420774.7599999998,5548986.8900000006],[7420774.3899999997,5548986.9600000009],[7420765.0899999999,5548988.5299999993],[7420759.7199999997,5548989.4399999995],[7420748.4000000004,5548991.3699999992],[7420747.8300000001,5548991.4600000009],[7420744.2800000003,5548992.2100000009],[7420740.1900000004,5548993.0700000003],[7420736.0199999996,5548993.9399999995],[7420732.0499999998,5548994.7699999996],[7420722.21,5548996.8300000001],[7420718.4900000002,5548997.6099999994],[7420714.2199999997,5548998.5],[7420712.3600000003,5548998.8900000006],[7420704.9500000002,5549000.4399999995],[7420697.5899999999,5549001.9900000002],[7420690.5099999998,5549003.4700000007],[7420682.96,5549005.0399999991],[7420667.2000000002,5549008.3499999996],[7420665.3700000001,5549008.7300000004],[7420650.7800000003,5549011.7799999993],[7420647.6299999999,5549012.4499999993],[7420646.2999999998,5549012.7200000007],[7420634.6299999999,5549015.1600000001],[7420628.1600000001,5549016.5199999996],[7420627.5199999996,5549016.6600000001],[7420618.2800000003,5549018.5899999999],[7420612.0700000003,5549020.0199999996],[7420609.9900000002,5549020.5],[7420604.5599999996,5549021.75],[7420600.6299999999,5549022.6600000001],[7420588.5700000003,5549025.4299999997],[7420583.7199999997,5549026.5500000007],[7420581.3700000001,5549027.0800000001],[7420572.5599999996,5549029.1199999992],[7420569.54,5549029.8100000005],[7420569.3499999996,5549029.4199999999],[7420560.7300000004,5549032.5099999998],[7420540.1600000001,5549038.9499999993],[7420536.1399999997,5549040.4700000007],[7420530.4000000004,5549042.6400000006],[7420526.0099999998,5549044.2799999993],[7420509.3300000001,5549050.6999999993],[7420504.0599999996,5549053.9900000002],[7420502.3799999999,5549054.5399999991],[7420498.5199999996,5549055.8100000005],[7420490.7199999997,5549034.5299999993],[7420484.6900000004,5549018.0999999996],[7420479.3300000001,5549005.0800000001],[7420465.0599999996,5549012.3100000005],[7420462.0300000003,5549013.8499999996],[7420453.2000000002,5549019.5500000007],[7420444.4900000002,5549025.1600000001],[7420432.2800000003,5549036.9199999999],[7420425.9299999997,5549043.0399999991],[7420413.9500000002,5549048.0899999999],[7420406.5700000003,5549051.1999999993],[7420395.3399999999,5548993.7699999996],[7420394.3499999996,5548965.5099999998],[7420401.3799999999,5548941.5700000003],[7420370.54,5548911.5899999999],[7420364.2300000004,5548905.4600000009],[7420368.04,5548900.1400000006],[7420374.8799999999,5548884.4700000007],[7420375.9400000004,5548877.6799999997],[7420375.0300000003,5548868.8399999999],[7420368.6799999997,5548860.1400000006],[7420358.3600000003,5548851.9299999997],[7420356.3600000003,5548848.1300000008],[7420354.9199999999,5548821.6899999995],[7420351.7400000002,5548763.9399999995],[7420351.5199999996,5548759.7200000007],[7420348.5199999996,5548742.3699999992],[7420347.1500000004,5548740.7300000004],[7420346.2999999998,5548736.6199999992],[7420345.2300000004,5548736.3499999996],[7420342.7599999998,5548735.8000000007],[7420344.54,5548731.3499999996],[7420345.4199999999,5548725.5800000001],[7420344.3300000001,5548709.3200000003],[7420344.6600000001,5548684.0899999999],[7420342.3099999996,5548672.8100000005],[7420340.4800000004,5548659.25]]]},"properties":{"objectid":2267742732296,"id_dzielni":5,"nr_dzielni":"V","nazwa":"Krowodrza","nazwa_peln":"Dzielnica V Krowodrza","opis":"UCHWAŁA NR XCIX/1499/14 RADY MIASTA KRAKOWA","powierzchn":5619039,"data_aktua":1396303200000}},{"type":"Feature","id":2267742732297,"geometry":{"type":"Polygon","coordinates":[[[7416601.9900000002,5550914.6300000008],[7416604.5300000003,5550914.1600000001],[7416643.1399999997,5550906.9000000004],[7416659.3899999997,5550902.1699999999],[7416686.0899999999,5550893.9600000009],[7416725.1699999999,5550875.75],[7416756.4800000004,5550856.3900000006],[7416782.9900000002,5550831.3200000003],[7416797.7800000003,5550813.7100000009],[7416812.4400000004,5550794.4299999997],[7416833.1399999997,5550765.9900000002],[7416855.9000000004,5550732.5399999991],[7416867.6100000003,5550702.2599999998],[7416869.8200000003,5550667.4199999999],[7416865.1699999999,5550640.5500000007],[7416830.8200000003,5550575.1500000004],[7416818.1100000003,5550541.5600000005],[7416816.0899999999,5550508.8499999996],[7416832,5550457.1799999997],[7416888.7400000002,5550396.3800000008],[7416902.3200000003,5550374.4499999993],[7416909.5,5550357.7200000007],[7416918.6100000003,5550308.3499999996],[7416930.7599999998,5550282.4600000009],[7416958.5800000001,5550249.4600000009],[7416971.7599999998,5550237.3599999994],[7416998.1500000004,5550221.9000000004],[7417026,5550203.4199999999],[7417050.25,5550182.1099999994],[7417061.8499999996,5550169.9399999995],[7417082.2699999996,5550134.0800000001],[7417091.1799999997,5550114.9299999997],[7417111.8899999997,5550062.1699999999],[7417119.5599999996,5550048.9199999999],[7417139.71,5550021.3100000005],[7417193.5499999998,5549961.3599999994],[7417204.9900000002,5549948.0800000001],[7417259.4299999997,5549883.5099999998],[7417289.7800000003,5549848.8900000006],[7417301.7699999996,5549834.9399999995],[7417325.71,5549806.75],[7417359.2699999996,5549775.7799999993],[7417391.3600000003,5549753.5700000003],[7417412.8300000001,5549742.1799999997],[7417430.9900000002,5549734.3699999992],[7417464.1799999997,5549722.5299999993],[7417496.6100000003,5549716.2799999993],[7417537.04,5549711.5999999996],[7417590.6100000003,5549713.6199999992],[7417702.0800000001,5549715.5099999998],[7417780.5999999996,5549716.6600000001],[7417823.21,5549716.9000000004],[7417837.4299999997,5549716.1799999997],[7417875.04,5549712.5],[7417896.5599999996,5549707.6400000006],[7417918.8099999996,5549701.4800000004],[7417942.0199999996,5549691.2699999996],[7417984.04,5549668.5199999996],[7418002.9900000002,5549655.9100000001],[7418024.3099999996,5549638.5700000003],[7418045.3899999997,5549620.3399999999],[7418057.7400000002,5549609.1400000006],[7418065.5199999996,5549602.9499999993],[7418081.9900000002,5549592.6600000001],[7418098.0700000003,5549584.9900000002],[7418128.7000000002,5549577.5],[7418140.0499999998,5549576.2899999991],[7418178.6600000001,5549579.3399999999],[7418223.9500000002,5549581.7400000002],[7418239.4100000001,5549581.8100000005],[7418259.0800000001,5549578.1600000001],[7418270.9000000004,5549574.9299999997],[7418290.8200000003,5549567.5600000005],[7418318.2199999997,5549551.9499999993],[7418340.2599999998,5549528.8000000007],[7418356.2400000002,5549511.2400000002],[7418388.71,5549476.0299999993],[7418400.9199999999,5549463.3300000001],[7418425.7800000003,5549436.6600000001],[7418448.04,5549411.4199999999],[7418500.6600000001,5549355.3000000007],[7418528.9299999997,5549324.5399999991],[7418561.4900000002,5549289.7200000007],[7418592.4699999997,5549256.6400000006],[7418613.7199999997,5549239.5299999993],[7418641.5,5549220.9499999993],[7418665.4199999999,5549211.0600000005],[7418699.5999999996,5549202.6899999995],[7418732.5899999999,5549198.7799999993],[7418772.5999999996,5549195.7300000004],[7418803.1200000001,5549188.5199999996],[7418828.4199999999,5549176.9700000007],[7418845.3700000001,5549163.7799999993],[7418873.5899999999,5549132.7100000009],[7418923.6699999999,5549079.3000000007],[7418943.5300000003,5549063.5899999999],[7418964.5999999996,5549052.6199999992],[7418997.5499999998,5549046.0899999999],[7419026.46,5549044.0700000003],[7419129.3700000001,5549039.4399999995],[7419164.6500000004,5549038.25],[7419212.6799999997,5549035.8900000006],[7419254.3799999999,5549034.5800000001],[7419298.6299999999,5549024.5600000005],[7419331.4000000004,5549012.6500000004],[7419358.3399999999,5548999.8599999994],[7419380.9199999999,5548986.1400000006],[7419408.9699999997,5548966.0700000003],[7419439.7400000002,5548939.8399999999],[7419466.4900000002,5548916.9100000001],[7419502.3799999999,5548890.9600000009],[7419521.5300000003,5548879.7899999991],[7419582.0499999998,5548843.7799999993],[7419621.2800000003,5548820.3100000005],[7419655.7199999997,5548800.3100000005],[7419684.2699999996,5548782.6999999993],[7419709.9299999997,5548767.0500000007],[7419739.7199999997,5548749.5700000003],[7419757.2300000004,5548737.3300000001],[7419784.9299999997,5548715.75],[7419817.1900000004,5548685.5399999991],[7419841.0599999996,5548660.7300000004],[7419871.6200000001,5548628.1899999995],[7419917.7999999998,5548592.0600000005],[7419948.4100000001,5548573.0299999993],[7419964.79,5548563.9399999995],[7419993.9400000004,5548551.2300000004],[7420028.7300000004,5548538.4499999993],[7420047.7599999998,5548533.2200000007],[7420076.2300000004,5548527.4299999997],[7420107.0499999998,5548522.6799999997],[7420164.1100000003,5548522.7400000002],[7420185.7300000004,5548522.8599999994],[7420237.9000000004,5548522.5500000007],[7420296.3300000001,5548518.5399999991],[7420348.7800000003,5548503.7899999991],[7420367.6299999999,5548496.4100000001],[7420371.0999999996,5548498.8599999994],[7420383.1600000001,5548507.3699999992],[7420397.5899999999,5548517.5700000003],[7420399.0899999999,5548527.9800000004],[7420393.2300000004,5548541.0700000003],[7420389.6799999997,5548558.3399999999],[7420389.0700000003,5548571.1199999992],[7420390.2199999997,5548577.7400000002],[7420386.9900000002,5548582.5999999996],[7420385.0800000001,5548585.5199999996],[7420382.6500000004,5548593.6600000001],[7420380.2599999998,5548596.6699999999],[7420380.2000000002,5548596.75],[7420378.79,5548598.5099999998],[7420377.6500000004,5548599.8000000007],[7420376.1900000004,5548601.4499999993],[7420373.54,5548604.4499999993],[7420369.9800000004,5548608.4800000004],[7420349.5599999996,5548631.5600000005],[7420346.79,5548636.4800000004],[7420346.8899999997,5548647.6400000006],[7420343.04,5548648.8499999996],[7420343.2300000004,5548650.3800000008],[7420340.4800000004,5548659.25],[7420342.3099999996,5548672.8100000005],[7420344.6600000001,5548684.0899999999],[7420344.3300000001,5548709.3200000003],[7420345.4199999999,5548725.5800000001],[7420344.54,5548731.3499999996],[7420342.7599999998,5548735.8000000007],[7420345.2300000004,5548736.3499999996],[7420346.2999999998,5548736.6199999992],[7420347.1500000004,5548740.7300000004],[7420348.5199999996,5548742.3699999992],[7420351.5199999996,5548759.7200000007],[7420351.7400000002,5548763.9399999995],[7420354.9199999999,5548821.6899999995],[7420356.3600000003,5548848.1300000008],[7420358.3600000003,5548851.9299999997],[7420368.6799999997,5548860.1400000006],[7420375.0300000003,5548868.8399999999],[7420375.9400000004,5548877.6799999997],[7420374.8799999999,5548884.4700000007],[7420368.04,5548900.1400000006],[7420364.2300000004,5548905.4600000009],[7420370.54,5548911.5899999999],[7420401.3799999999,5548941.5700000003],[7420394.3499999996,5548965.5099999998],[7420395.3399999999,5548993.7699999996],[7420406.5700000003,5549051.1999999993],[7420413.9500000002,5549048.0899999999],[7420425.9299999997,5549043.0399999991],[7420432.2800000003,5549036.9199999999],[7420444.4900000002,5549025.1600000001],[7420453.2000000002,5549019.5500000007],[7420462.0300000003,5549013.8499999996],[7420465.0599999996,5549012.3100000005],[7420479.3300000001,5549005.0800000001],[7420484.6900000004,5549018.0999999996],[7420490.7199999997,5549034.5299999993],[7420498.5199999996,5549055.8100000005],[7420502.3799999999,5549054.5399999991],[7420504.0599999996,5549053.9900000002],[7420509.3300000001,5549050.6999999993],[7420526.0099999998,5549044.2799999993],[7420530.4000000004,5549042.6400000006],[7420536.1399999997,5549040.4700000007],[7420540.1600000001,5549038.9499999993],[7420560.7300000004,5549032.5099999998],[7420569.3499999996,5549029.4199999999],[7420569.54,5549029.8100000005],[7420572.5599999996,5549029.1199999992],[7420581.3700000001,5549027.0800000001],[7420583.7199999997,5549026.5500000007],[7420588.5700000003,5549025.4299999997],[7420600.6299999999,5549022.6600000001],[7420604.5599999996,5549021.75],[7420609.9900000002,5549020.5],[7420612.0700000003,5549020.0199999996],[7420618.2800000003,5549018.5899999999],[7420627.5199999996,5549016.6600000001],[7420628.1600000001,5549016.5199999996],[7420634.6299999999,5549015.1600000001],[7420646.2999999998,5549012.7200000007],[7420647.6299999999,5549012.4499999993],[7420650.7800000003,5549011.7799999993],[7420665.3700000001,5549008.7300000004],[7420667.2000000002,5549008.3499999996],[7420682.96,5549005.0399999991],[7420690.5099999998,5549003.4700000007],[7420697.5899999999,5549001.9900000002],[7420704.9500000002,5549000.4399999995],[7420712.3600000003,5548998.8900000006],[7420714.2199999997,5548998.5],[7420718.4900000002,5548997.6099999994],[7420722.21,5548996.8300000001],[7420732.0499999998,5548994.7699999996],[7420736.0199999996,5548993.9399999995],[7420740.1900000004,5548993.0700000003],[7420744.2800000003,5548992.2100000009],[7420747.8300000001,5548991.4600000009],[7420748.4000000004,5548991.3699999992],[7420759.7199999997,5548989.4399999995],[7420765.0899999999,5548988.5299999993],[7420774.3899999997,5548986.9600000009],[7420774.7599999998,5548986.8900000006],[7420785.0599999996,5548985.1199999992],[7420806.5099999998,5548981.4299999997],[7420812.1299999999,5548980.4499999993],[7420825.9699999997,5548978.0700000003],[7420831.2800000003,5548977.1600000001],[7420831.5999999996,5548977.0999999996],[7420863.8200000003,5548971.5199999996],[7420876.3399999999,5548969.3599999994],[7420913.0499999998,5548963],[7420915.4100000001,5548964.3200000003],[7420918.3700000001,5548965.9600000009],[7420919.9100000001,5548965.6199999992],[7420922.6699999999,5548965],[7420931.7000000002,5548963],[7420936.3700000001,5548961.9700000007],[7420939.3700000001,5548957.25],[7420996.96,5548942.5999999996],[7421057.9699999997,5548927.0600000005],[7421107.46,5548914.4700000007],[7421112.1100000003,5548910.7100000009],[7421136.9699999997,5548904.9299999997],[7421139.8799999999,5548904.2400000002],[7421207.04,5548888.5700000003],[7421224.3200000003,5548884.5399999991],[7421232.1100000003,5548882.7300000004],[7421285.5099999998,5548870.2799999993],[7421301.9400000004,5548866.4499999993],[7421309.7300000004,5548864.6300000008],[7421358.1100000003,5548853.3499999996],[7421364.5499999998,5548851.8499999996],[7421391.25,5548845.6300000008],[7421424.4100000001,5548837.9000000004],[7421433.5300000003,5548835.7799999993],[7421497.4500000002,5548821.2300000004],[7421529.1200000001,5548814.0099999998],[7421540.7699999996,5548811.3599999994],[7421546.9400000004,5548831.6899999995],[7421559.4500000002,5548873.3499999996],[7421558.8200000003,5548873.5500000007],[7421565.8399999999,5548898.6500000004],[7421566.8799999999,5548898.0999999996],[7421580.79,5548950.6600000001],[7421588.2199999997,5548982.1400000006],[7421595.4699999997,5549010.8699999992],[7421593.1699999999,5549011.5099999998],[7421597.6900000004,5549032.9800000004],[7421598.1500000004,5549056.5899999999],[7421615.8799999999,5549128.8200000003],[7421616.6600000001,5549136.6500000004],[7421619.1100000003,5549147.0099999998],[7421620.9199999999,5549154.6500000004],[7421622.8099999996,5549162.6799999997],[7421625.46,5549173.8900000006],[7421627.8200000003,5549183.8599999994],[7421634.7800000003,5549213.3599999994],[7421651.2400000002,5549279.6099999994],[7421655.0899999999,5549299.8200000003],[7421665.1299999999,5549334.4299999997],[7421668.0499999998,5549344.5],[7421673.7999999998,5549375.5999999996],[7421674.8799999999,5549381.4199999999],[7421680.0599999996,5549409.4199999999],[7421680.5,5549410.9700000007],[7421683.0999999996,5549424.8100000005],[7421708.9800000004,5549434.8800000008],[7421730.2999999998,5549501.9100000001],[7421733.1100000003,5549510.75],[7421735.8799999999,5549519.4499999993],[7421737.7800000003,5549525.3900000006],[7421740.7800000003,5549534.6600000001],[7421743.5,5549543.0500000007],[7421745.2699999996,5549548.4800000004],[7421752.1100000003,5549569.4499999993],[7421755.4699999997,5549579.6999999993],[7421758.3499999996,5549587.5099999998],[7421760.0800000001,5549591.0299999993],[7421768.5499999998,5549617.3399999999],[7421762.0199999996,5549619.1899999995],[7421764.0099999998,5549625.2799999993],[7421766.6799999997,5549633.4499999993],[7421768.7999999998,5549639.9000000004],[7421769.1799999997,5549641.0500000007],[7421771.75,5549648.9199999999],[7421772.1100000003,5549650],[7421774.2999999998,5549656.6899999995],[7421777.7300000004,5549667.1999999993],[7421779.29,5549672.0899999999],[7421780.3899999997,5549675.6600000001],[7421782.1299999999,5549680.8100000005],[7421790.3899999997,5549705.3599999994],[7421790.8899999997,5549706.6400000006],[7421796.5,5549721.0600000005],[7421799.6600000001,5549732.9299999997],[7421802.4400000004,5549743.4199999999],[7421805.1799999997,5549751.8399999999],[7421807.8600000003,5549760.0600000005],[7421810.6500000004,5549768.5999999996],[7421813.2300000004,5549776.5199999996],[7421817.7800000003,5549790.5],[7421821.1699999999,5549800.9000000004],[7421824.2000000002,5549810.2400000002],[7421827.0800000001,5549819.0800000001],[7421836.1100000003,5549847.75],[7421837.6399999997,5549852.0199999996],[7421839.3300000001,5549856.7200000007],[7421844.4699999997,5549872.9399999995],[7421848.6399999997,5549886.0500000007],[7421857.8499999996,5549916.1400000006],[7421861.8399999999,5549926.5500000007],[7421870.3700000001,5549951.4199999999],[7421876.9500000002,5549972.4100000001],[7421886.5899999999,5550001.5299999993],[7421892.3799999999,5550020.0800000001],[7421895.6699999999,5550030.6300000008],[7421899.1600000001,5550041.1999999993],[7421903.2699999996,5550053.1199999992],[7421909.4800000004,5550071.9100000001],[7421945.1900000004,5550159.8499999996],[7421942.7599999998,5550159.9399999995],[7421907.54,5550161.2400000002],[7421862.7400000002,5550164.5299999993],[7421802.3899999997,5550171.0899999999],[7421790.3099999996,5550172.6400000006],[7421741.8499999996,5550178.8800000008],[7421732.04,5550179.2599999998],[7421724.5899999999,5550179.5600000005],[7421723.2400000002,5550179.8399999999],[7421713.8099999996,5550181.8399999999],[7421709.9400000004,5550177.7100000009],[7421687.1299999999,5550179.1600000001],[7421654.79,5550181.2300000004],[7421639.3899999997,5550181.8800000008],[7421615.7400000002,5550182.6199999992],[7421601.9000000004,5550182.9600000009],[7421591.71,5550184.1400000006],[7421587.3899999997,5550185.5],[7421573.4000000004,5550189.8699999992],[7421564.7599999998,5550191.5399999991],[7421559.1900000004,5550192.9900000002],[7421550.4000000004,5550195.2899999991],[7421538.9800000004,5550197.8699999992],[7421525.6500000004,5550201.5899999999],[7421512.71,5550204.0999999996],[7421503.7800000003,5550205.8200000003],[7421475.3499999996,5550214.8699999992],[7421461.3300000001,5550220.4800000004],[7421456.4900000002,5550220.9100000001],[7421440.9400000004,5550225.5500000007],[7421438.75,5550226.1999999993],[7421417.46,5550232.8800000008],[7421400.6900000004,5550238.4900000002],[7421380.2800000003,5550245.0899999999],[7421352.6600000001,5550254.8200000003],[7421351.9400000004,5550254.9000000004],[7421345.2999999998,5550257.1999999993],[7421341.29,5550258.5999999996],[7421321.2300000004,5550265.5600000005],[7421304.7999999998,5550271.0299999993],[7421288.6699999999,5550276.1099999994],[7421275.4000000004,5550280.3499999996],[7421269.5099999998,5550282.1300000008],[7421268.96,5550279.6699999999],[7421267.6200000001,5550279.9900000002],[7421261.9500000002,5550281.3200000003],[7421219.7699999996,5550290.2300000004],[7421192.8899999997,5550295.5199999996],[7421183.9100000001,5550297.1099999994],[7421181.5800000001,5550297.3699999992],[7421163.4500000002,5550299.2699999996],[7421155.4100000001,5550300.3000000007],[7421146.6100000003,5550301.25],[7421134.7800000003,5550302.5],[7421094.1699999999,5550306.8200000003],[7421017.29,5550325.5099999998],[7420993.8099999996,5550320.25],[7420973,5550316.7300000004],[7420963.3499999996,5550312.5800000001],[7420955.2199999997,5550310.5],[7420946.6100000003,5550310.6199999992],[7420943.04,5550310.0999999996],[7420927.8099999996,5550307.9199999999],[7420925.5099999998,5550307.5899999999],[7420916.9199999999,5550306.3499999996],[7420903.79,5550304.8499999996],[7420885.9100000001,5550303.3900000006],[7420875.2800000003,5550302.6400000006],[7420865.0700000003,5550301.6300000008],[7420853.0999999996,5550301.1699999999],[7420843.6200000001,5550300.6199999992],[7420823.7699999996,5550298.9000000004],[7420811.1200000001,5550298.2100000009],[7420797.46,5550297.6400000006],[7420761.8099999996,5550296.0500000007],[7420759.8399999999,5550295.8800000008],[7420675.2199999997,5550288.6899999995],[7420658.3600000003,5550288.6099999994],[7420668.5499999998,5550429.3399999999],[7420669.1399999997,5550447.5099999998],[7420669.2300000004,5550498.5399999991],[7420669.5499999998,5550548.1300000008],[7420669.5700000003,5550552.6799999997],[7420669.6100000003,5550558.0099999998],[7420670.2300000004,5550595.2899999991],[7420669.1299999999,5550598.2300000004],[7420668.8399999999,5550632.5700000003],[7420670.1500000004,5550632.6699999999],[7420674.1100000003,5550645.7100000009],[7420679.5499999998,5550657.0500000007],[7420688.0499999998,5550666.7899999991],[7420690.7699999996,5550668.7799999993],[7420696.3099999996,5550672.8399999999],[7420696.9000000004,5550673.2100000009],[7420700.4500000002,5550675.8699999992],[7420714.2400000002,5550690.7200000007],[7420720.3499999996,5550697.2899999991],[7420731.3600000003,5550706.1999999993],[7420741.3099999996,5550710.9600000009],[7420744.9000000004,5550712.6899999995],[7420743.4500000002,5550718.4000000004],[7420731.4199999999,5550741.2899999991],[7420726.0599999996,5550741.3300000001],[7420668.75,5550746.7599999998],[7420657.04,5550747.4800000004],[7420647.7800000003,5550749.0600000005],[7420631.3300000001,5550752.5199999996],[7420620.2800000003,5550756.1500000004],[7420623.5999999996,5550765.1400000006],[7420616.5999999996,5550766.5999999996],[7420615.6600000001,5550766.7899999991],[7420580.1500000004,5550774.1600000001],[7420574.6699999999,5550775.3000000007],[7420535.2800000003,5550797.1600000001],[7420530.5800000001,5550799.7599999998],[7420517.75,5550807.0600000005],[7420507.6100000003,5550812.0299999993],[7420498.7999999998,5550816.5700000003],[7420490.1600000001,5550825.6099999994],[7420482.7800000003,5550828.4299999997],[7420480.0499999998,5550829.4700000007],[7420473.5700000003,5550831.8100000005],[7420459.7300000004,5550839.5099999998],[7420450.3200000003,5550844.8599999994],[7420428.6399999997,5550856.0500000007],[7420406.7599999998,5550868.2799999993],[7420390.1900000004,5550877.8000000007],[7420378.7400000002,5550884.3699999992],[7420354.3499999996,5550898.4900000002],[7420349.2699999996,5550901.2599999998],[7420345.2800000003,5550903.4399999995],[7420336.5099999998,5550908.2300000004],[7420316.1200000001,5550919.8100000005],[7420289.8200000003,5550935.0199999996],[7420237.21,5550965.5099999998],[7420167.9000000004,5551005.5199999996],[7420165.9199999999,5551006.6699999999],[7420160.5800000001,5551009.7300000004],[7420152.2800000003,5551014.7300000004],[7420129.7300000004,5551029.0099999998],[7420107.2199999997,5551044.1199999992],[7420106.6900000004,5551044.4900000002],[7420104.1699999999,5551046.1799999997],[7420084.7000000002,5551059.4700000007],[7420065.0999999996,5551073.1400000006],[7420057.0099999998,5551080.2599999998],[7420047.0700000003,5551088.5199999996],[7420041.04,5551093.5199999996],[7420000.75,5551124.25],[7419962.1900000004,5551153.6600000001],[7419945.54,5551166.1600000001],[7419941.3399999999,5551166.9100000001],[7419882.29,5551202.4700000007],[7419885.3099999996,5551207.9499999993],[7419875.3099999996,5551208.9600000009],[7419859.3200000003,5551220.4000000004],[7419842.6699999999,5551235.6199999992],[7419830.1799999997,5551244.2599999998],[7419814.8099999996,5551256.8200000003],[7419807.04,5551262.5299999993],[7419791.5700000003,5551271.7599999998],[7419777.6900000004,5551280.5800000001],[7419748.2599999998,5551308.0399999991],[7419734.9699999997,5551316.3900000006],[7419736.1399999997,5551318.5999999996],[7419721.3499999996,5551331.7799999993],[7419714.46,5551337.1899999995],[7419712.4000000004,5551336.0999999996],[7419703.2699999996,5551347.9299999997],[7419683.4500000002,5551365.4399999995],[7419668.3300000001,5551377.8900000006],[7419650.2000000002,5551395.5199999996],[7419645.2699999996,5551401.1699999999],[7419645.2599999998,5551403.7200000007],[7419634.3600000003,5551410.9900000002],[7419598.1600000001,5551449.8499999996],[7419568.6399999997,5551481.6799999997],[7419558.5800000001,5551492.6300000008],[7419562.1600000001,5551495.9299999997],[7419551.7300000004,5551507.2300000004],[7419531.1299999999,5551529.5500000007],[7419527.3300000001,5551535.1600000001],[7419526.3899999997,5551539.3200000003],[7419450.2300000004,5551609.1300000008],[7419449.2000000002,5551610.3499999996],[7419453.3099999996,5551614.3599999994],[7419442.9100000001,5551626.2300000004],[7419433.4500000002,5551635.9800000004],[7419423.6399999997,5551645.9199999999],[7419412.4500000002,5551657.3000000007],[7419401.5899999999,5551665.4900000002],[7419386.3700000001,5551674.3399999999],[7419372.7000000002,5551682.8599999994],[7419360.1699999999,5551691.3599999994],[7419344.7999999998,5551703.6500000004],[7419335.54,5551712.4100000001],[7419327.1900000004,5551719.0099999998],[7419320.8499999996,5551724.8399999999],[7419317.3499999996,5551729.8100000005],[7419313.4000000004,5551733.9399999995],[7419306.1399999997,5551740.2200000007],[7419295.9500000002,5551748.2100000009],[7419290.7999999998,5551753.1300000008],[7419285.8099999996,5551756.6899999995],[7419280.8700000001,5551760.1699999999],[7419276.6500000004,5551763.2400000002],[7419274.8399999999,5551761.4800000004],[7419267.5700000003,5551767.25],[7419255.0599999996,5551777.1600000001],[7419252.21,5551779.2799999993],[7419246.71,5551783.3599999994],[7419237.1699999999,5551791.2699999996],[7419226.1399999997,5551800.0399999991],[7419215.7199999997,5551808.8000000007],[7419212,5551811.8399999999],[7419197.3799999999,5551823.1500000004],[7419180.7800000003,5551834.6400000006],[7419176.0199999996,5551838.4100000001],[7419168.54,5551844.1500000004],[7419164.7300000004,5551847.3699999992],[7419161.3899999997,5551850.3200000003],[7419154.2300000004,5551856.3800000008],[7419145.9800000004,5551862.9399999995],[7419131.04,5551872.7200000007],[7419123.5700000003,5551878.9800000004],[7419113.7699999996,5551886.5899999999],[7419108.6100000003,5551890.6099999994],[7419100.1799999997,5551898.1099999994],[7419097.3399999999,5551900.5399999991],[7419093.3899999997,5551904.2400000002],[7419091.8899999997,5551905.5999999996],[7419079.3300000001,5551916.8900000006],[7419074.6500000004,5551921.7799999993],[7419072.8300000001,5551924.0500000007],[7419071.1299999999,5551926.5500000007],[7419069.46,5551929.3000000007],[7419066.3799999999,5551934.8300000001],[7419059.2300000004,5551948.9199999999],[7419050.0899999999,5551966.9499999993],[7419040.75,5551987.3200000003],[7419039.4000000004,5551990.9800000004],[7419038.1900000004,5551993.8300000001],[7419027.46,5552018.2599999998],[7419026.7400000002,5552020.8300000001],[7419012.6699999999,5552051.9700000007],[7419006.1699999999,5552065.9600000009],[7419004.4000000004,5552069.7699999996],[7418998.2400000002,5552083.0199999996],[7418992.7300000004,5552093.5899999999],[7418978.2800000003,5552079.8499999996],[7418972.7000000002,5552070.4299999997],[7418969.8399999999,5552065.5399999991],[7418960.0999999996,5552050.2100000009],[7418949.6500000004,5552032.4199999999],[7418938.4800000004,5552014.4199999999],[7418928.0800000001,5551996.3300000001],[7418916.4400000004,5551978.6899999995],[7418909.9400000004,5551967.2699999996],[7418893.4000000004,5551940.2899999991],[7418883.3399999999,5551922.9900000002],[7418872.7000000002,5551906.4700000007],[7418864.4299999997,5551891.3499999996],[7418852.4800000004,5551871.5199999996],[7418842.3200000003,5551854.4700000007],[7418832.3399999999,5551837.0099999998],[7418822.29,5551819.8399999999],[7418811.8899999997,5551802.7400000002],[7418811.4800000004,5551802.0600000005],[7418799.8600000003,5551782.5199999996],[7418789.7599999998,5551765.7100000009],[7418779.3700000001,5551748.5800000001],[7418769.7599999998,5551732.8200000003],[7418758.7300000004,5551714.2400000002],[7418747.2400000002,5551694.5700000003],[7418739.4699999997,5551679.4800000004],[7418729.2300000004,5551663.7300000004],[7418718.2300000004,5551645.7300000004],[7418708.1399999997,5551628.4199999999],[7418697.4000000004,5551611.3599999994],[7418688.1399999997,5551594.4299999997],[7418677.3499999996,5551576.3800000008],[7418669.2699999996,5551562.1899999995],[7418658.3300000001,5551544.3100000005],[7418648.0599999996,5551526.7300000004],[7418637.8799999999,5551509.5399999991],[7418627.9100000001,5551492.0199999996],[7418617.5499999998,5551475.2599999998],[7418607.4699999997,5551458.0500000007],[7418605.3399999999,5551454.4299999997],[7418603.5999999996,5551451.7400000002],[7418597.6100000003,5551442.3399999999],[7418590.1200000001,5551428.6899999995],[7418580.7800000003,5551413.0399999991],[7418571.21,5551397.0099999998],[7418563.1299999999,5551383.7200000007],[7418545.0300000003,5551354.1799999997],[7418545.5300000003,5551349.9100000001],[7418544.4400000004,5551346.7699999996],[7418528.2000000002,5551357.1500000004],[7418519.9299999997,5551362.5199999996],[7418512.2400000002,5551367.3200000003],[7418503.96,5551372.5999999996],[7418496.3099999996,5551375.8599999994],[7418488.5,5551379.2599999998],[7418480.4299999997,5551382.6799999997],[7418472.8899999997,5551385.8499999996],[7418464.0700000003,5551389.5700000003],[7418455.9299999997,5551392.6899999995],[7418447.4299999997,5551396.0800000001],[7418437.9000000004,5551399.9100000001],[7418430.4900000002,5551402.8000000007],[7418423.1299999999,5551405.7699999996],[7418411.0499999998,5551410.4199999999],[7418407.9000000004,5551411.6500000004],[7418403.9400000004,5551411.4800000004],[7418398.8499999996,5551417.1799999997],[7418369.1399999997,5551431.0500000007],[7418362.0499999998,5551434.1400000006],[7418356.0800000001,5551437.1600000001],[7418333.8499999996,5551444.1400000006],[7418307.8099999996,5551448.4600000009],[7418273.46,5551454.1500000004],[7418269.0599999996,5551454.8800000008],[7418248.6699999999,5551454.9700000007],[7418226.5099999998,5551455.0500000007],[7418199.7999999998,5551454.2599999998],[7418175.1699999999,5551454.8200000003],[7418147.75,5551457.8200000003],[7418106.3700000001,5551468.1199999992],[7418084.04,5551476.0099999998],[7417985.4900000002,5551514.2699999996],[7417966.2300000004,5551520.8800000008],[7417947.4900000002,5551527.3100000005],[7417929.21,5551533.5700000003],[7417899.9100000001,5551541.5299999993],[7417870.7199999997,5551549.4399999995],[7417852.7000000002,5551554.3300000001],[7417827.8300000001,5551546.9800000004],[7417799.9500000002,5551538.8499999996],[7417797.54,5551538.1400000006],[7417777.8899999997,5551532.3800000008],[7417750.4299999997,5551515.0299999993],[7417733.2599999998,5551503.3000000007],[7417718.5599999996,5551495.4800000004],[7417700.2599999998,5551478.0299999993],[7417681.1100000003,5551475.7400000002],[7417651.4299999997,5551456.4800000004],[7417640.5899999999,5551452.3699999992],[7417622.5899999999,5551449.3499999996],[7417611.1799999997,5551446.6699999999],[7417601.3300000001,5551439.3399999999],[7417582.3300000001,5551429.7100000009],[7417558.2300000004,5551428.1600000001],[7417554.5999999996,5551424.9800000004],[7417546.8300000001,5551422.8699999992],[7417540.75,5551425.3599999994],[7417529.9699999997,5551413.0399999991],[7417527.8200000003,5551410.3900000006],[7417520.9800000004,5551408.9900000002],[7417515.9500000002,5551406.9499999993],[7417510.04,5551409.3699999992],[7417495.7999999998,5551403.3599999994],[7417492.2699999996,5551403.4399999995],[7417485.3499999996,5551395.1099999994],[7417475.3600000003,5551392.3000000007],[7417466.3099999996,5551382.2200000007],[7417465.8700000001,5551378.9199999999],[7417457.25,5551376.3200000003],[7417448.4299999997,5551370.4000000004],[7417437.2599999998,5551361.9000000004],[7417429.5899999999,5551359.6799999997],[7417420.1399999997,5551354.9000000004],[7417406.1299999999,5551348.2200000007],[7417398.71,5551341.0999999996],[7417391.1200000001,5551340.0299999993],[7417379.25,5551335.5500000007],[7417370.7199999997,5551330.75],[7417366.4699999997,5551325.4399999995],[7417356.21,5551316.4100000001],[7417350.96,5551314.8300000001],[7417350.25,5551314.6199999992],[7417342.9900000002,5551313.3399999999],[7417330.3899999997,5551315.7599999998],[7417316.0300000003,5551316.0299999993],[7417313.0800000001,5551315.1999999993],[7417310.6200000001,5551314.6400000006],[7417302.9699999997,5551312.5500000007],[7417279.7800000003,5551312.2100000009],[7417267.1399999997,5551312.1799999997],[7417260.9199999999,5551315.5299999993],[7417258.4000000004,5551316.5700000003],[7417250.04,5551316.5299999993],[7417235.9699999997,5551322.4399999995],[7417228.96,5551331.7799999993],[7417221.3200000003,5551336.6300000008],[7417203.6900000004,5551325.7300000004],[7417184.5999999996,5551320.5399999991],[7417172.6699999999,5551310.7799999993],[7417160.6900000004,5551303.2599999998],[7417148.7300000004,5551291.4800000004],[7417135.4800000004,5551279.6899999995],[7417132.0599999996,5551275.1199999992],[7417121.9500000002,5551272.2400000002],[7417114.5599999996,5551270.0099999998],[7417107.8499999996,5551275.8499999996],[7417092.3799999999,5551279.6099999994],[7417077.7199999997,5551277.2699999996],[7417071.7599999998,5551274.3699999992],[7417066.3700000001,5551273.0800000001],[7417060.5700000003,5551269.4800000004],[7417056.0099999998,5551263.8399999999],[7417048.46,5551251.7899999991],[7417044.5700000003,5551249.4100000001],[7417040.7400000002,5551247.9900000002],[7417031.0899999999,5551244.2400000002],[7417018.2599999998,5551242.75],[7417010.5300000003,5551240.1400000006],[7417003.9000000004,5551235.1899999995],[7416996.5,5551219.4700000007],[7416995.5099999998,5551218.0899999999],[7416988.8499999996,5551212.9299999997],[7416985.3899999997,5551208.4700000007],[7416979.9699999997,5551205.6799999997],[7416970.2999999998,5551200.4600000009],[7416968.0099999998,5551199.5199999996],[7416964.9500000002,5551196.4000000004],[7416959.9000000004,5551185.7699999996],[7416955.0300000003,5551169.3300000001],[7416947.04,5551161.8599999994],[7416928.4000000004,5551149.1699999999],[7416921.7699999996,5551146.5600000005],[7416914.5999999996,5551147.5399999991],[7416913.4199999999,5551148.3499999996],[7416906.2000000002,5551153.2899999991],[7416894.1399999997,5551151.1899999995],[7416889.2800000003,5551150.3399999999],[7416883.9900000002,5551144.4700000007],[7416879.46,5551131.3900000006],[7416866.1600000001,5551116.3100000005],[7416857.9100000001,5551115.5500000007],[7416849.5599999996,5551117.8599999994],[7416840.8899999997,5551127.1899999995],[7416835.8399999999,5551128.4000000004],[7416808.4800000004,5551089.9900000002],[7416798.1600000001,5551084.6600000001],[7416797.0700000003,5551082.5],[7416796.7699999996,5551082.3399999999],[7416767.5,5551040.6400000006],[7416741.7000000002,5551004.8399999999],[7416700.6200000001,5551023.0899999999],[7416688.4000000004,5551028.8699999992],[7416677.7599999998,5551033.8900000006],[7416665.2599999998,5551015.9700000007],[7416635.4699999997,5550973.3000000007],[7416628.7000000002,5550963.5600000005],[7416616.1699999999,5550940.2799999993],[7416612.4299999997,5550934.2300000004],[7416612.0700000003,5550933.4900000002],[7416610.8600000003,5550930.9199999999],[7416603.4100000001,5550917.2300000004],[7416601.9900000002,5550914.6300000008]]]},"properties":{"objectid":2267742732297,"id_dzielni":6,"nr_dzielni":"VI","nazwa":"Bronowice","nazwa_peln":"Dzielnica VI Bronowice","opis":"UCHWAŁA NR XCIX/1500/14 RADY MIASTA KRAKOWA","powierzchn":9559587,"data_aktua":1396303200000}},{"type":"Feature","id":2267742732298,"geometry":{"type":"Polygon","coordinates":[[[7414217.8700000001,5548805.9800000004],[7414222.1299999999,5548790.9299999997],[7414222.5300000003,5548789.5099999998],[7414222.9400000004,5548788.0899999999],[7414226.8499999996,5548779.6300000008],[7414227.25,5548778.7599999998],[7414229.0300000003,5548774.0899999999],[7414244.5899999999,5548732.3699999992],[7414259.3099999996,5548700.2699999996],[7414266.0199999996,5548685.4399999995],[7414266.3700000001,5548684.6099999994],[7414273.1399999997,5548668.6500000004],[7414278.75,5548655.9199999999],[7414285.3700000001,5548640.9399999995],[7414293.7300000004,5548624.0299999993],[7414302.0300000003,5548605.75],[7414303.9000000004,5548601.1699999999],[7414308.5899999999,5548589.6899999995],[7414314.0300000003,5548574.8000000007],[7414315.1500000004,5548571.6999999993],[7414319.0099999998,5548561.1300000008],[7414325.9400000004,5548539.6799999997],[7414329.9500000002,5548526.6699999999],[7414340.1399999997,5548495.2799999993],[7414345.7999999998,5548478.3499999996],[7414357.46,5548450.0500000007],[7414361.9000000004,5548439.3499999996],[7414369.2199999997,5548421.3699999992],[7414387.54,5548379.5099999998],[7414396.4900000002,5548353.6799999997],[7414401.4100000001,5548337.5800000001],[7414401.6699999999,5548336.7599999998],[7414406.4400000004,5548319.7799999993],[7414406.8899999997,5548317.3100000005],[7414409.75,5548308.7599999998],[7414417.9699999997,5548284.1999999993],[7414417.4299999997,5548278.8900000006],[7414416.7999999998,5548272.7699999996],[7414413.79,5548272.6699999999],[7414414.1399999997,5548259.2799999993],[7414414.6100000003,5548247.0099999998],[7414415.5899999999,5548221.5800000001],[7414415.1600000001,5548199.4399999995],[7414414.8300000001,5548183.8300000001],[7414413.8200000003,5548136.4800000004],[7414412.6699999999,5548110.5899999999],[7414411.3600000003,5548081.1600000001],[7414411.1799999997,5548077.8300000001],[7414408.6299999999,5548030.3900000006],[7414408.5599999996,5548029.0999999996],[7414408.54,5548028.6600000001],[7414408.3899999997,5548025.5700000003],[7414408.3300000001,5548024.3699999992],[7414408.0199999996,5548018.0299999993],[7414407.9500000002,5548016.6799999997],[7414407.8399999999,5548014.3800000008],[7414407.7300000004,5548012.1899999995],[7414412.8499999996,5548010.4100000001],[7414425.46,5548005.8699999992],[7414457.4699999997,5547994.1699999999],[7414459.21,5547993.5800000001],[7414475.1399999997,5547987.1699999999],[7414498.3499999996,5547977.8800000008],[7414513.5199999996,5547971.8800000008],[7414528.25,5547966.0700000003],[7414543.0599999996,5547960.0999999996],[7414558.5,5547954.1199999992],[7414573.1600000001,5547948.3200000003],[7414590.8899999997,5547941.3100000005],[7414613.7000000002,5547933.0199999996],[7414641.4500000002,5547922.9299999997],[7414655.1299999999,5547917.9499999993],[7414671.1200000001,5547912.1300000008],[7414671.5,5547912.3100000005],[7414689.0899999999,5547906.1699999999],[7414697.6600000001,5547903.1899999995],[7414698.7300000004,5547902.2799999993],[7414736.7999999998,5547887.9499999993],[7414747.0800000001,5547884.0899999999],[7414751.3300000001,5547869.5399999991],[7414751.6699999999,5547868.4399999995],[7414751.9400000004,5547867.5199999996],[7414752.5999999996,5547865.4100000001],[7414766.7199999997,5547817.1699999999],[7414768.21,5547812.0800000001],[7414777.1900000004,5547775.7799999993],[7414780.1399999997,5547763.8399999999],[7414782.4699999997,5547754.4499999993],[7414784,5547748.0500000007],[7414785.4000000004,5547746.2899999991],[7414792.4400000004,5547737.5299999993],[7414795.5300000003,5547733.6699999999],[7414802.8300000001,5547727.1099999994],[7414809.96,5547720.6999999993],[7414817.5099999998,5547713.9100000001],[7414825.25,5547707.6600000001],[7414826.1500000004,5547698.9199999999],[7414826.6100000003,5547694.4199999999],[7414827.7800000003,5547682.9100000001],[7414841.5999999996,5547680.6799999997],[7414849.1200000001,5547679.4700000007],[7414853.9400000004,5547678.6899999995],[7414858.9699999997,5547677.8699999992],[7414862.8399999999,5547663.8800000008],[7414865.9000000004,5547641.8100000005],[7414867.7000000002,5547628.7899999991],[7414868.7000000002,5547622.3499999996],[7414869.25,5547610.3399999999],[7414869.5700000003,5547603.4900000002],[7414875.5099999998,5547600.5800000001],[7414878.9299999997,5547599.0500000007],[7414883.0700000003,5547603.2200000007],[7414904.5899999999,5547610.4900000002],[7414918.6299999999,5547614.75],[7414943.6100000003,5547622.4700000007],[7414965.1500000004,5547611.8200000003],[7414971.3799999999,5547616.1899999995],[7414973.7800000003,5547617.8100000005],[7414999.8399999999,5547635.8300000001],[7415026.0999999996,5547640.2699999996],[7415047.0899999999,5547644.7100000009],[7415051.9199999999,5547645.6999999993],[7415069.9500000002,5547654.7100000009],[7415077.71,5547657.1699999999],[7415083.6399999997,5547659],[7415100.4199999999,5547661.8300000001],[7415103.3700000001,5547662.3200000003],[7415108.9500000002,5547660.7799999993],[7415118.1500000004,5547658.3200000003],[7415125.4800000004,5547678.25],[7415127.6699999999,5547678.8599999994],[7415139.1799999997,5547682.0399999991],[7415146.4500000002,5547684.0999999996],[7415149.1600000001,5547682.8800000008],[7415156.5,5547679.4600000009],[7415158.4299999997,5547679.5700000003],[7415168.4000000004,5547680.2899999991],[7415179.6600000001,5547688.9900000002],[7415183.2000000002,5547689.4299999997],[7415195.4400000004,5547691.4000000004],[7415205.25,5547692.4000000004],[7415215.0800000001,5547693.5500000007],[7415234.5899999999,5547691.9499999993],[7415239.9699999997,5547690.0800000001],[7415245.1500000004,5547688.3100000005],[7415252.75,5547685.6699999999],[7415259.8799999999,5547683.75],[7415264.8099999996,5547681.1999999993],[7415275.6500000004,5547676.1400000006],[7415284.6799999997,5547672.2100000009],[7415294.8300000001,5547667.5],[7415309.9299999997,5547660.1099999994],[7415324.2800000003,5547646.4700000007],[7415330.7199999997,5547640.5099999998],[7415338.54,5547635.0899999999],[7415346.1299999999,5547632.1300000008],[7415354.1799999997,5547628.9600000009],[7415361.8300000001,5547625.7200000007],[7415363.3300000001,5547625.2400000002],[7415371.4400000004,5547622.9000000004],[7415380.4299999997,5547620.1999999993],[7415391.1799999997,5547617],[7415400.9800000004,5547612.8399999999],[7415406.8200000003,5547610.3599999994],[7415421.6299999999,5547604.0800000001],[7415431.3300000001,5547599.9000000004],[7415434.0599999996,5547598.7699999996],[7415441.2999999998,5547595.7200000007],[7415448.6500000004,5547592.5],[7415457.46,5547588.7599999998],[7415466.1699999999,5547585.1400000006],[7415473.5599999996,5547582.0299999993],[7415486.0899999999,5547570],[7415490.2000000002,5547567.4000000004],[7415497.5700000003,5547562.7799999993],[7415501.96,5547562.4100000001],[7415511.9100000001,5547561.5500000007],[7415520.4900000002,5547560.7699999996],[7415529.9900000002,5547560],[7415540.9699999997,5547560.5199999996],[7415552.0599999996,5547561],[7415558.0099999998,5547561.2799999993],[7415563.6200000001,5547561.5399999991],[7415565.9199999999,5547561.6999999993],[7415581.4699999997,5547562.0999999996],[7415588.8600000003,5547559.9199999999],[7415597.5700000003,5547557.1600000001],[7415604.6600000001,5547555.1300000008],[7415614.0700000003,5547557.5800000001],[7415620.7800000003,5547559.2799999993],[7415647.5899999999,5547560.1699999999],[7415652.2599999998,5547558.0600000005],[7415650.4299999997,5547556.3000000007],[7415641.2400000002,5547547.8100000005],[7415640.6799999997,5547547.2899999991],[7415629.1699999999,5547536.0999999996],[7415621.54,5547528.75],[7415615.5899999999,5547522.5199999996],[7415609.5099999998,5547514.7100000009],[7415600.7300000004,5547501.0800000001],[7415598.0700000003,5547496.8699999992],[7415592.0499999998,5547486.2699999996],[7415584.7000000002,5547471.9000000004],[7415578.21,5547456.1400000006],[7415575.0499999998,5547448.7699999996],[7415570.5300000003,5547435.2799999993],[7415566.75,5547423.5399999991],[7415566.9199999999,5547423.1400000006],[7415563.4199999999,5547414.6099999994],[7415561.9100000001,5547409.6300000008],[7415559.9400000004,5547401.1600000001],[7415556.8899999997,5547387.8800000008],[7415555.5999999996,5547380.8200000003],[7415554.5999999996,5547370.2599999998],[7415552.8200000003,5547354.75],[7415553.1100000003,5547349.4800000004],[7415554.4699999997,5547341.8000000007],[7415555.6699999999,5547337.0899999999],[7415557.3799999999,5547328.3499999996],[7415559.0099999998,5547318.9600000009],[7415560.9699999997,5547310.5299999993],[7415560.5199999996,5547309.1699999999],[7415559.2999999998,5547305.4700000007],[7415556.4699999997,5547296.6899999995],[7415556.0199999996,5547292.5099999998],[7415555.8200000003,5547287.7899999991],[7415557.5599999996,5547273.0899999999],[7415558.3899999997,5547259.7200000007],[7415558.3200000003,5547248.3399999999],[7415557.46,5547239.8699999992],[7415554.46,5547225.1999999993],[7415551.3499999996,5547210.7699999996],[7415546.9299999997,5547201.5500000007],[7415539.3200000003,5547184.6199999992],[7415534.75,5547175.3900000006],[7415530,5547161.8100000005],[7415529.8799999999,5547161.3699999992],[7415527.9199999999,5547161.0299999993],[7415520.1100000003,5547142.4499999993],[7415517.0300000003,5547135.6899999995],[7415513.6200000001,5547122.7300000004],[7415511.9299999997,5547113.1199999992],[7415509.4199999999,5547098.8599999994],[7415508.4800000004,5547081.4399999995],[7415511.4699999997,5547071.8499999996],[7415511.4900000002,5547059.4399999995],[7415511.5800000001,5547046.8200000003],[7415512.1799999997,5547037.3300000001],[7415511.8300000001,5547022.6799999997],[7415508.7300000004,5547014.7200000007],[7415508.0199999996,5547011.3000000007],[7415506.1100000003,5546998.6199999992],[7415503.1500000004,5546997.6600000001],[7415499.5700000003,5546986.3200000003],[7415491.7199999997,5546967.0199999996],[7415484.9500000002,5546951.0199999996],[7415481.9299999997,5546943.1600000001],[7415477.9299999997,5546930.5700000003],[7415474.6200000001,5546917.1099999994],[7415472.75,5546906.3800000008],[7415472.5599999996,5546898.3399999999],[7415473.7699999996,5546881.9499999993],[7415473.0599999996,5546865.9499999993],[7415473.0300000003,5546860.2200000007],[7415471.5099999998,5546849.6899999995],[7415471.0499999998,5546845.2100000009],[7415470.46,5546841.5899999999],[7415468.6399999997,5546832.7699999996],[7415466.7999999998,5546826.5899999999],[7415460.6500000004,5546811.0199999996],[7415454.6600000001,5546801.0199999996],[7415452.4900000002,5546801.6600000001],[7415444.0499999998,5546789.6799999997],[7415437.4699999997,5546779.0099999998],[7415433.3099999996,5546765.1500000004],[7415431.7400000002,5546760.2400000002],[7415427.8300000001,5546753.2100000009],[7415422.5800000001,5546739.25],[7415416.3300000001,5546727.25],[7415416.2599999998,5546723.1999999993],[7415395.0199999996,5546702.1600000001],[7415373.5,5546681.3800000008],[7415366.9199999999,5546661.6799999997],[7415360.04,5546640.4399999995],[7415355.4800000004,5546626.1600000001],[7415348.1699999999,5546607.3300000001],[7415340.8600000003,5546584.3800000008],[7415330.75,5546551.4600000009],[7415305.7599999998,5546527.2899999991],[7415303.4800000004,5546525.25],[7415301.5899999999,5546523.5600000005],[7415300.1799999997,5546518.3699999992],[7415300.0300000003,5546514.5299999993],[7415299.1500000004,5546511.4100000001],[7415295.5199999996,5546502.2100000009],[7415288.1100000003,5546490.6400000006],[7415284.0199999996,5546484.4399999995],[7415279.4699999997,5546480.1500000004],[7415277.0999999996,5546474.6999999993],[7415276.4800000004,5546472.7100000009],[7415274.1699999999,5546469.6199999992],[7415270.2599999998,5546464.4299999997],[7415262.2800000003,5546452.7400000002],[7415255.2000000002,5546442.0800000001],[7415245.2400000002,5546428.3499999996],[7415236.3600000003,5546416.1099999994],[7415229.0599999996,5546406.2599999998],[7415228.6600000001,5546405.7200000007],[7415220.2699999996,5546393.5600000005],[7415219.8399999999,5546392.9499999993],[7415204.1200000001,5546370.6999999993],[7415203.7300000004,5546370.1500000004],[7415197.0599999996,5546359.1899999995],[7415196.8200000003,5546358.7899999991],[7415189.5599999996,5546346.9000000004],[7415189.21,5546346.3399999999],[7415170.6399999997,5546322.3300000001],[7415161.7699999996,5546310.2400000002],[7415152.6900000004,5546298.6799999997],[7415152.2300000004,5546298.0899999999],[7415140.2999999998,5546283.0399999991],[7415131.6100000003,5546270.5099999998],[7415122.21,5546256.1999999993],[7415109.7199999997,5546234.7300000004],[7415093.1200000001,5546213.7899999991],[7415074.4400000004,5546185.6099999994],[7415054.5499999998,5546158.3000000007],[7415047.3600000003,5546147.7200000007],[7415041.6200000001,5546139.2599999998],[7415033.7000000002,5546127.5899999999],[7415019.1500000004,5546112.0600000005],[7414989.5,5546083.9600000009],[7414967.3200000003,5546059.1999999993],[7414950.9800000004,5546033.8599999994],[7414948.9800000004,5546030.75],[7414941.29,5546018.8300000001],[7414929.8700000001,5545996.5199999996],[7414917.7699999996,5545976.7899999991],[7414888.3099999996,5545950.2200000007],[7414884.0899999999,5545946.3900000006],[7414879.8399999999,5545942.5600000005],[7414874.4900000002,5545934.75],[7414871.8799999999,5545930.9399999995],[7414858.4100000001,5545915.3300000001],[7414851.5700000003,5545886.0999999996],[7414848.2599999998,5545884.4100000001],[7414847.8300000001,5545884.1600000001],[7414841.6500000004,5545879.6600000001],[7414837.3099999996,5545871.4399999995],[7414835.5300000003,5545860.8200000003],[7414833.5099999998,5545850.6899999995],[7414831.2599999998,5545841.3200000003],[7414827.3799999999,5545820.2300000004],[7414827.71,5545818.7799999993],[7414824.1900000004,5545801.5899999999],[7414821.4000000004,5545784.7400000002],[7414820.2699999996,5545780.0299999993],[7414813.9500000002,5545744.6999999993],[7414811.96,5545733.0800000001],[7414812.0800000001,5545727.8200000003],[7414814.1500000004,5545722.8499999996],[7414814.29,5545709.4399999995],[7414814.4299999997,5545692.4100000001],[7414814.4299999997,5545676.7799999993],[7414814.54,5545669.8000000007],[7414813.25,5545660.7200000007],[7414811.7000000002,5545649.1500000004],[7414810.8300000001,5545643.0500000007],[7414807.8899999997,5545622.4499999993],[7414807.5099999998,5545619.8499999996],[7414837.3200000003,5545604.9800000004],[7414862.75,5545592.1600000001],[7414865.4199999999,5545590.1899999995],[7414888.2599999998,5545574.6600000001],[7414895.2999999998,5545570.3800000008],[7414896.7000000002,5545569.5399999991],[7414899.7699999996,5545567.6500000004],[7414904.7300000004,5545564.6500000004],[7414908.9900000002,5545561.6899999995],[7414912.54,5545557.6400000006],[7414921.3499999996,5545546.3900000006],[7414932.8700000001,5545530.9900000002],[7414936.6399999997,5545526.1999999993],[7414937.9800000004,5545522.3900000006],[7414939.29,5545519.0899999999],[7414942.5099999998,5545509.9800000004],[7414949.3200000003,5545492.4100000001],[7414952.6100000003,5545483.5899999999],[7414955.0499999998,5545477.4399999995],[7414961.9400000004,5545460.1500000004],[7414963.1500000004,5545455.3800000008],[7414961.7599999998,5545422.1300000008],[7414960.3399999999,5545388.5199999996],[7414958.9500000002,5545355.4700000007],[7414956.9699999997,5545347.6300000008],[7414951.6600000001,5545331.5800000001],[7414950.04,5545312.4900000002],[7414946.9400000004,5545304.25],[7414944.7199999997,5545298.3399999999],[7414944.4699999997,5545297.3900000006],[7414943.8200000003,5545294.9900000002],[7414941.7699999996,5545287.2899999991],[7414941.5599999996,5545286.75],[7414942.0899999999,5545281.8200000003],[7414942.3399999999,5545279.3200000003],[7414943.4000000004,5545273.5099999998],[7414944.5199999996,5545269.0800000001],[7414945.0700000003,5545266.9199999999],[7414946.9500000002,5545258.3599999994],[7414947.8600000003,5545256.5099999998],[7414951.6600000001,5545244.9499999993],[7414955.1399999997,5545233.3300000001],[7414959.1399999997,5545220.5299999993],[7414961.6699999999,5545213.0500000007],[7414963.5800000001,5545208.5099999998],[7414968.6799999997,5545194.9299999997],[7414969.04,5545193.9800000004],[7414971.0499999998,5545186.2100000009],[7414973.2699999996,5545178.0199999996],[7414974.1100000003,5545174.8900000006],[7414975.3399999999,5545168.8000000007],[7414977.8099999996,5545156.9000000004],[7414978.0199999996,5545154.9499999993],[7414981.3899999997,5545137.1899999995],[7414981.7699999996,5545135.6199999992],[7414982.3499999996,5545133.3100000005],[7414983.9000000004,5545127.0199999996],[7414984.6799999997,5545123.9000000004],[7414985.6799999997,5545119.8800000008],[7414989.2599999998,5545103.9600000009],[7414990.0499999998,5545099.5999999996],[7414991.79,5545090.5099999998],[7414993.4400000004,5545078.8599999994],[7414994.8099999996,5545063.6600000001],[7414995.1399999997,5545060.0399999991],[7414995.5800000001,5545052.6300000008],[7414996.4000000004,5545045.4600000009],[7414997.8200000003,5545032.9399999995],[7415002.2800000003,5545029.5399999991],[7415004.2999999998,5545028],[7415022.6900000004,5545013.9700000007],[7415040.2699999996,5545000.5500000007],[7415052.9800000004,5544990.8399999999],[7415072.0700000003,5544976.2699999996],[7415079,5544963.4199999999],[7415085.6200000001,5544950.8000000007],[7415089.4199999999,5544943.0099999998],[7415095.9900000002,5544931.0899999999],[7415101.1100000003,5544922.6899999995],[7415106.0700000003,5544914.7200000007],[7415113.75,5544900.0500000007],[7415119.5499999998,5544889.8399999999],[7415124.9800000004,5544880.9399999995],[7415131.7300000004,5544869.9100000001],[7415138.0499999998,5544860.5800000001],[7415142.8600000003,5544854.7799999993],[7415152.2699999996,5544845.8200000003],[7415152.25,5544845.0399999991],[7415162.5800000001,5544837.0399999991],[7415174.04,5544827.6400000006],[7415185.8700000001,5544818.4399999995],[7415204.7599999998,5544811.25],[7415205.4900000002,5544810.8499999996],[7415221.7800000003,5544801.8499999996],[7415231.3099999996,5544796.0700000003],[7415236.0999999996,5544792.5899999999],[7415243.8899999997,5544785.8399999999],[7415251.0099999998,5544778.7400000002],[7415260.25,5544770.3000000007],[7415270.9100000001,5544760.9100000001],[7415285.3499999996,5544747.9800000004],[7415308,5544732.3900000006],[7415310.0199999996,5544731],[7415312.8399999999,5544728.9900000002],[7415328.5899999999,5544717.7799999993],[7415346.6500000004,5544701.2599999998],[7415362.8899999997,5544687.9100000001],[7415367.0700000003,5544685.5199999996],[7415369.4699999997,5544684.5099999998],[7415380.25,5544680.0099999998],[7415395.8099999996,5544673.5399999991],[7415416.0199999996,5544667.3200000003],[7415440.9299999997,5544659.3399999999],[7415459.4900000002,5544652.75],[7415465.54,5544650.5800000001],[7415468.0700000003,5544649.6699999999],[7415479.0999999996,5544645.7200000007],[7415499.21,5544641.5],[7415518.4900000002,5544637.4600000009],[7415539.0999999996,5544633.1300000008],[7415544.0099999998,5544632.9100000001],[7415554.0199999996,5544632.4600000009],[7415569.8600000003,5544631.8000000007],[7415588.0899999999,5544631.0500000007],[7415608.0899999999,5544630.25],[7415624.46,5544631.9299999997],[7415640.6299999999,5544633.4499999993],[7415664.1299999999,5544636],[7415687.8399999999,5544638.3499999996],[7415697.8200000003,5544639.1199999992],[7415700.1399999997,5544639.3699999992],[7415708.4299999997,5544640.3100000005],[7415713.5199999996,5544640.9800000004],[7415729.7699999996,5544643.0999999996],[7415751.4500000002,5544645.9600000009],[7415777.0700000003,5544648.8100000005],[7415785.6600000001,5544649.75],[7415836.5499999998,5544680.3599999994],[7415872.79,5544700.6999999993],[7415910.5899999999,5544721.9199999999],[7415912.2199999997,5544757.0099999998],[7415919,5544790.8599999994],[7415926.4100000001,5544817.8300000001],[7415936.25,5544849.1600000001],[7415948.5599999996,5544878.8300000001],[7415959.1399999997,5544900.4800000004],[7415967.2599999998,5544916.0700000003],[7415983.1799999997,5544933.1799999997],[7415998.6799999997,5544949.4700000007],[7416025.6200000001,5544971.3300000001],[7416051.9500000002,5544989.5099999998],[7416084.5099999998,5545007.0899999999],[7416117.1100000003,5545018.8800000008],[7416168.2199999997,5545034.4600000009],[7416217.7699999996,5545046.3800000008],[7416277.1600000001,5545062.6999999993],[7416376.2400000002,5545072.3300000001],[7416477.7199999997,5545083.4499999993],[7416576.0899999999,5545103.5099999998],[7416669.2199999997,5545136.5600000005],[7416757.4900000002,5545183.4800000004],[7416847.1200000001,5545234.9499999993],[7416928.54,5545293.8699999992],[7417004.3300000001,5545352.3699999992],[7417078.3499999996,5545431.0800000001],[7417150.1699999999,5545503.4700000007],[7417224.8399999999,5545569.7300000004],[7417288.0300000003,5545649.2400000002],[7417362.5499999998,5545715.0299999993],[7417441.6500000004,5545778.2400000002],[7417551.5899999999,5545837.4299999997],[7417617,5545853.5500000007],[7417674.5999999996,5545866.3399999999],[7417747.9800000004,5545876.7899999991],[7417818.6299999999,5545880.0999999996],[7417873.7300000004,5545880.9800000004],[7418003.0999999996,5545871],[7418055.9100000001,5545867.5700000003],[7418100.6600000001,5545868.4399999995],[7418277.8200000003,5545871.0600000005],[7418425.4500000002,5545868.5800000001],[7418478.2400000002,5545875.8200000003],[7418552.7699999996,5545887.0600000005],[7418694.6500000004,5545910.9000000004],[7418759.5700000003,5545919.3599999994],[7418772.0800000001,5545921.1999999993],[7418849.4100000001,5545927.2200000007],[7418996.9199999999,5545918.5199999996],[7419060.1900000004,5545906.3399999999],[7419126.7000000002,5545886.5999999996],[7419194.9199999999,5545858.7899999991],[7419228.7400000002,5545841.0899999999],[7419241.7599999998,5545833.2599999998],[7419284.7599999998,5545784.5700000003],[7419290.6299999999,5545776.1699999999],[7419343.0499999998,5545716.25],[7419376.29,5545683.4000000004],[7419413.6500000004,5545646.8800000008],[7419453.8700000001,5545603.3699999992],[7419500.5199999996,5545553.1600000001],[7419571.3799999999,5545471.1500000004],[7419636.5899999999,5545403.5800000001],[7419682.0099999998,5545370.5600000005],[7419738.0899999999,5545326.9100000001],[7419811.7199999997,5545307.4499999993],[7419848.54,5545298.4199999999],[7419915.4199999999,5545281.0199999996],[7419978.3899999997,5545275.3200000003],[7420001.5700000003,5545271.4900000002],[7420092.3099999996,5545255.6400000006],[7420258.6799999997,5545252.1500000004],[7420298.1100000003,5545250.6199999992],[7420403.9900000002,5545262.0700000003],[7420529.4699999997,5545273.6199999992],[7420581.7400000002,5545280.2400000002],[7420641.6399999997,5545282.5700000003],[7420825.4900000002,5545288.5299999993],[7420913.7300000004,5545295.6199999992],[7420977.1900000004,5545322.3100000005],[7421027.96,5545346.2899999991],[7421080.7300000004,5545373.8499999996],[7421115.6399999997,5545402.6899999995],[7421148.5499999998,5545432.6500000004],[7421193.5,5545493.9800000004],[7421211.5099999998,5545518.5700000003],[7421264.0999999996,5545576.6400000006],[7421269.9199999999,5545583.7799999993],[7421282.5499999998,5545606.8200000003],[7421324.3799999999,5545683.0700000003],[7421363.4100000001,5545776.8300000001],[7421389.5300000003,5545824.9199999999],[7421409.3300000001,5545862.1500000004],[7421443.79,5545920.5],[7421468.8799999999,5545958.2400000002],[7421489.2699999996,5545998.5],[7421514.8700000001,5546049.5800000001],[7421551.54,5546106.3100000005],[7421565.0700000003,5546135.5800000001],[7421567.5300000003,5546141.4700000007],[7421610.4100000001,5546243.9499999993],[7421647.1299999999,5546351.3800000008],[7421654.6299999999,5546372.5],[7421678.1200000001,5546415.1799999997],[7421697.1799999997,5546448.4299999997],[7421743.7599999998,5546525.0299999993],[7421811.8799999999,5546593.7400000002],[7421860.6399999997,5546631.0500000007],[7421867.6900000004,5546636.4399999995],[7421888.8799999999,5546646.9100000001],[7421939.0800000001,5546671.2599999998],[7421946.29,5546672.4199999999],[7422017.4900000002,5546683.75],[7422081.7400000002,5546683.5600000005],[7422123.8300000001,5546682.2599999998],[7422152.6299999999,5546680.4299999997],[7422209.04,5546676.1099999994],[7422239.1900000004,5546675.5399999991],[7422287.9400000004,5546675.3100000005],[7422318.1900000004,5546678.6400000006],[7422356.71,5546678.9000000004],[7422374.1200000001,5546682.3100000005],[7422432.5,5546691.3800000008],[7422505.46,5546703.5399999991],[7422580.8700000001,5546717.0199999996],[7422709.4900000002,5546738.8599999994],[7422743.9100000001,5546746.3300000001],[7422790.4400000004,5546756.25],[7422889.96,5546784.9100000001],[7422998.2800000003,5546828.2400000002],[7423098.8600000003,5546882.5600000005],[7423137.6699999999,5546907.5899999999],[7423179.8099999996,5546934.7799999993],[7423195.21,5546944.7100000009],[7423252.6200000001,5546985.1699999999],[7423270.04,5546994.8900000006],[7423243.4100000001,5547050.5500000007],[7423231.5099999998,5547074.3300000001],[7423229.0499999998,5547078.9800000004],[7423229.7999999998,5547079.3599999994],[7423228.54,5547081.9299999997],[7423238.2800000003,5547086.6699999999],[7423240.29,5547087.6400000006],[7423232.7599999998,5547103.2400000002],[7423232.0999999996,5547105.2400000002],[7423231.7699999996,5547107.0899999999],[7423231.7300000004,5547108.4000000004],[7423231.9900000002,5547109.25],[7423232.5,5547109.9800000004],[7423238,5547114.4399999995],[7423237.0899999999,5547116.2899999991],[7423244.3899999997,5547123.6600000001],[7423231.5099999998,5547140.2200000007],[7423223.1299999999,5547150.9900000002],[7423208.6799999997,5547168.2899999991],[7423207.8499999996,5547167.6300000008],[7423207.3200000003,5547168.2699999996],[7423203.7599999998,5547172.5399999991],[7423203.2400000002,5547173.1600000001],[7423204.0499999998,5547173.8599999994],[7423199.3799999999,5547179.4199999999],[7423198.4500000002,5547182.5999999996],[7423199.0599999996,5547182.8800000008],[7423198.6600000001,5547184.2100000009],[7423198.2000000002,5547185.75],[7423197.5499999998,5547185.5500000007],[7423195.4000000004,5547192.9100000001],[7423191.8899999997,5547205],[7423191.7300000004,5547204.9600000009],[7423190.8700000001,5547207.9399999995],[7423191.1100000003,5547208.0099999998],[7423189.8099999996,5547212.4000000004],[7423186.3899999997,5547229.7899999991],[7423185.6900000004,5547233.2899999991],[7423185.2199999997,5547236.3699999992],[7423182.8399999999,5547244.3399999999],[7423179.5499999998,5547255.4000000004],[7423176.4000000004,5547265.8399999999],[7423167.7199999997,5547284.4199999999],[7423166.7400000002,5547287.3900000006],[7423166.1200000001,5547289.3800000008],[7423160.7400000002,5547306.9299999997],[7423153.1200000001,5547330.3900000006],[7423153.25,5547330.4399999995],[7423153.1699999999,5547330.6699999999],[7423149.2999999998,5547343.0600000005],[7423148.8899999997,5547342.9299999997],[7423148.2800000003,5547344.8599999994],[7423148.7000000002,5547344.9900000002],[7423144.7699999996,5547357.4700000007],[7423135.4900000002,5547386.1400000006],[7423132.5499999998,5547393.6500000004],[7423128.2800000003,5547405.4700000007],[7423128.2300000004,5547405.5800000001],[7423122.2000000002,5547420.8200000003],[7423113.7999999998,5547441.9700000007],[7423113.6200000001,5547442.4299999997],[7423111.5899999999,5547447.6500000004],[7423108.2300000004,5547456.3000000007],[7423107.3300000001,5547458.2200000007],[7423104.0199999996,5547466.2200000007],[7423103.8899999997,5547466.1699999999],[7423099.6100000003,5547476.4000000004],[7423099.7199999997,5547476.4499999993],[7423096.4699999997,5547484.4000000004],[7423088.8799999999,5547502.4399999995],[7423088.7999999998,5547502.6500000004],[7423085.1299999999,5547511.4000000004],[7423085.4900000002,5547511.5700000003],[7423084.54,5547513.75],[7423084.1699999999,5547513.5899999999],[7423080.6200000001,5547522.2599999998],[7423074.3700000001,5547537.5700000003],[7423068.1200000001,5547552.3699999992],[7423065.1299999999,5547559.5399999991],[7423065.0499999998,5547559.9900000002],[7423065.1500000004,5547560.4399999995],[7423005.1600000001,5547553.9000000004],[7422999.2400000002,5547587.5700000003],[7422971.3300000001,5547581.5500000007],[7422961.4199999999,5547582.3000000007],[7422956.1699999999,5547583.3599999994],[7422942.3899999997,5547587.0600000005],[7422846.04,5547611.6699999999],[7422812.6399999997,5547620.3300000001],[7422788.2000000002,5547626.5600000005],[7422739.5800000001,5547639.0600000005],[7422720.04,5547644.5099999998],[7422709.96,5547647.3300000001],[7422693.9800000004,5547651.4299999997],[7422666.2999999998,5547658.5099999998],[7422646.2199999997,5547663.4700000007],[7422646.5499999998,5547664.4700000007],[7422582.2800000003,5547681.0899999999],[7422553.96,5547688.8699999992],[7422554.1600000001,5547689.7599999998],[7422524.5199999996,5547698.7300000004],[7422524.3899999997,5547700.9800000004],[7422509.3200000003,5547702.4199999999],[7422507.8799999999,5547699.9299999997],[7422478.0999999996,5547707.8000000007],[7422448.3300000001,5547715.3900000006],[7422418.54,5547723.0899999999],[7422388.7999999998,5547730.7200000007],[7422359,5547738.2699999996],[7422329.1100000003,5547745.9199999999],[7422301.4000000004,5547753.1400000006],[7422273.7199999997,5547760.1400000006],[7422245.9400000004,5547767.2899999991],[7422217.4100000001,5547774.5500000007],[7422217.3200000003,5547775.4199999999],[7422213.5599999996,5547776.2699999996],[7422213.0700000003,5547775.6500000004],[7422153.04,5547791.0199999996],[7422132.4500000002,5547796.4299999997],[7422124.29,5547798.4399999995],[7422111.5099999998,5547801.2300000004],[7421934.6799999997,5547846.7200000007],[7421935.4000000004,5547850.4299999997],[7421932.9000000004,5547850.9499999993],[7421933.2300000004,5547852.9100000001],[7421773.9100000001,5547893.5700000003],[7421744.8799999999,5547901.0099999998],[7421686.79,5547915.9000000004],[7421603.4800000004,5547937.1400000006],[7421550.6500000004,5547950.8800000008],[7421545.6600000001,5547931.0899999999],[7421523.5700000003,5547936.6899999995],[7421511.3799999999,5547939.8599999994],[7421506.1500000004,5547940.8800000008],[7421485.7699999996,5547946.3800000008],[7421476.3499999996,5547948.7699999996],[7421462.7800000003,5547952.2699999996],[7421434.7400000002,5547959.4900000002],[7421432.1900000004,5547960.6999999993],[7421429.96,5547963.9900000002],[7421428.8600000003,5547967.5299999993],[7421429.3700000001,5547970.9399999995],[7421434.7300000004,5547983.2699999996],[7421436.0800000001,5547986.6899999995],[7421438.4900000002,5547992.8499999996],[7421432.6299999999,5547995.3200000003],[7421424.1100000003,5547998.9100000001],[7421415.0199999996,5548002.7300000004],[7421415.1399999997,5548003.5099999998],[7421415.4699999997,5548004.4100000001],[7421418.1299999999,5548011.6999999993],[7421418.3399999999,5548012.25],[7421421.7599999998,5548024.8900000006],[7421421.9199999999,5548025.4800000004],[7421409.96,5548031.5899999999],[7421397.5,5548037.6799999997],[7421396.8399999999,5548037.9800000004],[7421391.7400000002,5548040.3000000007],[7421390.6600000001,5548040.7899999991],[7421389.7599999998,5548041.0600000005],[7421373.2000000002,5548049.9700000007],[7421371.9400000004,5548051.2400000002],[7421361.6799999997,5548055.2100000009],[7421345.2999999998,5548063.1500000004],[7421323.7000000002,5548074.9700000007],[7421301.1600000001,5548086.8900000006],[7421271.3899999997,5548102.75],[7421259.2400000002,5548108.8800000008],[7421237.2699999996,5548120.3499999996],[7421218.5,5548130.0700000003],[7421205.9199999999,5548136.8000000007],[7421188.9100000001,5548145.1899999995],[7421180.0300000003,5548148.9299999997],[7421166.4100000001,5548155.2799999993],[7421141.7699999996,5548168.5],[7421138.8200000003,5548170.0700000003],[7421122.1299999999,5548178.8499999996],[7421104.71,5548188.2699999996],[7421093.1500000004,5548194.6500000004],[7421078.9900000002,5548200.9100000001],[7421058.8899999997,5548209.8000000007],[7421035.2000000002,5548220.3399999999],[7421013.6100000003,5548232.4800000004],[7420991.6799999997,5548243.8200000003],[7420970.3799999999,5548255.8499999996],[7420950.3899999997,5548264.9700000007],[7420917.8799999999,5548279.5099999998],[7420902.7999999998,5548286.2899999991],[7420893.9000000004,5548290.1699999999],[7420875.6399999997,5548298.0999999996],[7420860.5800000001,5548304.6300000008],[7420846.0499999998,5548311.0299999993],[7420838.3099999996,5548314.6099999994],[7420823.9699999997,5548322.0399999991],[7420812.0599999996,5548328.1899999995],[7420797.54,5548335.8200000003],[7420785.79,5548342.1899999995],[7420768.1200000001,5548352.2400000002],[7420753.79,5548361.5399999991],[7420744.5899999999,5548367.9299999997],[7420723.6399999997,5548379.9600000009],[7420710.9699999997,5548387.25],[7420704.2400000002,5548391.9600000009],[7420694.8799999999,5548398.6199999992],[7420693.7800000003,5548393.0600000005],[7420692.9699999997,5548389.6300000008],[7420691.9800000004,5548387.4000000004],[7420690.8700000001,5548384.5],[7420688.6399999997,5548381.6199999992],[7420658.4199999999,5548388.2400000002],[7420644.5899999999,5548390.6899999995],[7420642.1500000004,5548391.1199999992],[7420629.8899999997,5548396.2200000007],[7420626.9900000002,5548397.0800000001],[7420623.75,5548398.2699999996],[7420614.9199999999,5548402.0500000007],[7420612.2300000004,5548403.1999999993],[7420607.3799999999,5548407.0399999991],[7420595.8899999997,5548418.0299999993],[7420572.6799999997,5548434.7400000002],[7420554.3600000003,5548446.6799999997],[7420533.7699999996,5548460.7200000007],[7420514.3899999997,5548473.5999999996],[7420494.1399999997,5548484.8499999996],[7420473.21,5548495.6099999994],[7420450.0899999999,5548505.3200000003],[7420437.2400000002,5548513.0600000005],[7420426.2199999997,5548515.9299999997],[7420417.5599999996,5548518.6500000004],[7420402.7599999998,5548527.3699999992],[7420400.5599999996,5548527.9000000004],[7420399.0899999999,5548527.9800000004],[7420397.5899999999,5548517.5700000003],[7420383.1600000001,5548507.3699999992],[7420371.0999999996,5548498.8599999994],[7420367.6299999999,5548496.4100000001],[7420348.7800000003,5548503.7899999991],[7420296.3300000001,5548518.5399999991],[7420237.9000000004,5548522.5500000007],[7420185.7300000004,5548522.8599999994],[7420164.1100000003,5548522.7400000002],[7420107.0499999998,5548522.6799999997],[7420076.2300000004,5548527.4299999997],[7420047.7599999998,5548533.2200000007],[7420028.7300000004,5548538.4499999993],[7419993.9400000004,5548551.2300000004],[7419964.79,5548563.9399999995],[7419948.4100000001,5548573.0299999993],[7419917.7999999998,5548592.0600000005],[7419871.6200000001,5548628.1899999995],[7419841.0599999996,5548660.7300000004],[7419817.1900000004,5548685.5399999991],[7419784.9299999997,5548715.75],[7419757.2300000004,5548737.3300000001],[7419739.7199999997,5548749.5700000003],[7419709.9299999997,5548767.0500000007],[7419684.2699999996,5548782.6999999993],[7419655.7199999997,5548800.3100000005],[7419621.2800000003,5548820.3100000005],[7419582.0499999998,5548843.7799999993],[7419521.5300000003,5548879.7899999991],[7419502.3799999999,5548890.9600000009],[7419466.4900000002,5548916.9100000001],[7419439.7400000002,5548939.8399999999],[7419408.9699999997,5548966.0700000003],[7419380.9199999999,5548986.1400000006],[7419358.3399999999,5548999.8599999994],[7419331.4000000004,5549012.6500000004],[7419298.6299999999,5549024.5600000005],[7419254.3799999999,5549034.5800000001],[7419212.6799999997,5549035.8900000006],[7419164.6500000004,5549038.25],[7419129.3700000001,5549039.4399999995],[7419026.46,5549044.0700000003],[7418997.5499999998,5549046.0899999999],[7418964.5999999996,5549052.6199999992],[7418943.5300000003,5549063.5899999999],[7418923.6699999999,5549079.3000000007],[7418873.5899999999,5549132.7100000009],[7418845.3700000001,5549163.7799999993],[7418828.4199999999,5549176.9700000007],[7418803.1200000001,5549188.5199999996],[7418772.5999999996,5549195.7300000004],[7418732.5899999999,5549198.7799999993],[7418699.5999999996,5549202.6899999995],[7418665.4199999999,5549211.0600000005],[7418641.5,5549220.9499999993],[7418613.7199999997,5549239.5299999993],[7418592.4699999997,5549256.6400000006],[7418561.4900000002,5549289.7200000007],[7418528.9299999997,5549324.5399999991],[7418500.6600000001,5549355.3000000007],[7418448.04,5549411.4199999999],[7418425.7800000003,5549436.6600000001],[7418400.9199999999,5549463.3300000001],[7418388.71,5549476.0299999993],[7418356.2400000002,5549511.2400000002],[7418340.2599999998,5549528.8000000007],[7418318.2199999997,5549551.9499999993],[7418290.8200000003,5549567.5600000005],[7418270.9000000004,5549574.9299999997],[7418259.0800000001,5549578.1600000001],[7418239.4100000001,5549581.8100000005],[7418223.9500000002,5549581.7400000002],[7418178.6600000001,5549579.3399999999],[7418140.0499999998,5549576.2899999991],[7418128.7000000002,5549577.5],[7418098.0700000003,5549584.9900000002],[7418081.9900000002,5549592.6600000001],[7418065.5199999996,5549602.9499999993],[7418057.7400000002,5549609.1400000006],[7418045.3899999997,5549620.3399999999],[7418024.3099999996,5549638.5700000003],[7418002.9900000002,5549655.9100000001],[7417984.04,5549668.5199999996],[7417942.0199999996,5549691.2699999996],[7417918.8099999996,5549701.4800000004],[7417896.5599999996,5549707.6400000006],[7417875.04,5549712.5],[7417837.4299999997,5549716.1799999997],[7417823.21,5549716.9000000004],[7417780.5999999996,5549716.6600000001],[7417702.0800000001,5549715.5099999998],[7417590.6100000003,5549713.6199999992],[7417537.04,5549711.5999999996],[7417496.6100000003,5549716.2799999993],[7417464.1799999997,5549722.5299999993],[7417430.9900000002,5549734.3699999992],[7417412.8300000001,5549742.1799999997],[7417391.3600000003,5549753.5700000003],[7417359.2699999996,5549775.7799999993],[7417325.71,5549806.75],[7417301.7699999996,5549834.9399999995],[7417289.7800000003,5549848.8900000006],[7417259.4299999997,5549883.5099999998],[7417204.9900000002,5549948.0800000001],[7417193.5499999998,5549961.3599999994],[7417139.71,5550021.3100000005],[7417119.5599999996,5550048.9199999999],[7417111.8899999997,5550062.1699999999],[7417091.1799999997,5550114.9299999997],[7417082.2699999996,5550134.0800000001],[7417061.8499999996,5550169.9399999995],[7417050.25,5550182.1099999994],[7417026,5550203.4199999999],[7416998.1500000004,5550221.9000000004],[7416971.7599999998,5550237.3599999994],[7416958.5800000001,5550249.4600000009],[7416930.7599999998,5550282.4600000009],[7416918.6100000003,5550308.3499999996],[7416909.5,5550357.7200000007],[7416902.3200000003,5550374.4499999993],[7416888.7400000002,5550396.3800000008],[7416832,5550457.1799999997],[7416816.0899999999,5550508.8499999996],[7416818.1100000003,5550541.5600000005],[7416830.8200000003,5550575.1500000004],[7416865.1699999999,5550640.5500000007],[7416869.8200000003,5550667.4199999999],[7416867.6100000003,5550702.2599999998],[7416855.9000000004,5550732.5399999991],[7416833.1399999997,5550765.9900000002],[7416812.4400000004,5550794.4299999997],[7416797.7800000003,5550813.7100000009],[7416782.9900000002,5550831.3200000003],[7416756.4800000004,5550856.3900000006],[7416725.1699999999,5550875.75],[7416686.0899999999,5550893.9600000009],[7416659.3899999997,5550902.1699999999],[7416643.1399999997,5550906.9000000004],[7416604.5300000003,5550914.1600000001],[7416601.9900000002,5550914.6300000008],[7416599.9500000002,5550910.8800000008],[7416592.3399999999,5550896.9000000004],[7416590.2199999997,5550892.9499999993],[7416578.1299999999,5550895.2100000009],[7416564.9400000004,5550897.6899999995],[7416557.5800000001,5550899.0199999996],[7416549.3200000003,5550900.7899999991],[7416547.3600000003,5550901.2100000009],[7416534.7000000002,5550903.8900000006],[7416533.5300000003,5550904.1400000006],[7416526.8600000003,5550905.3300000001],[7416505.4400000004,5550909.6199999992],[7416496.1399999997,5550911.1400000006],[7416477,5550913.8499999996],[7416467.4299999997,5550915.9000000004],[7416454.1200000001,5550918.3599999994],[7416452.8399999999,5550918.5899999999],[7416442.4199999999,5550920.4399999995],[7416434.1600000001,5550920.9499999993],[7416432.0800000001,5550921.2599999998],[7416431.5800000001,5550921.3399999999],[7416429.3700000001,5550921.5999999996],[7416426.4000000004,5550921.3699999992],[7416424.9000000004,5550921.25],[7416416.8499999996,5550921.2899999991],[7416405.7199999997,5550920.2599999998],[7416402.3799999999,5550919.9499999993],[7416391.2300000004,5550918.7300000004],[7416387.3499999996,5550918.3200000003],[7416381.3300000001,5550916.7899999991],[7416367.9100000001,5550913.4000000004],[7416365.8200000003,5550912.6500000004],[7416354.0700000003,5550908.3100000005],[7416325.3899999997,5550895.0700000003],[7416319.7999999998,5550892.7799999993],[7416312.3700000001,5550889.7200000007],[7416299,5550885.0500000007],[7416291.6500000004,5550882.6500000004],[7416285.21,5550881.1500000004],[7416264.5599999996,5550876.5199999996],[7416267,5550868.2799999993],[7416266.9699999997,5550852.4600000009],[7416255.9000000004,5550846.1500000004],[7416247.9699999997,5550838.5099999998],[7416244.7199999997,5550836.0099999998],[7416235.54,5550834.5500000007],[7416224.6299999999,5550830.0399999991],[7416217.2800000003,5550808.6099999994],[7416206.7599999998,5550786.2799999993],[7416198.9500000002,5550768.6199999992],[7416191.7800000003,5550755.8900000006],[7416190.7300000004,5550753.8200000003],[7416183.7300000004,5550739.9000000004],[7416172.1699999999,5550716.7300000004],[7416167.6900000004,5550707.3699999992],[7416163.4800000004,5550698.3800000008],[7416160.4199999999,5550691.8100000005],[7416155,5550681.0299999993],[7416148.8899999997,5550669.6199999992],[7416136.3300000001,5550645.5299999993],[7416130.6500000004,5550644.3399999999],[7416133.4199999999,5550638.7300000004],[7416133.1500000004,5550628.6799999997],[7416129.5599999996,5550621.1600000001],[7416127.2000000002,5550618.7599999998],[7416121.79,5550613.3900000006],[7416115.6100000003,5550605.8300000001],[7416108.8499999996,5550599.0199999996],[7416100.9900000002,5550591.6699999999],[7416083.7599999998,5550577.1600000001],[7416063.1299999999,5550557.8800000008],[7416044,5550537.9299999997],[7416030.9699999997,5550523.9700000007],[7416021.7300000004,5550514.0099999998],[7416001.9900000002,5550495.7200000007],[7415992.25,5550486.4800000004],[7415972.5199999996,5550468.1999999993],[7415964.71,5550461.2200000007],[7415950.7400000002,5550449.3100000005],[7415937.9400000004,5550438.4100000001],[7415926.0099999998,5550429.8900000006],[7415920.0099999998,5550426.2799999993],[7415911.5,5550421.3000000007],[7415894.6399999997,5550410],[7415877.7300000004,5550401.3100000005],[7415875.2400000002,5550400.1099999994],[7415862.0499999998,5550392.2599999998],[7415857.5,5550390.7400000002],[7415847.1900000004,5550384.8100000005],[7415838.5199999996,5550379.3000000007],[7415832.8099999996,5550374.8900000006],[7415826.4100000001,5550369.5399999991],[7415817.0599999996,5550361.5399999991],[7415816.1100000003,5550358.75],[7415808.1500000004,5550348.9000000004],[7415803.6699999999,5550341.3800000008],[7415799.9500000002,5550334.5299999993],[7415797.2800000003,5550326.7699999996],[7415795.5599999996,5550315.0700000003],[7415800.0199999996,5550284.9199999999],[7415793.9299999997,5550275.5299999993],[7415786.54,5550269.3900000006],[7415746.7999999998,5550263.1199999992],[7415718.5899999999,5550254.9399999995],[7415702.1100000003,5550250.0800000001],[7415702.0800000001,5550248.8300000001],[7415701.9900000002,5550245.6799999997],[7415693.9100000001,5550246.5500000007],[7415685.1799999997,5550244.9299999997],[7415677.1100000003,5550243.8699999992],[7415669.29,5550241.1300000008],[7415650.8200000003,5550232.4600000009],[7415639.6900000004,5550225.5500000007],[7415628.4299999997,5550219.7899999991],[7415626.7199999997,5550218.9199999999],[7415618.9500000002,5550213.0800000001],[7415608.5099999998,5550209.9000000004],[7415598.5499999998,5550205.6300000008],[7415588.46,5550202.7100000009],[7415576.9000000004,5550199.9900000002],[7415565.6399999997,5550196.6300000008],[7415554.4500000002,5550193.0199999996],[7415544.3600000003,5550189.7699999996],[7415534.25,5550187.0700000003],[7415522.6799999997,5550184.0199999996],[7415512.7800000003,5550180.8900000006],[7415512.1200000001,5550180.6899999995],[7415503.8899999997,5550178.0299999993],[7415495.4000000004,5550172.9499999993],[7415484.6399999997,5550164.6500000004],[7415473.4199999999,5550153.8699999992],[7415466.0199999996,5550144.9399999995],[7415459.7599999998,5550134.6799999997],[7415454.6100000003,5550124.5500000007],[7415448.8099999996,5550113.6199999992],[7415444.9699999997,5550107.3300000001],[7415439.04,5550101.75],[7415426.1299999999,5550097.4499999993],[7415412.1200000001,5550096.8100000005],[7415399.2699999996,5550097.6300000008],[7415389.0800000001,5550096.8499999996],[7415375.4000000004,5550092.9199999999],[7415362.2400000002,5550086.0600000005],[7415350.4299999997,5550078.2300000004],[7415336.5999999996,5550073.4800000004],[7415321.0999999996,5550073.8000000007],[7415304.5999999996,5550075.9000000004],[7415292.4800000004,5550077.75],[7415282.2800000003,5550078.4800000004],[7415272.7599999998,5550078.3399999999],[7415244.5700000003,5550071.0500000007],[7415234.4800000004,5550068.3399999999],[7415219.4699999997,5550063.9000000004],[7415208.5300000003,5550059.9499999993],[7415199.3300000001,5550056.1099999994],[7415189.4699999997,5550051.4100000001],[7415181.3300000001,5550048.1500000004],[7415174.46,5550045.2899999991],[7415165.6200000001,5550041.8800000008],[7415158.2400000002,5550039.7300000004],[7415147.9299999997,5550036.8900000006],[7415137.9000000004,5550034.6799999997],[7415127.5999999996,5550033.2799999993],[7415116.9199999999,5550031.1600000001],[7415109.3099999996,5550029.9499999993],[7415089.3799999999,5550026.25],[7415076.5999999996,5550023.8300000001],[7415065.9900000002,5550022.2200000007],[7415054.0700000003,5550020.9800000004],[7415042.3300000001,5550020.6400000006],[7415020.7599999998,5550020.6199999992],[7415007.7300000004,5550021.3100000005],[7414994.3700000001,5550021.6400000006],[7414993.6500000004,5550021.7200000007],[7414970.04,5550021.7799999993],[7414956.8899999997,5550020.7400000002],[7414944.6200000001,5550018.8200000003],[7414932.79,5550016.0899999999],[7414920.3600000003,5550012.9700000007],[7414905.9800000004,5550006.6099999994],[7414896.46,5550002.4000000004],[7414885.6299999999,5549996.75],[7414876.5999999996,5549990.9399999995],[7414867.3499999996,5549984.5099999998],[7414858.1100000003,5549978.2699999996],[7414845.3700000001,5549968.9199999999],[7414834.8799999999,5549961.6600000001],[7414823.7400000002,5549954],[7414805.4800000004,5549940.0700000003],[7414795.7199999997,5549931.9000000004],[7414787.1699999999,5549924.3399999999],[7414775.1799999997,5549911.9900000002],[7414765.1600000001,5549900.4199999999],[7414764.4500000002,5549899.5099999998],[7414758.8300000001,5549892.3300000001],[7414756.0999999996,5549888.8499999996],[7414750.5800000001,5549881.0800000001],[7414747.7599999998,5549877.1199999992],[7414740.0300000003,5549866.2400000002],[7414722.8600000003,5549842.4199999999],[7414714.0899999999,5549830.6600000001],[7414705.9199999999,5549819.5],[7414714.9699999997,5549759.3200000003],[7414715.3300000001,5549732.1999999993],[7414713.5899999999,5549706.6699999999],[7414710.0999999996,5549685.1600000001],[7414706.54,5549667.5899999999],[7414701.7199999997,5549653.0899999999],[7414696.04,5549636.3399999999],[7414687.2999999998,5549608.9800000004],[7414676.6500000004,5549575.6500000004],[7414666.9000000004,5549544.6899999995],[7414660.2699999996,5549523.3000000007],[7414649.8200000003,5549489.4299999997],[7414648.8200000003,5549485.6799999997],[7414648.5700000003,5549484.7599999998],[7414635.5999999996,5549443.1400000006],[7414626.9400000004,5549415.2200000007],[7414624.1399999997,5549406.4299999997],[7414622.3600000003,5549400.8499999996],[7414620.2699999996,5549391.4800000004],[7414616.5800000001,5549374.9299999997],[7414616.3099999996,5549373.8599999994],[7414615.2599999998,5549369.6400000006],[7414614.8099999996,5549367.7899999991],[7414603.9400000004,5549339.5],[7414590.1900000004,5549303.6400000006],[7414587.4800000004,5549296.5999999996],[7414587.2300000004,5549295.8399999999],[7414586.7699999996,5549294.2899999991],[7414575.9000000004,5549256.3699999992],[7414565.1900000004,5549219.4700000007],[7414554.9100000001,5549186.1799999997],[7414551.7800000003,5549176.0800000001],[7414547.0999999996,5549163.9199999999],[7414545.9400000004,5549158.8499999996],[7414544.5899999999,5549155.0999999996],[7414538.7300000004,5549141.2699999996],[7414533.3899999997,5549130.1099999994],[7414532.3600000003,5549128.0999999996],[7414531.4400000004,5549126.2699999996],[7414528.4800000004,5549120.4800000004],[7414522.25,5549112.7400000002],[7414515.4800000004,5549099.9100000001],[7414510.5800000001,5549093.5099999998],[7414508.8399999999,5549091.2400000002],[7414501.8300000001,5549081.4100000001],[7414493.4199999999,5549070.0800000001],[7414490.5700000003,5549066.9700000007],[7414487.71,5549063.8599999994],[7414479.1299999999,5549055.6300000008],[7414473.0899999999,5549049.8499999996],[7414467.1299999999,5549044.1500000004],[7414464.75,5549041.8699999992],[7414460.8200000003,5549038.0999999996],[7414448.71,5549026.5099999998],[7414446.6900000004,5549024.5700000003],[7414444.1299999999,5549022.1300000008],[7414439.9000000004,5549018.0700000003],[7414432.4000000004,5549010.8800000008],[7414423.5499999998,5549002.4100000001],[7414414.8799999999,5548994.1099999994],[7414404.6699999999,5548984.1300000008],[7414395.8300000001,5548974.9100000001],[7414390.1200000001,5548969.9000000004],[7414387.4800000004,5548967.3300000001],[7414378.6500000004,5548958.6899999995],[7414368.1200000001,5548948.4100000001],[7414357.5199999996,5548938.0500000007],[7414350.25,5548931.0199999996],[7414344.7800000003,5548925.7100000009],[7414335.0800000001,5548916.3200000003],[7414328.4299999997,5548909.8300000001],[7414317.8799999999,5548899.5299999993],[7414308.4900000002,5548890.5],[7414298.5099999998,5548880.8499999996],[7414290.1600000001,5548872.8399999999],[7414289.04,5548871.8699999992],[7414278.1200000001,5548861.6300000008],[7414270.7400000002,5548854.8100000005],[7414263.2800000003,5548847.9199999999],[7414256.6600000001,5548841.8100000005],[7414254.71,5548839.9800000004],[7414252.4800000004,5548837.9000000004],[7414246.5199999996,5548832.3599999994],[7414235.3899999997,5548822.0500000007],[7414234.6699999999,5548821.3900000006],[7414232.2400000002,5548819.1600000001],[7414217.8700000001,5548805.9800000004]]]},"properties":{"objectid":2267742732298,"id_dzielni":7,"nr_dzielni":"VII","nazwa":"Zwierzyniec","nazwa_peln":"Dzielnica VII Zwierzyniec","opis":"UCHWAŁA NR XCIX/1501/14 RADY MIASTA KRAKOWA","powierzchn":28730964,"data_aktua":1396303200000}},{"type":"Feature","id":2267742732299,"geometry":{"type":"Polygon","coordinates":[[[7413437.5899999999,5542432.75],[7413446.1900000004,5542346.9199999999],[7413469.3499999996,5542255.3499999996],[7413489.6900000004,5542191.3100000005],[7413542.4100000001,5542040.1099999994],[7413580,5541919.1099999994],[7413602.75,5541789.6600000001],[7413612.0899999999,5541657.4199999999],[7413627.04,5541543.1500000004],[7413636.1900000004,5541477.4000000004],[7413632,5541424.6099999994],[7413650.5499999998,5541351.3800000008],[7413668.3700000001,5541204.4600000009],[7413696.9400000004,5541045.5899999999],[7413709.5300000003,5540920.7599999998],[7413726.6100000003,5540822.1199999992],[7413707.7199999997,5540734.6199999992],[7413682.8200000003,5540648.7799999993],[7413653.6799999997,5540591.0600000005],[7413689.8200000003,5540573.8499999996],[7413693.4199999999,5540545.0600000005],[7413701.4800000004,5540520.4600000009],[7413708.5899999999,5540509.5800000001],[7413711.7199999997,5540510.7899999991],[7413716.1299999999,5540512.4800000004],[7413723.21,5540515.1899999995],[7413752.9299999997,5540532.7400000002],[7413753.4500000002,5540533.0399999991],[7413785.7400000002,5540553.3599999994],[7413808.1500000004,5540563.1699999999],[7413809.6900000004,5540563.8499999996],[7413819.0599999996,5540572.8599999994],[7413830.1299999999,5540581.3399999999],[7413844.04,5540591.9800000004],[7413836.7000000002,5540597.1400000006],[7413845.8499999996,5540612.9900000002],[7413852.9299999997,5540627.4499999993],[7413862.7699999996,5540637.0899999999],[7413869.0199999996,5540643.0800000001],[7413875.0800000001,5540649.2300000004],[7413873.3099999996,5540653.4499999993],[7413878.6900000004,5540663.2100000009],[7413884.6399999997,5540664.0199999996],[7413890.1200000001,5540663.8699999992],[7413902.5099999998,5540659.7699999996],[7413905.2699999996,5540657.0800000001],[7413908.5899999999,5540653.1899999995],[7413912.3200000003,5540649.5899999999],[7413917.2999999998,5540644.2400000002],[7413926.1900000004,5540642.0399999991],[7413943.7800000003,5540642.4800000004],[7413954.2400000002,5540640.25],[7413959.0800000001,5540640.6899999995],[7413961.0700000003,5540640.9100000001],[7413961.79,5540641],[7413965.6399999997,5540641.4299999997],[7413976.9000000004,5540637.4399999995],[7413981.5499999998,5540635.9399999995],[7413990.75,5540629.5199999996],[7414006.5999999996,5540618.6999999993],[7414012.6600000001,5540612.7799999993],[7414013.7999999998,5540611.6699999999],[7414020.4299999997,5540607.2200000007],[7414021.3499999996,5540604.4199999999],[7414022.5199999996,5540600.8200000003],[7414020.1399999997,5540597.2200000007],[7414018.5300000003,5540594.7799999993],[7414011.9199999999,5540588.7699999996],[7414013.6600000001,5540585.6699999999],[7414020.4400000004,5540573.5399999991],[7414025.3300000001,5540565.4399999995],[7414029.0499999998,5540562.6099999994],[7414031.8099999996,5540559.7100000009],[7414032.0599999996,5540555.3000000007],[7414031.4199999999,5540548.7699999996],[7414028.8099999996,5540543.5800000001],[7414025.4699999997,5540539.3000000007],[7414017.2699999996,5540534.4600000009],[7414007.4100000001,5540532.9199999999],[7414013.4000000004,5540523.4499999993],[7414016,5540515.8300000001],[7414015.8300000001,5540513.1500000004],[7414015.6200000001,5540509.75],[7414013.2400000002,5540504.2300000004],[7414013.8600000003,5540496.3599999994],[7414015.04,5540486.9900000002],[7414020.4100000001,5540478.8599999994],[7414025.2000000002,5540470.6300000008],[7414028.9400000004,5540464.2599999998],[7414029.1900000004,5540461.1199999992],[7414028.1299999999,5540454.4299999997],[7414025.8399999999,5540441.0899999999],[7414041.04,5540435.5299999993],[7414051.2000000002,5540439.8800000008],[7414059.8099999996,5540431.3300000001],[7414070.4900000002,5540414.0199999996],[7414074.6100000003,5540404.4100000001],[7414081.1500000004,5540388.9600000009],[7414083.7800000003,5540378.0500000007],[7414093.2300000004,5540373.5600000005],[7414107.1100000003,5540369.8399999999],[7414114.1200000001,5540370.3200000003],[7414121.0099999998,5540370.7899999991],[7414128.4299999997,5540375.9499999993],[7414131.0700000003,5540384.2599999998],[7414135.3300000001,5540397.6899999995],[7414141.8600000003,5540423.1300000008],[7414144.0800000001,5540429.6400000006],[7414147,5540436.3100000005],[7414151.54,5540443.6099999994],[7414156.2699999996,5540448.7200000007],[7414160.8899999997,5540452.9399999995],[7414166.9199999999,5540455.6099999994],[7414168.0099999998,5540455.9800000004],[7414180.5,5540460.2699999996],[7414187.0099999998,5540461.9499999993],[7414196.0099999998,5540464.2799999993],[7414208.5800000001,5540468.1799999997],[7414218.6200000001,5540471.2899999991],[7414222.4900000002,5540472.4900000002],[7414227.5599999996,5540472.8599999994],[7414233.6399999997,5540472.6500000004],[7414238.79,5540474.75],[7414239.54,5540475.0600000005],[7414244.1299999999,5540469.5700000003],[7414246.25,5540465.6999999993],[7414247.3300000001,5540460.1500000004],[7414246.2199999997,5540452.5899999999],[7414244.4199999999,5540445.1600000001],[7414239.3499999996,5540435.4800000004],[7414232.5700000003,5540426.2699999996],[7414222.0499999998,5540405.7599999998],[7414214.8300000001,5540391.5299999993],[7414213.0599999996,5540385.5899999999],[7414210.8200000003,5540364.9199999999],[7414210.3700000001,5540355.8100000005],[7414210.6200000001,5540348.9000000004],[7414210.6699999999,5540347.3000000007],[7414212.0499999998,5540343.5500000007],[7414219.3499999996,5540323.5600000005],[7414267.6100000003,5540325.4499999993],[7414273.21,5540325.75],[7414286.1200000001,5540326.4199999999],[7414301.5,5540327.2200000007],[7414349.1699999999,5540329.6899999995],[7414363.3300000001,5540330.4299999997],[7414380.6399999997,5540328.8699999992],[7414389.6100000003,5540328.0500000007],[7414420.5300000003,5540317.4299999997],[7414441.6900000004,5540306.5099999998],[7414491.3300000001,5540276.3599999994],[7414511.4199999999,5540271.4399999995],[7414537.8899999997,5540262.6400000006],[7414556.7300000004,5540256.2200000007],[7414562.6699999999,5540254.1999999993],[7414583.7400000002,5540246.3699999992],[7414607.79,5540239.3499999996],[7414626.3499999996,5540233.5899999999],[7414642.4699999997,5540228.6600000001],[7414642.7999999998,5540236.5899999999],[7414642.9299999997,5540239.6400000006],[7414643.6699999999,5540245.5800000001],[7414647.5899999999,5540277.2899999991],[7414648,5540288.0299999993],[7414647.5,5540300.9800000004],[7414645.6600000001,5540310.9800000004],[7414645.4000000004,5540312.3699999992],[7414654.2599999998,5540323.4199999999],[7414659.8399999999,5540328.9800000004],[7414665.0099999998,5540334.1500000004],[7414669.4199999999,5540328.1099999994],[7414676.5700000003,5540322.4199999999],[7414681.8399999999,5540318.75],[7414684.9199999999,5540316.5899999999],[7414693.8099999996,5540314.0199999996],[7414702.5700000003,5540315.3000000007],[7414708.0899999999,5540321.2799999993],[7414708.7699999996,5540322.4700000007],[7414712.04,5540328.1899999995],[7414712.7800000003,5540334.5199999996],[7414712.3799999999,5540343.1300000008],[7414714.1100000003,5540354.0800000001],[7414719.4299999997,5540361.1199999992],[7414726.0599999996,5540367.6699999999],[7414732.0099999998,5540374.0199999996],[7414736.0700000003,5540376.0899999999],[7414746.2400000002,5540381.2799999993],[7414751.29,5540384.7300000004],[7414756.6500000004,5540388.3900000006],[7414766.6900000004,5540398.5899999999],[7414770.4800000004,5540407.5199999996],[7414770.4800000004,5540408.7799999993],[7414770.4900000002,5540420.4000000004],[7414774.9000000004,5540429.0500000007],[7414777.0599999996,5540433.2899999991],[7414763.7699999996,5540448.8900000006],[7414754.29,5540459.7100000009],[7414750.5800000001,5540469.9499999993],[7414752.4900000002,5540478.9299999997],[7414760.6900000004,5540478.1999999993],[7414778.7599999998,5540473.4100000001],[7414795.2599999998,5540469.6500000004],[7414796.9500000002,5540470.6199999992],[7414803.5,5540474.3900000006],[7414809.9800000004,5540480.0099999998],[7414814.4800000004,5540485.0800000001],[7414819.25,5540490.4700000007],[7414832.1600000001,5540503.5],[7414835.8399999999,5540506.4299999997],[7414842.4000000004,5540507.3499999996],[7414849.96,5540507.7200000007],[7414857.6100000003,5540511.0299999993],[7414864.9500000002,5540514.4100000001],[7414870.8700000001,5540514.9800000004],[7414879.1200000001,5540513.9900000002],[7414894.0800000001,5540511.4399999995],[7414899.6399999997,5540510.5],[7414897.5700000003,5540487.9100000001],[7414924,5540477.75],[7414949.0099999998,5540468.75],[7414968.1600000001,5540462.1400000006],[7414976.8499999996,5540463.6600000001],[7414987.6900000004,5540464.5800000001],[7415005.9800000004,5540468.2699999996],[7415011.9500000002,5540469.5899999999],[7415016.8399999999,5540470.6699999999],[7415020.6900000004,5540471.5299999993],[7415012.7800000003,5540498.0600000005],[7415012.2300000004,5540499.5600000005],[7415009.2400000002,5540507.7799999993],[7415003.4500000002,5540518.8599999994],[7414999.8399999999,5540526.0899999999],[7414984.0199999996,5540538.9000000004],[7414983.0899999999,5540551.6999999993],[7414984.8399999999,5540559.3000000007],[7414986.3300000001,5540565.8100000005],[7414988.9800000004,5540569.3000000007],[7414990.0599999996,5540570.7400000002],[7414997.6600000001,5540576.7699999996],[7415002.4900000002,5540579.4800000004],[7415010.0499999998,5540583.7200000007],[7415016.2599999998,5540587.7300000004],[7415028.5899999999,5540598.8300000001],[7415039.1600000001,5540612.2100000009],[7415046.04,5540620.7599999998],[7415051.8600000003,5540627.4299999997],[7415062.2599999998,5540630.7599999998],[7415075.4400000004,5540632.0999999996],[7415089.96,5540635.5399999991],[7415092.5899999999,5540636.3100000005],[7415102.2199999997,5540639.1600000001],[7415116.6699999999,5540641.0299999993],[7415126.79,5540644.5500000007],[7415137.3700000001,5540648.2400000002],[7415153.25,5540656.7799999993],[7415160.5899999999,5540659.1999999993],[7415193.6200000001,5540669.5700000003],[7415248.8700000001,5540690.8800000008],[7415264.3700000001,5540697.8399999999],[7415277.1799999997,5540695.6099999994],[7415280.7999999998,5540695],[7415280.9500000002,5540696.2699999996],[7415281.7800000003,5540703.4800000004],[7415282.3200000003,5540705.4299999997],[7415280.9699999997,5540707.1999999993],[7415280.7599999998,5540708.8900000006],[7415284.5099999998,5540713.5700000003],[7415289.3700000001,5540718.9499999993],[7415287.9299999997,5540729.1300000008],[7415295.8099999996,5540731.1600000001],[7415310.7199999997,5540735.0099999998],[7415315.7000000002,5540737.3900000006],[7415327.0199999996,5540739.7300000004],[7415329.3099999996,5540740.5800000001],[7415329.7400000002,5540739.6500000004],[7415334.29,5540744],[7415343.6900000004,5540752.9700000007],[7415354.3600000003,5540754.1999999993],[7415368.6299999999,5540752.8200000003],[7415387.54,5540750.7400000002],[7415399.5899999999,5540747.2400000002],[7415412.2800000003,5540745.1600000001],[7415422,5540745.6899999995],[7415468.5,5540733.1400000006],[7415476.9299999997,5540731.5199999996],[7415498.1200000001,5540727.4399999995],[7415516.5599999996,5540723.9000000004],[7415519.8099999996,5540730.6400000006],[7415530.5499999998,5540728.3699999992],[7415540.1299999999,5540725.8000000007],[7415546.5300000003,5540715.4399999995],[7415549.25,5540711.0399999991],[7415554.7400000002,5540702.1600000001],[7415564.8600000003,5540684.0999999996],[7415574.9400000004,5540667],[7415581.7800000003,5540671.6899999995],[7415588.9500000002,5540673.3200000003],[7415600.8200000003,5540673.7200000007],[7415603.9000000004,5540673.8200000003],[7415621.9000000004,5540672.4299999997],[7415638.8499999996,5540671.9700000007],[7415654.8099999996,5540668.6400000006],[7415656.4400000004,5540668.2899999991],[7415657.8099999996,5540668.0199999996],[7415659.1100000003,5540667.75],[7415666.2999999998,5540666.8100000005],[7415677.6399999997,5540666.1899999995],[7415703.1699999999,5540665.4800000004],[7415704.2000000002,5540665.4499999993],[7415720.6699999999,5540664.75],[7415725.1299999999,5540664.6899999995],[7415726.8799999999,5540664.6600000001],[7415747.9000000004,5540664.4000000004],[7415765.8700000001,5540663.7400000002],[7415785.6100000003,5540662.5600000005],[7415815.5599999996,5540660.5500000007],[7415828.25,5540659.3200000003],[7415837.2800000003,5540659.1899999995],[7415851.5999999996,5540659],[7415866.71,5540657.7899999991],[7415888.6500000004,5540657.8300000001],[7415906.7699999996,5540657.1099999994],[7415908.0099999998,5540657],[7415923.8799999999,5540655.5299999993],[7415938.71,5540654.0999999996],[7415956.1600000001,5540653.8200000003],[7415963.5099999998,5540653.7599999998],[7415967.0599999996,5540653.7400000002],[7415981.7199999997,5540653.3100000005],[7416000.7599999998,5540651.5899999999],[7416013.1799999997,5540650.4900000002],[7416025.2199999997,5540649.7699999996],[7416034.3200000003,5540649.8100000005],[7416041.4800000004,5540649.5999999996],[7416050.3700000001,5540649.3300000001],[7416061.8200000003,5540648.6899999995],[7416071.0899999999,5540648.9000000004],[7416075.6399999997,5540649.0199999996],[7416086.0800000001,5540648.0999999996],[7416087.7599999998,5540645.8200000003],[7416102.9400000004,5540643.7200000007],[7416104.3799999999,5540643.5299999993],[7416122.8600000003,5540641.3100000005],[7416134.75,5540641.0099999998],[7416141.3200000003,5540640.9600000009],[7416161.6200000001,5540640.2100000009],[7416175.6799999997,5540637.1400000006],[7416186.4699999997,5540633.4100000001],[7416188.3200000003,5540632.7799999993],[7416210.1699999999,5540633.0800000001],[7416231.8300000001,5540634.1799999997],[7416236.5999999996,5540622.9800000004],[7416248.9199999999,5540621.3900000006],[7416260.5599999996,5540620.1300000008],[7416267.8600000003,5540618.0600000005],[7416274.5300000003,5540617.1400000006],[7416288.8200000003,5540615.3000000007],[7416300.3700000001,5540614.0800000001],[7416313.7599999998,5540613.5],[7416331.2199999997,5540611.6400000006],[7416339.6799999997,5540611.0700000003],[7416347.8300000001,5540609.5399999991],[7416359.96,5540607.2699999996],[7416363.1399999997,5540606.2899999991],[7416374.3799999999,5540602.7799999993],[7416385.8600000003,5540600.2599999998],[7416397.9800000004,5540598.0299999993],[7416412.0999999996,5540595.0800000001],[7416419.0999999996,5540594.0800000001],[7416419.79,5540593.9700000007],[7416428.7999999998,5540592.6899999995],[7416429.9800000004,5540592.6400000006],[7416436.9400000004,5540592.2899999991],[7416437.9299999997,5540592.2400000002],[7416445.6299999999,5540592.0399999991],[7416450.5999999996,5540591.9100000001],[7416461.7999999998,5540591.5999999996],[7416469.3300000001,5540591.3800000008],[7416478.7199999997,5540590.3000000007],[7416480.6900000004,5540590.1300000008],[7416493.9699999997,5540588.9499999993],[7416496.79,5540588.5600000005],[7416498.29,5540588.3699999992],[7416506.8099999996,5540587.2300000004],[7416507.7999999998,5540587.0999999996],[7416517.2599999998,5540585.2799999993],[7416521.29,5540584.5],[7416525.8700000001,5540583.5500000007],[7416534.1500000004,5540581.8300000001],[7416534.5300000003,5540581.7599999998],[7416547.7300000004,5540579.2599999998],[7416548.8799999999,5540579.1400000006],[7416564.7800000003,5540577.4700000007],[7416571.0800000001,5540576.8100000005],[7416575.25,5540576.8599999994],[7416582.0199999996,5540576.9499999993],[7416589.3899999997,5540577.0500000007],[7416597.1799999997,5540574.9700000007],[7416606.8899999997,5540572.3699999992],[7416612.3899999997,5540570.9000000004],[7416614.5700000003,5540571.0299999993],[7416622.7699999996,5540571.5099999998],[7416623.2300000004,5540565.4600000009],[7416623.3499999996,5540563.8200000003],[7416626.0999999996,5540562.4800000004],[7416628.4900000002,5540561.3300000001],[7416629.4000000004,5540560.8900000006],[7416631.2999999998,5540559.7300000004],[7416638.3300000001,5540555.4100000001],[7416646.3700000001,5540548.7699999996],[7416651.1500000004,5540544.8200000003],[7416662.96,5540535.6799999997],[7416665.4000000004,5540533.7100000009],[7416679.8399999999,5540522.0700000003],[7416684.6299999999,5540519.3699999992],[7416687.6699999999,5540517.6600000001],[7416695.4000000004,5540514.0500000007],[7416728.21,5540511.2200000007],[7416750.4000000004,5540508.6300000008],[7416771.5499999998,5540505.8100000005],[7416780.3399999999,5540504.3499999996],[7416797.1399999997,5540502.4399999995],[7416859.0999999996,5540493.9600000009],[7416866.9900000002,5540492.8800000008],[7416870.4900000002,5540492.6899999995],[7416872.0800000001,5540492.5999999996],[7416884.5599999996,5540490.6600000001],[7416893.2800000003,5540489.3100000005],[7416904.1299999999,5540488.3399999999],[7416914.29,5540487.1600000001],[7416923.3899999997,5540489.8599999994],[7416940.7999999998,5540496.3100000005],[7416958.1100000003,5540502.7699999996],[7416963.4000000004,5540503],[7416981.3200000003,5540503.7899999991],[7416992.5999999996,5540504.2899999991],[7416999.7300000004,5540504.6099999994],[7417010.8799999999,5540506.7300000004],[7417011.6500000004,5540506.8699999992],[7417022.7699999996,5540510.3100000005],[7417025.1399999997,5540503.8000000007],[7417032.6799999997,5540498.3000000007],[7417033.6799999997,5540497.5800000001],[7417037.8600000003,5540494.5299999993],[7417045.9900000002,5540489.4900000002],[7417047.7300000004,5540488.4100000001],[7417049.9299999997,5540487.0500000007],[7417054.3899999997,5540483.9100000001],[7417054.5,5540481.3200000003],[7417058.3399999999,5540481.9100000001],[7417060.7800000003,5540483.5099999998],[7417063.79,5540485.2100000009],[7417066.8600000003,5540485.0700000003],[7417069.0599999996,5540483.7100000009],[7417069.7400000002,5540483.2799999993],[7417073.9400000004,5540481.9299999997],[7417079.0700000003,5540482.4800000004],[7417085.7599999998,5540483.6099999994],[7417094.9500000002,5540488.5700000003],[7417098.8600000003,5540487.7799999993],[7417103.8799999999,5540482.6999999993],[7417112.1600000001,5540479.6099999994],[7417113.7000000002,5540473.6099999994],[7417116.0499999998,5540466.7200000007],[7417115.7400000002,5540463.5500000007],[7417115.6900000004,5540462.9299999997],[7417115.1399999997,5540457.2200000007],[7417115.04,5540453.3000000007],[7417120.7000000002,5540449.3399999999],[7417124.7000000002,5540450.5800000001],[7417127.71,5540452.1500000004],[7417129.9500000002,5540453.2100000009],[7417131.5700000003,5540454],[7417136.4100000001,5540454.25],[7417142.9400000004,5540455.5899999999],[7417147.21,5540458.5999999996],[7417150.5599999996,5540461.6500000004],[7417154.2400000002,5540464.3499999996],[7417159.2599999998,5540468.0399999991],[7417166.7800000003,5540472.9199999999],[7417172.3099999996,5540472.7100000009],[7417177.3600000003,5540472.8399999999],[7417176.2000000002,5540464.5600000005],[7417176.6399999997,5540463.5099999998],[7417175.0300000003,5540458.4600000009],[7417186.5099999998,5540457],[7417216.79,5540453.1500000004],[7417219.7699999996,5540452.7699999996],[7417228.2699999996,5540455.0299999993],[7417232.5599999996,5540456.1600000001],[7417240.4299999997,5540458.5500000007],[7417249.75,5540458.4399999995],[7417254.2599999998,5540457.8499999996],[7417266.4800000004,5540456.2599999998],[7417269.7199999997,5540455.5500000007],[7417274.1299999999,5540454.5899999999],[7417282.6399999997,5540452.9299999997],[7417288.7400000002,5540456.3000000007],[7417295.7300000004,5540460.1600000001],[7417300.1200000001,5540462.3599999994],[7417307.3600000003,5540466.0399999991],[7417308.6200000001,5540466.6799999997],[7417315.4699999997,5540470.1699999999],[7417317.0099999998,5540470.5600000005],[7417323.2199999997,5540472.4399999995],[7417330.9800000004,5540471.1300000008],[7417332.3099999996,5540470.9000000004],[7417344.6399999997,5540468.7200000007],[7417346.7999999998,5540468.3399999999],[7417352.1900000004,5540468.3000000007],[7417353.9500000002,5540470.9100000001],[7417361.21,5540473.1999999993],[7417364.7999999998,5540469.6300000008],[7417366.4900000002,5540466.8000000007],[7417369,5540460.7100000009],[7417373.7400000002,5540458.6999999993],[7417378.2400000002,5540457.7599999998],[7417381.8899999997,5540457.1099999994],[7417384.0700000003,5540457.5299999993],[7417388.3099999996,5540458.3499999996],[7417391.4400000004,5540458.4700000007],[7417398.7400000002,5540459.9199999999],[7417399.2999999998,5540469.4399999995],[7417401.2699999996,5540474.0999999996],[7417404.1399999997,5540474.5199999996],[7417411.6600000001,5540475.6099999994],[7417412.1299999999,5540475.6699999999],[7417419.1799999997,5540478.5500000007],[7417422.5999999996,5540479.6099999994],[7417424.7599999998,5540481.1799999997],[7417429.5599999996,5540482.9000000004],[7417431.5,5540485.5199999996],[7417432.7300000004,5540488.8300000001],[7417438.6200000001,5540488.2200000007],[7417442,5540487.8599999994],[7417448.9100000001,5540484.9100000001],[7417450.9199999999,5540479.8200000003],[7417457.7599999998,5540478.5700000003],[7417458.8099999996,5540478.4399999995],[7417465.5800000001,5540477.6500000004],[7417465.9100000001,5540477.6899999995],[7417469.29,5540478.0899999999],[7417472.6100000003,5540481.7699999996],[7417477.6900000004,5540485.1699999999],[7417480.8300000001,5540480.9000000004],[7417484.25,5540480.0399999991],[7417488.9900000002,5540478.8300000001],[7417494.1100000003,5540476.3100000005],[7417497.04,5540474.8699999992],[7417497.5800000001,5540474.1999999993],[7417498.71,5540472.8000000007],[7417499.8499999996,5540471.3900000006],[7417505.2199999997,5540467.3800000008],[7417514.6699999999,5540462.0899999999],[7417514.5800000001,5540461.2899999991],[7417513.75,5540453.6600000001],[7417513.4199999999,5540451.0199999996],[7417511.0899999999,5540432.6500000004],[7417507.8399999999,5540417.8699999992],[7417505.9699999997,5540401.8000000007],[7417504.5700000003,5540390.7899999991],[7417504.3600000003,5540389.1099999994],[7417503.3099999996,5540377.75],[7417502.5199999996,5540370.9600000009],[7417502.4199999999,5540370.1799999997],[7417502.3099999996,5540369.1899999995],[7417501.8300000001,5540365.1300000008],[7417500.3399999999,5540352.1999999993],[7417497.9800000004,5540335.9900000002],[7417497.7199999997,5540334.1799999997],[7417497.2199999997,5540330.7899999991],[7417497.1100000003,5540330.0500000007],[7417496.3099999996,5540324.7899999991],[7417494.8099999996,5540308.0399999991],[7417494.3700000001,5540290.8300000001],[7417493.8899999997,5540286.0999999996],[7417493.4100000001,5540281.4299999997],[7417490.6200000001,5540255.6600000001],[7417490.3300000001,5540252.9399999995],[7417490.4199999999,5540240.2699999996],[7417487.7999999998,5540227.5800000001],[7417486.3200000003,5540217.7300000004],[7417484.8399999999,5540204.2599999998],[7417483.5499999998,5540198.5199999996],[7417483.3600000003,5540197.6899999995],[7417481.9199999999,5540191.3100000005],[7417480.04,5540184.5],[7417476.5899999999,5540175.4000000004],[7417456.4699999997,5540122.4900000002],[7417454.5,5540117.2799999993],[7417453.0199999996,5540109.3300000001],[7417450.4400000004,5540095.3499999996],[7417449.0300000003,5540082.8100000005],[7417446.29,5540069.7100000009],[7417443.4800000004,5540052.7899999991],[7417440.8700000001,5540038.4000000004],[7417437.6500000004,5540020.7100000009],[7417436.5800000001,5540018.0099999998],[7417432.3700000001,5540007.4299999997],[7417427.9000000004,5539998.3800000008],[7417425.0999999996,5539990.7799999993],[7417419.46,5539979.9199999999],[7417415.7400000002,5539961.6799999997],[7417415.7000000002,5539960.75],[7417414.8600000003,5539942.4600000009],[7417414.4299999997,5539920.5399999991],[7417415.3600000003,5539908.6500000004],[7417416.2000000002,5539885.4100000001],[7417416.4100000001,5539879.0600000005],[7417418.21,5539846.5600000005],[7417419.9199999999,5539839.6199999992],[7417420.2599999998,5539838.1999999993],[7417422.4100000001,5539804.7599999998],[7417422.8600000003,5539798.8800000008],[7417423.5599999996,5539789.7799999993],[7417426.2300000004,5539758.4600000009],[7417428.7199999997,5539725.3399999999],[7417429.9900000002,5539708.2899999991],[7417430.79,5539700.4000000004],[7417431.54,5539696.0199999996],[7417432.9500000002,5539687.6500000004],[7417435.54,5539677.5899999999],[7417437.7000000002,5539671.8599999994],[7417438.54,5539667.9299999997],[7417438.9400000004,5539663.3900000006],[7417439.25,5539634.6699999999],[7417439.6100000003,5539613.2300000004],[7417439.7699999996,5539599.7599999998],[7417439.9500000002,5539580.4399999995],[7417440.0199999996,5539563.5],[7417440.5999999996,5539539.0299999993],[7417440.79,5539521.3499999996],[7417441.0800000001,5539497.0700000003],[7417442.4500000002,5539474.4600000009],[7417443.3700000001,5539457.7599999998],[7417444.29,5539445.8200000003],[7417444.6900000004,5539428.0399999991],[7417444.3399999999,5539408.2899999991],[7417461.0099999998,5539409.7599999998],[7417469.54,5539410.5199999996],[7417469.96,5539410.5600000005],[7417478.2400000002,5539411.2899999991],[7417493.46,5539412.6500000004],[7417505.7599999998,5539413.7400000002],[7417515.2000000002,5539414.3100000005],[7417522.4299999997,5539414.7599999998],[7417529.0099999998,5539415.1799999997],[7417535.3200000003,5539415.5800000001],[7417548.8700000001,5539417.5600000005],[7417571.6600000001,5539421],[7417591.6500000004,5539424.5500000007],[7417597.25,5539425.6099999994],[7417624.0700000003,5539430.6500000004],[7417626.3499999996,5539430.9000000004],[7417633.4699999997,5539431.6699999999],[7417643.5,5539432.1999999993],[7417654.79,5539432.8100000005],[7417658.2699999996,5539432.4399999995],[7417671.8499999996,5539430.9800000004],[7417683.4699999997,5539429.7400000002],[7417694.0599999996,5539428.6099999994],[7417694.9299999997,5539428.5199999996],[7417705.0499999998,5539427.7100000009],[7417719.6399999997,5539426.5399999991],[7417727.3200000003,5539425.6999999993],[7417744.96,5539423.7699999996],[7417752.2300000004,5539423.1999999993],[7417758.0300000003,5539422.7300000004],[7417765.9199999999,5539422.3800000008],[7417773.6399999997,5539422.0299999993],[7417780.8300000001,5539422.7799999993],[7417786.25,5539423.3399999999],[7417803.2599999998,5539427.6099999994],[7417823.3200000003,5539432.6500000004],[7417835.2800000003,5539434.7200000007],[7417836.6399999997,5539434.9600000009],[7417844.5599999996,5539436.3300000001],[7417846.7699999996,5539436.7899999991],[7417853.9299999997,5539438.2599999998],[7417866.1100000003,5539438.2200000007],[7417869.1699999999,5539438.1699999999],[7417889.9699999997,5539437.8499999996],[7417899.2699999996,5539437.6999999993],[7417902.7800000003,5539437.6300000008],[7417910.7800000003,5539437.4700000007],[7417917.1399999997,5539437.3399999999],[7417922.7999999998,5539437.2300000004],[7417936.5499999998,5539436.9100000001],[7417956.4500000002,5539436.4600000009],[7417962.1699999999,5539436.3300000001],[7417980.4900000002,5539436.0099999998],[7417989.1900000004,5539435.8499999996],[7417990.5899999999,5539435.8200000003],[7417995.25,5539435.7300000004],[7418002.6900000004,5539435.5],[7418006.6500000004,5539434.6999999993],[7418010.9299999997,5539433.8300000001],[7418016.8499999996,5539432.1799999997],[7418019.7699999996,5539431.3699999992],[7418023.9299999997,5539430.0999999996],[7418026.2300000004,5539429.4000000004],[7418042.1600000001,5539424.5500000007],[7418059.7699999996,5539419.1899999995],[7418060.8300000001,5539418.8699999992],[7418063.4000000004,5539418.0500000007],[7418075.8300000001,5539414.0999999996],[7418083.7800000003,5539411.5700000003],[7418087.0300000003,5539410.6400000006],[7418093.1100000003,5539408.8900000006],[7418101.1100000003,5539405.8900000006],[7418107.79,5539401.8800000008],[7418108.8799999999,5539401.2400000002],[7418114.0199999996,5539397.4199999999],[7418125.1399999997,5539389.1899999995],[7418136.5499999998,5539380.7200000007],[7418138.9900000002,5539378.9199999999],[7418145.6200000001,5539374.0500000007],[7418148.5499999998,5539371.9000000004],[7418158.5499999998,5539365.4900000002],[7418159.4500000002,5539364.9199999999],[7418169.25,5539361.7300000004],[7418170.7400000002,5539361.25],[7418185.4100000001,5539357.6999999993],[7418190.6900000004,5539356.4100000001],[7418195.6699999999,5539355.1999999993],[7418209.75,5539351.5999999996],[7418220.7000000002,5539348.7899999991],[7418234.0999999996,5539345.0299999993],[7418238.3799999999,5539343.8200000003],[7418240.4900000002,5539343.3699999992],[7418278.8700000001,5539335.0199999996],[7418280.8499999996,5539334.5899999999],[7418290.7300000004,5539332.6300000008],[7418296.0300000003,5539331.4700000007],[7418300.5499999998,5539330.7100000009],[7418319.2800000003,5539331.5800000001],[7418331.0099999998,5539332.5099999998],[7418340.5499999998,5539333.2699999996],[7418350.29,5539334.5299999993],[7418359.1200000001,5539335.6699999999],[7418370.3700000001,5539336.4900000002],[7418390.4199999999,5539337.9600000009],[7418408.7400000002,5539339.4499999993],[7418419.8399999999,5539340.1199999992],[7418420.8099999996,5539335.7300000004],[7418425.0499999998,5539320.5399999991],[7418426.25,5539318.0399999991],[7418434.2000000002,5539292.5199999996],[7418438.2699999996,5539281.3800000008],[7418444.04,5539273.5500000007],[7418445.4500000002,5539271.75],[7418456.2000000002,5539258.0399999991],[7418464.0599999996,5539248.1899999995],[7418472.9900000002,5539237.9100000001],[7418478.0999999996,5539232.0299999993],[7418481.9400000004,5539229.6300000008],[7418489.8200000003,5539224.6999999993],[7418501.1600000001,5539217.8800000008],[7418520.9299999997,5539205.6500000004],[7418530.4699999997,5539199.5099999998],[7418530.7800000003,5539199.3100000005],[7418532.96,5539197.9100000001],[7418545.8200000003,5539189.6199999992],[7418546.8899999997,5539188.9299999997],[7418557.46,5539182.1600000001],[7418559.2599999998,5539181.0099999998],[7418565.4800000004,5539167.3200000003],[7418565.5,5539164.3100000005],[7418565.5199999996,5539162.9299999997],[7418565.5999999996,5539146.0700000003],[7418565.7699999996,5539144.1099999994],[7418566.8300000001,5539126.5600000005],[7418568.2999999998,5539106.3100000005],[7418568.4400000004,5539101.7899999991],[7418568.96,5539086.1600000001],[7418570.71,5539047.3599999994],[7418570.7199999997,5539007.6099999994],[7418570.7199999997,5538997.6300000008],[7418567.1900000004,5538972.4000000004],[7418564.9900000002,5538957],[7418563.8099999996,5538937.6199999992],[7418559.6200000001,5538918.0500000007],[7418557.9699999997,5538903.9299999997],[7418558.0899999999,5538886.7799999993],[7418561.3099999996,5538856.3399999999],[7418562.5700000003,5538829.6600000001],[7418541.5499999998,5538825.4600000009],[7418515.8799999999,5538820.3100000005],[7418495.8399999999,5538815.4600000009],[7418472.9100000001,5538810.2300000004],[7418458.8499999996,5538807.0299999993],[7418451.0099999998,5538805.1500000004],[7418425.7599999998,5538799.0999999996],[7418415.0099999998,5538796.8800000008],[7418416.7699999996,5538766.9800000004],[7418418.0199999996,5538736.6699999999],[7418402.7800000003,5538733.6400000006],[7418405.5800000001,5538702.0800000001],[7418407.7800000003,5538686.1799999997],[7418408.4000000004,5538664.1799999997],[7418425.9800000004,5538662.9399999995],[7418440.0199999996,5538662.3699999992],[7418443.1600000001,5538662.1999999993],[7418448.8899999997,5538661.8699999992],[7418448.0899999999,5538645.0199999996],[7418447.54,5538631.0899999999],[7418446.7599999998,5538618.6300000008],[7418447.9800000004,5538603.9800000004],[7418449.1500000004,5538597.8000000007],[7418450.8499999996,5538591.3000000007],[7418451.7599999998,5538583.8699999992],[7418452.8399999999,5538578.5399999991],[7418454.1299999999,5538575.7699999996],[7418452.4000000004,5538563.1300000008],[7418453.0800000001,5538552.25],[7418452.6299999999,5538549.5800000001],[7418450.8700000001,5538539.1699999999],[7418452.3700000001,5538526.5],[7418454.2599999998,5538513.7300000004],[7418453.1100000003,5538505.5700000003],[7418451.2599999998,5538492.4700000007],[7418451.0099999998,5538489.1899999995],[7418450.75,5538485.6099999994],[7418450.5499999998,5538482.8800000008],[7418450.3799999999,5538477.4800000004],[7418449.7800000003,5538458.9399999995],[7418448.4100000001,5538434.0700000003],[7418434.1500000004,5538426.2599999998],[7418420.7000000002,5538420.1600000001],[7418411.9299999997,5538416.1600000001],[7418401.0999999996,5538411.2200000007],[7418393.9500000002,5538406.5299999993],[7418383.5700000003,5538400.4600000009],[7418371.4299999997,5538394.6699999999],[7418362.0899999999,5538390.9900000002],[7418348.4199999999,5538387.1899999995],[7418335.71,5538383.1300000008],[7418324.8700000001,5538379.6699999999],[7418324.0899999999,5538379.3499999996],[7418311.7300000004,5538374.2799999993],[7418303.3300000001,5538373.6699999999],[7418291.3399999999,5538367.7200000007],[7418283.2599999998,5538363.0999999996],[7418296.4900000002,5538350.3599999994],[7418307.4900000002,5538341.0099999998],[7418315.8600000003,5538333.5500000007],[7418325.2000000002,5538326.6300000008],[7418334.2699999996,5538320.9600000009],[7418342.0599999996,5538316.25],[7418346.4900000002,5538313.5800000001],[7418352.2999999998,5538309.3399999999],[7418367.2599999998,5538296.2599999998],[7418387.71,5538279.6300000008],[7418403.3200000003,5538271.1199999992],[7418422.75,5538259.0099999998],[7418432.8899999997,5538254.2799999993],[7418450.9100000001,5538247.4600000009],[7418461.8700000001,5538243.8300000001],[7418471.1699999999,5538239.9700000007],[7418479.6399999997,5538238.3399999999],[7418502.8899999997,5538233.7699999996],[7418510.8799999999,5538231.4800000004],[7418519.2000000002,5538231.5899999999],[7418527.1100000003,5538230.6699999999],[7418528.3799999999,5538230.5199999996],[7418538.6299999999,5538228.8699999992],[7418544.0499999998,5538226.8900000006],[7418553.8200000003,5538223.5999999996],[7418562.5899999999,5538221.0500000007],[7418569.9699999997,5538218.9299999997],[7418572.54,5538218.1799999997],[7418580.4199999999,5538216.5099999998],[7418592.54,5538215.8800000008],[7418600.7800000003,5538215.8900000006],[7418606.4800000004,5538215.8900000006],[7418620.9299999997,5538214.2400000002],[7418631.1600000001,5538212.7899999991],[7418639.4100000001,5538211.7899999991],[7418660.9100000001,5538209.9199999999],[7418676.0099999998,5538208.1300000008],[7418694.9100000001,5538206.7799999993],[7418699.9100000001,5538206.3300000001],[7418712.5999999996,5538205.1500000004],[7418720.6900000004,5538204.7300000004],[7418727.0899999999,5538204.4000000004],[7418734.7000000002,5538204.8900000006],[7418743.8899999997,5538205.4700000007],[7418744.8899999997,5538205.5299999993],[7418758.0899999999,5538204.6400000006],[7418767.7999999998,5538200.6699999999],[7418769.4000000004,5538200.0099999998],[7418769.6399999997,5538199.9399999995],[7418780.9000000004,5538196.6699999999],[7418782.9400000004,5538191.8300000001],[7418786.0199999996,5538184.3599999994],[7418791.5599999996,5538167.7599999998],[7418798.5199999996,5538145.7300000004],[7418804.7400000002,5538127.25],[7418806.6500000004,5538121.5600000005],[7418809.9699999997,5538109.8599999994],[7418816.2000000002,5538090.0800000001],[7418820.3399999999,5538079.9499999993],[7418820.7800000003,5538078.8900000006],[7418824.7699999996,5538067.9299999997],[7418833.4299999997,5538052.5899999999],[7418837.6100000003,5538042.4299999997],[7418841.75,5538031.5399999991],[7418843.2999999998,5538030.3100000005],[7418853.9800000004,5538011.3399999999],[7418856.1299999999,5538007.5099999998],[7418860.0899999999,5537993.3399999999],[7418860.8300000001,5537990.6799999997],[7418866.4100000001,5537978.0399999991],[7418868.0700000003,5537973.1500000004],[7418872.4100000001,5537968.9299999997],[7418880.2599999998,5537960.5500000007],[7418889.6699999999,5537950.4900000002],[7418903.1900000004,5537938.4700000007],[7418919.8899999997,5537924.5800000001],[7418927.6100000003,5537919.3200000003],[7418942.0800000001,5537910.8399999999],[7418952.9100000001,5537904.5600000005],[7418960.9800000004,5537899.1500000004],[7418990.2400000002,5537889.2899999991],[7419005.9199999999,5537885.5399999991],[7419025.7000000002,5537885.0600000005],[7419043.6100000003,5537880.4499999993],[7419059.2000000002,5537879.3300000001],[7419078.9100000001,5537880.3399999999],[7419087.2400000002,5537882.5999999996],[7419096.9199999999,5537883.3000000007],[7419103.8099999996,5537882.3399999999],[7419119.3799999999,5537882.8000000007],[7419132.2199999997,5537879.9700000007],[7419135.7699999996,5537879.1999999993],[7419148.7800000003,5537877.1099999994],[7419148.79,5537872.75],[7419148.9000000004,5537869.4900000002],[7419151.8899999997,5537866.6500000004],[7419157.4000000004,5537863.4499999993],[7419164.9400000004,5537859.7300000004],[7419183.6600000001,5537856.1099999994],[7419223.7300000004,5537849.4299999997],[7419243.0499999998,5537849.9000000004],[7419251.5499999998,5537850.3699999992],[7419253.5800000001,5537850.8300000001],[7419261.3499999996,5537852.4700000007],[7419292.4100000001,5537853.6699999999],[7419318.6900000004,5537854.0800000001],[7419341.6900000004,5537855.2100000009],[7419349.5199999996,5537855.1600000001],[7419375.3700000001,5537856.2599999998],[7419401.4000000004,5537857.3300000001],[7419410.9000000004,5537857.5099999998],[7419423.8300000001,5537857.3499999996],[7419440.3600000003,5537856.6600000001],[7419454.8700000001,5537856.2300000004],[7419478.3700000001,5537853.2799999993],[7419480.4199999999,5537852.9499999993],[7419497.6600000001,5537851.2799999993],[7419523.1900000004,5537846.2799999993],[7419527.9299999997,5537847.5299999993],[7419537.54,5537847.9299999997],[7419559.5,5537846.5399999991],[7419573.7199999997,5537846.6999999993],[7419580.9100000001,5537846.7799999993],[7419619.8099999996,5537847.3300000001],[7419620.79,5537862.4399999995],[7419621.4500000002,5537875],[7419621.7199999997,5537880.0299999993],[7419622.6399999997,5537895.4399999995],[7419624.3200000003,5537923.7899999991],[7419632.71,5537949.8200000003],[7419637.6200000001,5537972.4100000001],[7419639.0899999999,5537978.7300000004],[7419641.9800000004,5538013.1099999994],[7419643.5899999999,5538032.0999999996],[7419643.7400000002,5538033.9199999999],[7419644.7400000002,5538040.5999999996],[7419643.1200000001,5538049.5099999998],[7419640.6200000001,5538065.2200000007],[7419641.3700000001,5538073.3599999994],[7419641.7000000002,5538079.6999999993],[7419644.5999999996,5538085.0899999999],[7419644.8600000003,5538087.1400000006],[7419646.6200000001,5538090.7200000007],[7419646.3499999996,5538097.3399999999],[7419650.5099999998,5538103.0999999996],[7419651.9800000004,5538105.5999999996],[7419655.9900000002,5538112.4000000004],[7419656.1200000001,5538115.6999999993],[7419656.04,5538117.1199999992],[7419657.7999999998,5538126.4499999993],[7419662.04,5538129.9000000004],[7419662.9800000004,5538135.5099999998],[7419666.3399999999,5538138.3200000003],[7419669.2699999996,5538144.3300000001],[7419673.5499999998,5538149.5999999996],[7419675.8399999999,5538154.6600000001],[7419677.4400000004,5538156.7100000009],[7419680.4699999997,5538159.4499999993],[7419682.29,5538162.75],[7419685.2199999997,5538164.7699999996],[7419687.7199999997,5538168.1600000001],[7419691.0199999996,5538169.2400000002],[7419693.1299999999,5538172.5],[7419695.54,5538174.3599999994],[7419697.8300000001,5538177.9499999993],[7419700.4000000004,5538180.0199999996],[7419701.8600000003,5538180.6999999993],[7419705.2400000002,5538183.9700000007],[7419708,5538184.9900000002],[7419712.4199999999,5538189.5800000001],[7419718.6900000004,5538193.3599999994],[7419722.7999999998,5538197.4100000001],[7419723.8499999996,5538197.7799999993],[7419727.1799999997,5538199.5299999993],[7419732.2400000002,5538203.3300000001],[7419736.7000000002,5538206.1099999994],[7419740.0999999996,5538209.2200000007],[7419744.3300000001,5538207.4800000004],[7419748.1100000003,5538209.25],[7419752.4900000002,5538207.4900000002],[7419756.2199999997,5538211],[7419761.5700000003,5538208.5399999991],[7419764.2599999998,5538212.2200000007],[7419766.3799999999,5538212.6099999994],[7419769.5800000001,5538213.1999999993],[7419772.71,5538214.1799999997],[7419774.0700000003,5538214.2200000007],[7419776.6299999999,5538216.9199999999],[7419779.8499999996,5538217.4800000004],[7419779.3099999996,5538220.8599999994],[7419781.79,5538221.6699999999],[7419785.4299999997,5538222.2699999996],[7419786.6200000001,5538219.8599999994],[7419790.4199999999,5538220.7400000002],[7419793.6600000001,5538219.2799999993],[7419799.6200000001,5538221.9199999999],[7419801.8499999996,5538221.1099999994],[7419805.6799999997,5538223.5700000003],[7419806.5499999998,5538224.3100000005],[7419809.3600000003,5538225.9199999999],[7419811.9000000004,5538228.6400000006],[7419815.5199999996,5538229.4399999995],[7419819.5800000001,5538230.3800000008],[7419822.5499999998,5538232.3599999994],[7419823.4299999997,5538234.9499999993],[7419826.75,5538236.3599999994],[7419829.9199999999,5538239.1899999995],[7419826.0800000001,5538241.0099999998],[7419828.5199999996,5538243.0299999993],[7419830.0700000003,5538246.6799999997],[7419831.0499999998,5538250.0299999993],[7419829.9800000004,5538251.9499999993],[7419831.5700000003,5538253.4499999993],[7419831.0700000003,5538256.2899999991],[7419834.9100000001,5538258.5800000001],[7419835.3600000003,5538262.2799999993],[7419836.2999999998,5538263.0299999993],[7419836.8200000003,5538266.2699999996],[7419839.2400000002,5538268.8100000005],[7419841.1200000001,5538273.5],[7419845.7999999998,5538274.7300000004],[7419848.04,5538276.4900000002],[7419849.8700000001,5538278.1799999997],[7419854.1799999997,5538279.9700000007],[7419854.5999999996,5538285.1500000004],[7419858.4299999997,5538285.1799999997],[7419858.9199999999,5538287.5099999998],[7419860.96,5538287.6999999993],[7419863.7400000002,5538287.6899999995],[7419865.2800000003,5538290.1799999997],[7419866.29,5538293.1199999992],[7419868.3300000001,5538296.5399999991],[7419870,5538298.2799999993],[7419868.7999999998,5538301.8100000005],[7419872.9100000001,5538303.6799999997],[7419878.7300000004,5538308.9399999995],[7419881.7400000002,5538307.25],[7419887.3499999996,5538310.1799999997],[7419890.6500000004,5538310.6099999994],[7419891.8700000001,5538314.2599999998],[7419896.5199999996,5538313.3399999999],[7419898.4000000004,5538316.9199999999],[7419910.8399999999,5538324.0899999999],[7419916.96,5538327.2699999996],[7419925.0599999996,5538327.3499999996],[7419932.5999999996,5538333.9199999999],[7419939.2599999998,5538334.6799999997],[7419946.5700000003,5538338.2899999991],[7419952.7000000002,5538337.2799999993],[7419957.04,5538340.3499999996],[7419961.1799999997,5538340.9000000004],[7419965.0199999996,5538344.3300000001],[7419971.0300000003,5538342.7599999998],[7419977.29,5538340.8499999996],[7419977.9199999999,5538344.9600000009],[7419981.4500000002,5538345.5600000005],[7419982.9299999997,5538347.3699999992],[7419984.2300000004,5538350.0500000007],[7419987.8200000003,5538351.4900000002],[7419994.5700000003,5538353.2200000007],[7420000.6799999997,5538355.7899999991],[7420004.8099999996,5538359.7599999998],[7420006.1500000004,5538364.3599999994],[7420009.7400000002,5538367.5899999999],[7420011.1200000001,5538372.9600000009],[7420014,5538377.3499999996],[7420011.8399999999,5538382.0700000003],[7420016.9100000001,5538381.5800000001],[7420016.6799999997,5538390.6199999992],[7420019.5899999999,5538404.2899999991],[7420018.71,5538409.6600000001],[7420027.1600000001,5538416.9000000004],[7420034.1799999997,5538424.7599999998],[7420050.0599999996,5538432.3100000005],[7420051.0800000001,5538437.3000000007],[7420052.2999999998,5538441.3900000006],[7420057.4699999997,5538446.8499999996],[7420059.6299999999,5538450.0600000005],[7420059.7300000004,5538456.9299999997],[7420059.6699999999,5538458.1799999997],[7420060.7199999997,5538465.4800000004],[7420057.4800000004,5538467.8000000007],[7420058.5899999999,5538472.2100000009],[7420057.4699999997,5538473.9399999995],[7420056.3899999997,5538476.0700000003],[7420055.5700000003,5538483.4000000004],[7420052.7000000002,5538486.3300000001],[7420049.9299999997,5538492.0700000003],[7420043.7800000003,5538497.4399999995],[7420044.4199999999,5538500.1300000008],[7420040.6100000003,5538500.9000000004],[7420042.7400000002,5538507.5199999996],[7420040.4500000002,5538513.5399999991],[7420041.8799999999,5538518.3000000007],[7420042.8200000003,5538522.9600000009],[7420043.1100000003,5538526.5],[7420041.2400000002,5538532.0999999996],[7420043.75,5538534.0600000005],[7420046.2199999997,5538536],[7420051.0300000003,5538539.7599999998],[7420050.5700000003,5538542.0199999996],[7420049.5999999996,5538544.0899999999],[7420052.5599999996,5538544.6099999994],[7420047.8399999999,5538549.8699999992],[7420044.1799999997,5538554.2200000007],[7420045.6699999999,5538557.0500000007],[7420043.1299999999,5538558.5600000005],[7420039.96,5538560.6300000008],[7420039.5999999996,5538563.4800000004],[7420039.2599999998,5538565.4499999993],[7420044.1900000004,5538565.5600000005],[7420043.8099999996,5538570.4700000007],[7420046.2300000004,5538572.1899999995],[7420048.3700000001,5538573.5999999996],[7420049.8300000001,5538575.1999999993],[7420055.75,5538576.1600000001],[7420060.7599999998,5538577.0299999993],[7420059.6699999999,5538578.9000000004],[7420059.2300000004,5538580.1899999995],[7420060.9199999999,5538582.1999999993],[7420062.4400000004,5538585.6999999993],[7420060.7699999996,5538589.5099999998],[7420061.1900000004,5538590.8000000007],[7420061.9699999997,5538593.6400000006],[7420060.1200000001,5538595.8499999996],[7420060.9199999999,5538597.1500000004],[7420061.2699999996,5538598.2899999991],[7420062.1600000001,5538600.5500000007],[7420062.4299999997,5538603.3200000003],[7420062.46,5538605.8399999999],[7420067.3799999999,5538607.3599999994],[7420069.2400000002,5538608.9299999997],[7420073.9800000004,5538612.6199999992],[7420077.71,5538615.0099999998],[7420081.8799999999,5538614.7699999996],[7420084.5999999996,5538615.0600000005],[7420087.0800000001,5538615.8900000006],[7420089.3399999999,5538617.4800000004],[7420091.1500000004,5538615.9800000004],[7420094.96,5538619.1400000006],[7420099.0700000003,5538621.8100000005],[7420103.6200000001,5538622.8399999999],[7420105.5199999996,5538623.7899999991],[7420107.4199999999,5538626.9600000009],[7420110.6600000001,5538629.3599999994],[7420108.9400000004,5538632.0299999993],[7420104.0300000003,5538642.5600000005],[7420100.46,5538641.4700000007],[7420100.1799999997,5538645.9100000001],[7420104.1799999997,5538651.0299999993],[7420103.0099999998,5538653.5800000001],[7420103.75,5538654.2100000009],[7420105.4699999997,5538655.6699999999],[7420105.3300000001,5538658.3000000007],[7420108.1500000004,5538659.5600000005],[7420116.29,5538663.2699999996],[7420120.3700000001,5538661.2300000004],[7420122.9000000004,5538663.7899999991],[7420125.1799999997,5538665.2699999996],[7420122.9400000004,5538670.7300000004],[7420127.4199999999,5538674.6699999999],[7420129.8200000003,5538676.4600000009],[7420130.8300000001,5538678.4000000004],[7420128.8399999999,5538683.8599999994],[7420128.8799999999,5538687.2799999993],[7420135.8799999999,5538690.6199999992],[7420138.9800000004,5538693.5099999998],[7420139.1200000001,5538696.4100000001],[7420140.2300000004,5538699.7400000002],[7420144.8799999999,5538697.0899999999],[7420147.3300000001,5538698.3399999999],[7420150.0999999996,5538697.7300000004],[7420150.8300000001,5538702.0800000001],[7420155.6900000004,5538704.1899999995],[7420158.4100000001,5538711.5999999996],[7420170.9800000004,5538703.7400000002],[7420172.9500000002,5538709.5399999991],[7420177.25,5538711.9299999997],[7420178.96,5538717.8000000007],[7420184.8600000003,5538717.9600000009],[7420186.1200000001,5538715.4700000007],[7420191.25,5538716.3900000006],[7420195.2800000003,5538715.7300000004],[7420195.2699999996,5538718.1899999995],[7420196.7599999998,5538719.5500000007],[7420196.0700000003,5538721.9700000007],[7420197.3600000003,5538723.5999999996],[7420197.5700000003,5538725.3200000003],[7420199.0099999998,5538726.4499999993],[7420198.9800000004,5538729.5099999998],[7420199.5499999998,5538730.0700000003],[7420200.0499999998,5538731.2599999998],[7420200.2400000002,5538733.4000000004],[7420201.0300000003,5538735.0600000005],[7420201.6799999997,5538736.7899999991],[7420202.3300000001,5538738.0700000003],[7420202.54,5538742.2400000002],[7420201.3899999997,5538745.5399999991],[7420200.54,5538747.9100000001],[7420203.3899999997,5538750.0800000001],[7420201.2300000004,5538752.5700000003],[7420202.5800000001,5538756.0600000005],[7420201.46,5538757.3499999996],[7420202.5499999998,5538758.6999999993],[7420201.75,5538760.5700000003],[7420202.1900000004,5538763.2100000009],[7420201.0099999998,5538764.0700000003],[7420201.9500000002,5538765.5700000003],[7420201.5599999996,5538768.5],[7420203.5300000003,5538769.5899999999],[7420203.0800000001,5538772.0199999996],[7420205.2300000004,5538772.5700000003],[7420204.29,5538774.6400000006],[7420205.0599999996,5538776.7899999991],[7420203.8899999997,5538777.9700000007],[7420203.6299999999,5538780.0600000005],[7420201.8300000001,5538781.3000000007],[7420202.3099999996,5538783.2599999998],[7420200.4500000002,5538784.2899999991],[7420201.0800000001,5538787.1199999992],[7420199.3799999999,5538788.5999999996],[7420199.0999999996,5538791.3599999994],[7420196.3499999996,5538794.9299999997],[7420197.6399999997,5538798.4700000007],[7420197.5599999996,5538800.4299999997],[7420199.3399999999,5538800.5399999991],[7420199.3099999996,5538803.1500000004],[7420200.6699999999,5538804.5199999996],[7420202.3399999999,5538807.1500000004],[7420201.6100000003,5538809.0099999998],[7420199.79,5538809.8200000003],[7420201.7599999998,5538813.2799999993],[7420201.0199999996,5538817.6899999995],[7420202.5199999996,5538820.5199999996],[7420202.75,5538823.2599999998],[7420203.6900000004,5538823.3100000005],[7420206.6600000001,5538824.4399999995],[7420208.3700000001,5538828.5899999999],[7420207.29,5538830.5],[7420206.1299999999,5538832.5399999991],[7420199.9900000002,5538832.75],[7420210.5599999996,5538897.5700000003],[7420211.9299999997,5538904.6099999994],[7420220.8399999999,5538914.3599999994],[7420222.6200000001,5538919.3000000007],[7420231.4500000002,5538945.8499999996],[7420236.8899999997,5538957.3100000005],[7420243.54,5538968.0299999993],[7420249.8899999997,5538978.2300000004],[7420257.8799999999,5538990.2400000002],[7420263.8899999997,5538999.2400000002],[7420264.6699999999,5539000.4100000001],[7420281.0099999998,5539029.0399999991],[7420290.7999999998,5539053.9700000007],[7420295.1399999997,5539053.8000000007],[7420297.9400000004,5539058.6999999993],[7420298.5800000001,5539059.8499999996],[7420310.8200000003,5539088.9199999999],[7420315.5700000003,5539130.3399999999],[7420315.8300000001,5539138.3599999994],[7420314.9500000002,5539146.25],[7420316.96,5539158.4700000007],[7420315.2599999998,5539157.2100000009],[7420311.7999999998,5539156],[7420307.9800000004,5539154.9100000001],[7420304.2400000002,5539154.2599999998],[7420289.2800000003,5539152.6199999992],[7420224.8300000001,5539148.1999999993],[7420220.8399999999,5539147.9199999999],[7420193.4400000004,5539145.9600000009],[7420180.1200000001,5539144.2899999991],[7420138.8499999996,5539139.0999999996],[7420129.2800000003,5539137.8300000001],[7420130.8200000003,5539139.0999999996],[7420131.7400000002,5539140.8599999994],[7420134.9000000004,5539157.3599999994],[7420138,5539173.9700000007],[7420138.2199999997,5539178.5099999998],[7420138.2300000004,5539182.9600000009],[7420137.9900000002,5539188.8900000006],[7420137.5499999998,5539193.1899999995],[7420136.6500000004,5539199.1699999999],[7420133.2800000003,5539218.8000000007],[7420130.4699999997,5539229.1699999999],[7420130.1200000001,5539231.6400000006],[7420129.8300000001,5539234.1699999999],[7420130.5,5539253.2599999998],[7420131.1699999999,5539265.6400000006],[7420131.2199999997,5539273.8699999992],[7420130.7599999998,5539281.3699999992],[7420129.4000000004,5539287.6899999995],[7420127.1200000001,5539293.5800000001],[7420124.9699999997,5539295.9700000007],[7420120.9299999997,5539299.0899999999],[7420117.54,5539300.8399999999],[7420114.3700000001,5539301.9000000004],[7420100.3899999997,5539305.1999999993],[7420097.6699999999,5539307.4299999997],[7420096.3600000003,5539309.8499999996],[7420095.9400000004,5539312.3100000005],[7420095.9299999997,5539315.3900000006],[7420102.4299999997,5539339.9199999999],[7420105.54,5539349.1799999997],[7420108.2199999997,5539355.8699999992],[7420129.71,5539396.4100000001],[7420136.3899999997,5539408.1199999992],[7420148.1399999997,5539427.3100000005],[7420157.5899999999,5539443.8699999992],[7420165.4000000004,5539459.3699999992],[7420172.9199999999,5539473.7699999996],[7420175.2300000004,5539479.0500000007],[7420176.9400000004,5539482.9600000009],[7420177.3700000001,5539485.8699999992],[7420181.5300000003,5539494.0199999996],[7420184.5999999996,5539512.1099999994],[7420188.6399999997,5539512.3900000006],[7420193.1399999997,5539525.0800000001],[7420234.75,5539527.4499999993],[7420267.5300000003,5539529.3200000003],[7420319.0300000003,5539533.5800000001],[7420385.2699999996,5539540.6400000006],[7420446.1900000004,5539543.9199999999],[7420474.04,5539544.5299999993],[7420486.8499999996,5539544.8100000005],[7420533.2599999998,5539544.8300000001],[7420534.8600000003,5539544.8300000001],[7420536.1900000004,5539544.8300000001],[7420536.1100000003,5539540.8399999999],[7420537.7000000002,5539540.9700000007],[7420579.4199999999,5539544.7799999993],[7420614.2400000002,5539548.2799999993],[7420616.75,5539549.0600000005],[7420632.6799999997,5539554.0299999993],[7420627.9900000002,5539566.2300000004],[7420624.3300000001,5539573.0299999993],[7420622.5700000003,5539576.3000000007],[7420613.8300000001,5539592.6799999997],[7420611.6100000003,5539601.7599999998],[7420610.2000000002,5539605.4700000007],[7420606.5700000003,5539616.0199999996],[7420604.8600000003,5539622.7899999991],[7420604.1200000001,5539626.7899999991],[7420603.6100000003,5539633.4600000009],[7420603.3700000001,5539638.3800000008],[7420603.8600000003,5539642.2699999996],[7420605.1100000003,5539647.9900000002],[7420605.6799999997,5539651.4000000004],[7420605.7800000003,5539653.3499999996],[7420605.5099999998,5539656.4199999999],[7420605.46,5539660.0800000001],[7420605.3799999999,5539665.3800000008],[7420605.4900000002,5539669.6699999999],[7420606.21,5539673.7899999991],[7420607.8399999999,5539679.3399999999],[7420615.04,5539706.0700000003],[7420617.2999999998,5539713.6899999995],[7420618.2400000002,5539716.7100000009],[7420619.5700000003,5539721.4199999999],[7420619.5499999998,5539722.3300000001],[7420619.5099999998,5539723.9900000002],[7420619.29,5539725.4299999997],[7420618.6399999997,5539726.9700000007],[7420617.6699999999,5539728.5800000001],[7420616.3200000003,5539729.9299999997],[7420614.5599999996,5539731.1300000008],[7420613.3200000003,5539731.6899999995],[7420612.3200000003,5539731.9700000007],[7420611.2999999998,5539732.1400000006],[7420610.1399999997,5539732.4700000007],[7420608.9400000004,5539732.8399999999],[7420607.4900000002,5539733.6899999995],[7420605.7199999997,5539735.4299999997],[7420603.3799999999,5539738.4600000009],[7420601.9299999997,5539739.7599999998],[7420600.4299999997,5539740.5800000001],[7420598.75,5539741.0199999996],[7420597.1900000004,5539741.6600000001],[7420595.1299999999,5539742.6099999994],[7420593.75,5539743.8499999996],[7420592.8799999999,5539745.9700000007],[7420590.8499999996,5539751.1899999995],[7420590.3799999999,5539753.4900000002],[7420589.71,5539754.9499999993],[7420588.0800000001,5539756.4399999995],[7420586.4500000002,5539758.6400000006],[7420584.8499999996,5539760.6699999999],[7420582.4699999997,5539762.5500000007],[7420578.8300000001,5539764.0299999993],[7420577.4199999999,5539765.1999999993],[7420575.7400000002,5539767.5899999999],[7420574.9000000004,5539770.8900000006],[7420574.4199999999,5539773.0700000003],[7420573.6500000004,5539774.7899999991],[7420571.7199999997,5539777.1600000001],[7420565.2999999998,5539782.7100000009],[7420562.9100000001,5539784.4399999995],[7420559.2300000004,5539785.7100000009],[7420557.1600000001,5539785.7599999998],[7420555.2199999997,5539786.3699999992],[7420553.9299999997,5539786.7599999998],[7420551.2800000003,5539788.0500000007],[7420548.2400000002,5539788.8599999994],[7420546.5800000001,5539789.5299999993],[7420544.9699999997,5539791.9499999993],[7420543.29,5539794.5800000001],[7420542.8399999999,5539796.5500000007],[7420542.1200000001,5539801.3100000005],[7420542.1299999999,5539803.9800000004],[7420541.8399999999,5539811.7100000009],[7420542.2999999998,5539813.9299999997],[7420542.75,5539818],[7420542.5800000001,5539820.1999999993],[7420542.54,5539822.3200000003],[7420542.5099999998,5539824.8499999996],[7420542.71,5539827.1799999997],[7420543.0999999996,5539827.6999999993],[7420543.6100000003,5539829.1400000006],[7420543.9699999997,5539832.0099999998],[7420544.1299999999,5539834.4299999997],[7420542.4800000004,5539837.5800000001],[7420541.6600000001,5539839.1199999992],[7420541.2999999998,5539842.6799999997],[7420541.0499999998,5539846.1400000006],[7420541.6699999999,5539847.7100000009],[7420542.5599999996,5539850.0199999996],[7420542.79,5539856.6899999995],[7420542.3799999999,5539859.5999999996],[7420541.1299999999,5539862.5600000005],[7420541.3099999996,5539865.3200000003],[7420541.7699999996,5539867.3499999996],[7420541.9699999997,5539869.5399999991],[7420542.1900000004,5539872.6999999993],[7420542.0899999999,5539876.1999999993],[7420542.04,5539879.4000000004],[7420541.6399999997,5539881.6899999995],[7420541.21,5539883.2200000007],[7420540.5499999998,5539885.9199999999],[7420540.1200000001,5539894.0899999999],[7420540,5539896.3800000008],[7420535.1500000004,5539896.8100000005],[7420529.3499999996,5539897.1400000006],[7420528.1399999997,5539897.2100000009],[7420522.5499999998,5539897.2899999991],[7420522.8399999999,5539893.7100000009],[7420522.9299999997,5539890.7699999996],[7420523.0199999996,5539887.1300000008],[7420516.8899999997,5539888.5500000007],[7420511.6900000004,5539895.6500000004],[7420508.1200000001,5539897.2599999998],[7420506.4000000004,5539896.8300000001],[7420504.9699999997,5539896.8699999992],[7420504.1699999999,5539898.0399999991],[7420501.2300000004,5539900.7400000002],[7420499.4699999997,5539902.1999999993],[7420496.6299999999,5539905.9100000001],[7420494.6900000004,5539907.4199999999],[7420490.9400000004,5539908.5399999991],[7420486.1299999999,5539908.2300000004],[7420483.1799999997,5539908.9399999995],[7420479.8799999999,5539909.7799999993],[7420477.7000000002,5539910.75],[7420475.9400000004,5539912.5199999996],[7420473.71,5539914.1199999992],[7420472.4400000004,5539914.5199999996],[7420467.2300000004,5539916.5],[7420462.8499999996,5539917.3900000006],[7420459.3600000003,5539918.8200000003],[7420454.9900000002,5539921.6400000006],[7420448.2300000004,5539925.1199999992],[7420443.0199999996,5539928.1600000001],[7420437.4000000004,5539931.1300000008],[7420435.6399999997,5539932.4600000009],[7420434.6399999997,5539933.2300000004],[7420431.9299999997,5539934.4199999999],[7420429.3499999996,5539934.7899999991],[7420426.9299999997,5539935.5500000007],[7420424.6900000004,5539937.0299999993],[7420423.1200000001,5539938.7200000007],[7420421.96,5539940.4499999993],[7420420.7999999998,5539942.7699999996],[7420418.9900000002,5539943.3200000003],[7420419.6799999997,5539947.3900000006],[7420420.1500000004,5539950.0500000007],[7420420.1399999997,5539954.3599999994],[7420420.1399999997,5539955.8200000003],[7420420.9100000001,5539958.8800000008],[7420421.1399999997,5539963.1999999993],[7420421.1500000004,5539965.5800000001],[7420420.7199999997,5539967.3100000005],[7420420.1299999999,5539968.5700000003],[7420419.3099999996,5539969.9499999993],[7420417.9400000004,5539971.9199999999],[7420417.0899999999,5539973.9499999993],[7420416.1100000003,5539976.4399999995],[7420414.96,5539978.9900000002],[7420414.25,5539980.6799999997],[7420413.79,5539982.1899999995],[7420413.7300000004,5539983.6199999992],[7420413.6799999997,5539985.2699999996],[7420413.5800000001,5539986.8100000005],[7420413.1900000004,5539987.7899999991],[7420412.5800000001,5539988.3200000003],[7420411.8600000003,5539988.5600000005],[7420410.7699999996,5539988.5],[7420409.2000000002,5539987.8499999996],[7420407.6900000004,5539988.5500000007],[7420406.4800000004,5539989.0399999991],[7420405.3899999997,5539990.0399999991],[7420403.7699999996,5539991.6199999992],[7420403.9100000001,5539992.0099999998],[7420404.6699999999,5539994.1400000006],[7420405.9699999997,5539996.25],[7420406.3700000001,5539998.8800000008],[7420407.3099999996,5540004.9000000004],[7420408,5540010.2599999998],[7420410.0999999996,5540026.5],[7420413.9699999997,5540056.3499999996],[7420417.3200000003,5540085.1600000001],[7420419.2699999996,5540100.0399999991],[7420420.71,5540110.7300000004],[7420424.6399999997,5540139.8000000007],[7420424.5099999998,5540141.7899999991],[7420427.2000000002,5540152.5399999991],[7420467.8200000003,5540156.0600000005],[7420518.8300000001,5540160.4800000004],[7420536.71,5540158.1699999999],[7420553.8200000003,5540159.0199999996],[7420591.2000000002,5540154.5],[7420595.1299999999,5540154.9100000001],[7420607.7999999998,5540173.5800000001],[7420612.8700000001,5540193.8900000006],[7420621.1100000003,5540219.5800000001],[7420634.8099999996,5540254.5500000007],[7420645.21,5540269.4700000007],[7420646.2400000002,5540270.2699999996],[7420664.2000000002,5540296.9399999995],[7420680.3899999997,5540323.8000000007],[7420681.1500000004,5540325.7100000009],[7420683.0800000001,5540328.4100000001],[7420697.5300000003,5540348.5299999993],[7420705.1299999999,5540358.9900000002],[7420720.3499999996,5540376.6300000008],[7420720.8600000003,5540377.1600000001],[7420738.9299999997,5540397.6999999993],[7420754.8399999999,5540421.1600000001],[7420764.3899999997,5540436.2899999991],[7420772.2699999996,5540448.7899999991],[7420779.9000000004,5540462.2400000002],[7420788.6500000004,5540482.7200000007],[7420799.0099999998,5540509.75],[7420799.9400000004,5540511.4399999995],[7420815.2999999998,5540551.5299999993],[7420821.2999999998,5540578.5199999996],[7420816.6500000004,5540598.0899999999],[7420819.7800000003,5540593.1899999995],[7420829.2599999998,5540579.9199999999],[7420832.7199999997,5540575.1300000008],[7420835.8700000001,5540570.75],[7420827.29,5540594.0199999996],[7420805.3700000001,5540691.25],[7420799.8200000003,5540711.6199999992],[7420787.8799999999,5540769.2400000002],[7420786.6500000004,5540772.6999999993],[7420785.0599999996,5540777.1699999999],[7420779.9199999999,5540797.3599999994],[7420775.2300000004,5540817.4399999995],[7420706.8700000001,5540814.0999999996],[7420707.1200000001,5540891.7300000004],[7420707.4400000004,5540919.4100000001],[7420708.3399999999,5540963.7400000002],[7420708.8499999996,5540979.0099999998],[7420701,5540990.5999999996],[7420689.7699999996,5541004.4100000001],[7420685.6500000004,5541009.4800000004],[7420682.7599999998,5541013.0399999991],[7420657.9400000004,5541034.9299999997],[7420637.9100000001,5541053.9800000004],[7420611.3600000003,5541080.7599999998],[7420604.4100000001,5541087.4800000004],[7420572.4800000004,5541118.0899999999],[7420552.2599999998,5541137.3300000001],[7420526.1900000004,5541160.1600000001],[7420510.6100000003,5541174.8900000006],[7420495.2199999997,5541185.9600000009],[7420494.9400000004,5541184.2699999996],[7420480.3799999999,5541197.8000000007],[7420474.8700000001,5541203.9199999999],[7420469.2000000002,5541208.1799999997],[7420412.0700000003,5541261.2400000002],[7420398.0899999999,5541274.0099999998],[7420382.4000000004,5541286.2799999993],[7420365.9900000002,5541298.3200000003],[7420354.5700000003,5541304.4000000004],[7420344.6500000004,5541309.7799999993],[7420347.3399999999,5541321.8000000007],[7420348.8799999999,5541328.6999999993],[7420349.5099999998,5541333.3499999996],[7420379.2800000003,5541458.8200000003],[7420380.2999999998,5541463.1300000008],[7420392.3899999997,5541514.0899999999],[7420393.9199999999,5541520.5199999996],[7420406.8700000001,5541575.0700000003],[7420408.5,5541580.3200000003],[7420410.6200000001,5541590.0700000003],[7420417,5541619.2599999998],[7420421.3099999996,5541639.0800000001],[7420421.6399999997,5541643.6999999993],[7420422.04,5541649.5500000007],[7420422.9500000002,5541654.1899999995],[7420424.4299999997,5541668.3900000006],[7420425.8200000003,5541680.9499999993],[7420426.2000000002,5541685.0299999993],[7420426.9400000004,5541692.6999999993],[7420427.75,5541700.2100000009],[7420430.2699999996,5541723.6099999994],[7420432.96,5541752.5700000003],[7420438.0199999996,5541768.7100000009],[7420462.5499999998,5541772.2100000009],[7420484.8700000001,5541775.6099999994],[7420491.3799999999,5541776.5999999996],[7420510.3099999996,5541778.1899999995],[7420516.9100000001,5541778.7300000004],[7420529.1699999999,5541782.3900000006],[7420537.4299999997,5541787.8100000005],[7420545.9400000004,5541796.4399999995],[7420551.6600000001,5541804.5500000007],[7420552.3799999999,5541807.8000000007],[7420555.3700000001,5541821.2899999991],[7420559.4199999999,5541836.4700000007],[7420560.6200000001,5541841.0099999998],[7420565.9199999999,5541854.6799999997],[7420568.5999999996,5541858.1600000001],[7420571.4000000004,5541860.2400000002],[7420582.1799999997,5541864.2699999996],[7420587.8300000001,5541863.8699999992],[7420610.3700000001,5541862.25],[7420645.8899999997,5541858.3900000006],[7420650.5199999996,5541858.9800000004],[7420675.6600000001,5541856.7400000002],[7420680.0099999998,5541858.1799999997],[7420684.6699999999,5541860.8100000005],[7420689.9199999999,5541863.3100000005],[7420709.54,5541863.9800000004],[7420708.8300000001,5541859.1199999992],[7420711.2999999998,5541854.6099999994],[7420718.1699999999,5541853.7300000004],[7420733.5099999998,5541853.6899999995],[7420751.96,5541852.4199999999],[7420755.6200000001,5541852.1600000001],[7420759.9400000004,5541850.2599999998],[7420773.1600000001,5541849.1300000008],[7420775.3200000003,5541848.9800000004],[7420795.3499999996,5541847.3200000003],[7420797.1200000001,5541847.1400000006],[7420810.1799999997,5541846.0600000005],[7420816.9199999999,5541845.6999999993],[7420820.6900000004,5541845.4499999993],[7420830.7699999996,5541847.0800000001],[7420847.6600000001,5541840.4399999995],[7420864.0700000003,5541833.0700000003],[7420882.6600000001,5541821.9700000007],[7420894.7999999998,5541813.1899999995],[7420910.9000000004,5541801.4199999999],[7420919.0700000003,5541794.4000000004],[7420921.6500000004,5541793.3699999992],[7420932.6500000004,5541788.2100000009],[7420943.4299999997,5541783.4000000004],[7420962.7999999998,5541774.2300000004],[7420974.21,5541770.2899999991],[7420978.75,5541768.5999999996],[7421001.3399999999,5541758.4499999993],[7421050.5700000003,5541740.5399999991],[7421096.4500000002,5541734.3000000007],[7421103.7000000002,5541733.7100000009],[7421120.8499999996,5541732.3100000005],[7421145.0199999996,5541730.3499999996],[7421154.0199999996,5541729.6300000008],[7421171.0199999996,5541728.2200000007],[7421174.75,5541727.9000000004],[7421203.7800000003,5541725.4900000002],[7421268.5700000003,5541719.9000000004],[7421278.6299999999,5541720.1199999992],[7421305.3600000003,5541720.9399999995],[7421338.2699999996,5541721.8399999999],[7421344.8399999999,5541722.2300000004],[7421367.5700000003,5541725.4399999995],[7421377.1299999999,5541727.5899999999],[7421393.5999999996,5541731.3000000007],[7421425.0899999999,5541742.4700000007],[7421451.6699999999,5541756.2699999996],[7421479.0700000003,5541770.4800000004],[7421495.9699999997,5541780.5199999996],[7421515.54,5541794.7200000007],[7421523.3300000001,5541802.0199999996],[7421523.8099999996,5541802.4700000007],[7421528.6699999999,5541807.0299999993],[7421559.0499999998,5541836.0500000007],[7421563.0300000003,5541840.0299999993],[7421602.4500000002,5541879.5299999993],[7421620.9000000004,5541897.6699999999],[7421633.4800000004,5541910.0399999991],[7421638.2999999998,5541914.7699999996],[7421675.3899999997,5541951.4499999993],[7421689.9299999997,5541965.8300000001],[7421690.9199999999,5541966.8399999999],[7421683.7300000004,5541983.4199999999],[7421681.04,5541989.2699999996],[7421675.8700000001,5542000.4900000002],[7421664.8700000001,5542018.2699999996],[7421662.1399999997,5542027.2899999991],[7421662.0099999998,5542041.6699999999],[7421665.8399999999,5542057.9700000007],[7421679.0700000003,5542081.6400000006],[7421698.9900000002,5542110.2200000007],[7421716.8499999996,5542138.5199999996],[7421706.6699999999,5542142.5800000001],[7421703.7000000002,5542153.1899999995],[7421697.7599999998,5542179.1199999992],[7421699.0899999999,5542185.8100000005],[7421696.2199999997,5542187.1199999992],[7421697.4500000002,5542190.9399999995],[7421699.0599999996,5542193.5999999996],[7421704.5099999998,5542206.6999999993],[7421707.21,5542213.1699999999],[7421709.9000000004,5542219.6400000006],[7421712.5999999996,5542226.1199999992],[7421717.0099999998,5542236.7400000002],[7421718.4400000004,5542240.4399999995],[7421724.7300000004,5542258.2400000002],[7421728.8399999999,5542269.6500000004],[7421731.2199999997,5542276.2300000004],[7421740.3200000003,5542293.6199999992],[7421750.0999999996,5542313.9299999997],[7421756.4299999997,5542328.2300000004],[7421760.0099999998,5542336.0299999993],[7421762.9299999997,5542342.2400000002],[7421768.2199999997,5542353.4900000002],[7421771.3200000003,5542360.8200000003],[7421775.8399999999,5542375.1199999992],[7421781.6500000004,5542391.4700000007],[7421785.6500000004,5542402.4499999993],[7421787.3899999997,5542407.2400000002],[7421788.7599999998,5542411.0299999993],[7421792.1399999997,5542420.9700000007],[7421796.71,5542431.7599999998],[7421797.5,5542433.7699999996],[7421799.4400000004,5542437.1400000006],[7421804.9100000001,5542446.5600000005],[7421806.21,5542448.8100000005],[7421809.6600000001,5542455.6799999997],[7421814.1600000001,5542464.1300000008],[7421814.79,5542465.9700000007],[7421823.6699999999,5542476.3399999999],[7421826.7199999997,5542481.6199999992],[7421829,5542485.5600000005],[7421839.3899999997,5542501.6600000001],[7421841,5542503.6799999997],[7421847.1600000001,5542513.5600000005],[7421853.6799999997,5542523.3399999999],[7421862.5499999998,5542542.2100000009],[7421872.1600000001,5542562.6400000006],[7421876.5800000001,5542575.5],[7421881.0099999998,5542586.9399999995],[7421885.8600000003,5542601.8699999992],[7421886.5099999998,5542603.6400000006],[7421891.1900000004,5542616.4800000004],[7421898.3799999999,5542637.7899999991],[7421906.3099999996,5542655.2100000009],[7421913.3300000001,5542669.1199999992],[7421921.5499999998,5542703.2100000009],[7421923.2199999997,5542708.8900000006],[7421927.5700000003,5542725.1300000008],[7421929.7199999997,5542732.5099999998],[7421932.2300000004,5542745.2400000002],[7421932.7000000002,5542747.3399999999],[7421940.4000000004,5542762.3000000007],[7421946.6600000001,5542772],[7421952.3200000003,5542780.7899999991],[7421956.75,5542790.4600000009],[7421967.04,5542812.9399999995],[7421965.8499999996,5542817.2899999991],[7421969.6299999999,5542822.75],[7421988.1200000001,5542849.0399999991],[7421992.1699999999,5542858.4499999993],[7421995.8700000001,5542865.1099999994],[7421998.6600000001,5542870.4600000009],[7422006.1399999997,5542884.8200000003],[7422021.79,5542907.2300000004],[7422028.0899999999,5542915.1199999992],[7422040.1799999997,5542930.9100000001],[7422058.7000000002,5542957.5299999993],[7422067.1900000004,5542974.25],[7422076.4800000004,5542992.9100000001],[7422078.2000000002,5542996.0299999993],[7422086.25,5543010.5800000001],[7422099.0300000003,5543030.6999999993],[7422111.3799999999,5543049.1400000006],[7422113.9100000001,5543052.9299999997],[7422146.9199999999,5543085.0999999996],[7422147.9800000004,5543087.5],[7422152.1399999997,5543096.8900000006],[7422153.2199999997,5543136.7400000002],[7422152.5,5543165.0600000005],[7422161.3700000001,5543161.75],[7422167.2300000004,5543184.3100000005],[7422191.8600000003,5543248.1500000004],[7422193.1500000004,5543252.8699999992],[7422195.3300000001,5543258.5899999999],[7422204.5599999996,5543276.3000000007],[7422208.7400000002,5543278.2100000009],[7422223.7599999998,5543291.3200000003],[7422233.1600000001,5543299.5199999996],[7422251.9900000002,5543313.2400000002],[7422277.0099999998,5543326.1799999997],[7422285.3399999999,5543330.5899999999],[7422291.9199999999,5543334.0700000003],[7422299.5300000003,5543338.1199999992],[7422303.1799999997,5543339.8000000007],[7422318,5543346.6099999994],[7422327.4699999997,5543351.0600000005],[7422364.9100000001,5543368.6600000001],[7422375.6200000001,5543373.9499999993],[7422382.3799999999,5543377.2100000009],[7422386.0999999996,5543378.8499999996],[7422396.4900000002,5543382.7100000009],[7422406.7300000004,5543386.5500000007],[7422407.71,5543386.8599999994],[7422407.3600000003,5543388.3800000008],[7422419.1299999999,5543394.5600000005],[7422419.0499999998,5543394.9100000001],[7422431.7999999998,5543400.4000000004],[7422439.6200000001,5543403.8100000005],[7422453.7999999998,5543409.9499999993],[7422457.9500000002,5543411.6500000004],[7422465.6699999999,5543413.8699999992],[7422472.1200000001,5543415.7200000007],[7422478.2999999998,5543417.3499999996],[7422482.6500000004,5543418.4900000002],[7422503.29,5543423.9299999997],[7422520.5700000003,5543427.6300000008],[7422527.8899999997,5543430.1600000001],[7422535.4100000001,5543432.75],[7422544.0700000003,5543435.6699999999],[7422560.3899999997,5543442.6099999994],[7422579.0800000001,5543449.6099999994],[7422580.5499999998,5543455.6600000001],[7422585.6100000003,5543464.4499999993],[7422589.0700000003,5543469.3699999992],[7422603.8099999996,5543485.3100000005],[7422617.3700000001,5543499.6300000008],[7422632.4500000002,5543516.4499999993],[7422643.3899999997,5543526.5600000005],[7422647.4699999997,5543533.5800000001],[7422653.0499999998,5543538.4800000004],[7422662.0700000003,5543544.9100000001],[7422672.1500000004,5543548.7400000002],[7422686.3899999997,5543552.3900000006],[7422691.3499999996,5543553.2699999996],[7422696.9199999999,5543553.5199999996],[7422704.5800000001,5543553.8599999994],[7422721.5300000003,5543552.9000000004],[7422730.8899999997,5543552.9600000009],[7422735.0199999996,5543553.5500000007],[7422762.4000000004,5543561.7599999998],[7422766.54,5543562.8900000006],[7422777.8399999999,5543566.4199999999],[7422762.2699999996,5543572.5700000003],[7422763.46,5543573.0500000007],[7422763.4199999999,5543588.2699999996],[7422765.04,5543601.9399999995],[7422768.3899999997,5543619.7300000004],[7422770.6900000004,5543624.8000000007],[7422771.6699999999,5543643.4900000002],[7422772.0700000003,5543651.4499999993],[7422772.4699999997,5543673.6400000006],[7422773.46,5543691.8599999994],[7422775,5543701.3200000003],[7422777.21,5543710.8300000001],[7422783.6799999997,5543730.2799999993],[7422785.8700000001,5543734.1799999997],[7422789.2199999997,5543746.5800000001],[7422789.6699999999,5543750.8800000008],[7422792.2599999998,5543775.2300000004],[7422794.6399999997,5543791.3200000003],[7422783.4800000004,5543806.8399999999],[7422781.3200000003,5543822.6999999993],[7422776.4299999997,5543859.3300000001],[7422775.4800000004,5543877.5999999996],[7422775.0499999998,5543880.7699999996],[7422775.1699999999,5543902.5500000007],[7422775.3200000003,5543904.0700000003],[7422775.5800000001,5543906.75],[7422772.3799999999,5543913.4600000009],[7422764.0099999998,5543930.9800000004],[7422782.3899999997,5543924.0199999996],[7422794.1100000003,5543919.4399999995],[7422804.75,5543915.1899999995],[7422806.9900000002,5543914.3100000005],[7422826.2300000004,5543906.7100000009],[7422847.5999999996,5543898.5600000005],[7422871.96,5543889.1899999995],[7422874.2699999996,5543886.9800000004],[7422900.4299999997,5543877.5199999996],[7422925.5,5543868.5899999999],[7422948.4199999999,5543860.4900000002],[7422952.1399999997,5543859.2899999991],[7422968.8099999996,5543854.2799999993],[7422977.0099999998,5543852.2799999993],[7422994.6699999999,5543847.9600000009],[7422994.0499999998,5543846.1099999994],[7422998.5700000003,5543844.4499999993],[7422996.2999999998,5543837.6400000006],[7423000,5543826.7899999991],[7422998.5,5543812.9399999995],[7422999.5700000003,5543800.4399999995],[7423000.0800000001,5543794.3499999996],[7423001.3200000003,5543793.9600000009],[7423012.8300000001,5543790.2699999996],[7423017.1299999999,5543788.9499999993],[7423018.5499999998,5543788.4900000002],[7423027.46,5543776.9299999997],[7423029.7400000002,5543777.6999999993],[7423027.9699999997,5543782.8599999994],[7423025.2400000002,5543806.1600000001],[7423033.1699999999,5543839.3699999992],[7423050.2699999996,5543869.1099999994],[7423090.3899999997,5543908.0399999991],[7423104.7699999996,5543927.3699999992],[7423109.9699999997,5543949.9199999999],[7423109.9699999997,5543967.0299999993],[7423103.7699999996,5543979.9100000001],[7423091.8799999999,5543998.25],[7423086.1799999997,5544011.3900000006],[7423086.1799999997,5544024.2799999993],[7423091.6399999997,5544038.1600000001],[7423105.5199999996,5544056.5],[7423111.4699999997,5544072.1199999992],[7423110.7300000004,5544086.7400000002],[7423107.75,5544104.3399999999],[7423099.0800000001,5544119.2100000009],[7423086.9299999997,5544126.8900000006],[7423072.0599999996,5544138.0399999991],[7423065.3700000001,5544149.9399999995],[7423061.9000000004,5544163.8200000003],[7423060.9199999999,5544180.9399999995],[7423067.8600000003,5544200.7599999998],[7423082.4800000004,5544218.3599999994],[7423115.6900000004,5544241.4100000001],[7423128.5800000001,5544250.0899999999],[7423138.4900000002,5544262.7300000004],[7423167.21,5544332.1500000004],[7423224.6600000001,5544471.7100000009],[7423232.9199999999,5544511.5399999991],[7423230.29,5544535.5899999999],[7423178.4400000004,5544610.3699999992],[7423152.1299999999,5544655.0899999999],[7423146.8700000001,5544680.2699999996],[7423152.1299999999,5544697.1799999997],[7423174.6799999997,5544717.4700000007],[7423221.2699999996,5544736.2599999998],[7423248.3300000001,5544771.9499999993],[7423254.3499999996,5544809.5299999993],[7423247.5800000001,5544830.1999999993],[7423217.1500000004,5544874.5399999991],[7423217.5199999996,5544894.0800000001],[7423247.5800000001,5544957.5800000001],[7423276.1399999997,5544988.7699999996],[7423308.0800000001,5545010.9399999995],[7423493.7199999997,5545161.6199999992],[7423701.1399999997,5545341.2300000004],[7423729.7000000002,5545387.4499999993],[7423746.2300000004,5545443.0600000005],[7423759.0099999998,5545527.2300000004],[7423787.5700000003,5545554.6600000001],[7423846.5700000003,5545595.9900000002],[7423967.1900000004,5545710.2200000007],[7424151.3200000003,5545861.2699999996],[7424227.6299999999,5545943.0099999998],[7424177.5300000003,5545944.4800000004],[7424148,5545947.2799999993],[7424104.2000000002,5545953.7100000009],[7424055.7000000002,5545967.6600000001],[7423991.2400000002,5545999.9700000007],[7423923.5700000003,5546052.2599999998],[7423872.6399999997,5546118.5500000007],[7423843.0700000003,5546168.5500000007],[7423807.4199999999,5546228.8300000001],[7423807.0800000001,5546229.6199999992],[7423778.9199999999,5546277.5700000003],[7423726.5700000003,5546378.7200000007],[7423700.7800000003,5546434.9199999999],[7423683.0599999996,5546474.3300000001],[7423672.6299999999,5546498.5],[7423672.1299999999,5546499.6400000006],[7423640.9400000004,5546570.1999999993],[7423598.04,5546677.9399999995],[7423589.5099999998,5546701.2100000009],[7423584.6900000004,5546714.3499999996],[7423545.71,5546820.7300000004],[7423540.8899999997,5546835.8900000006],[7423518.3499999996,5546906.7899999991],[7423506.4199999999,5546940.6300000008],[7423503.8300000001,5546947.9299999997],[7423496.3200000003,5546968.9900000002],[7423477.4100000001,5546995.6999999993],[7423433.2300000004,5547015.4199999999],[7423389.3099999996,5547024.9499999993],[7423365.0700000003,5547025.3599999994],[7423346.5800000001,5547022.4100000001],[7423318.5199999996,5547015.8699999992],[7423270.04,5546994.8900000006],[7423252.6200000001,5546985.1699999999],[7423195.21,5546944.7100000009],[7423179.8099999996,5546934.7799999993],[7423137.6699999999,5546907.5899999999],[7423098.8600000003,5546882.5600000005],[7422998.2800000003,5546828.2400000002],[7422889.96,5546784.9100000001],[7422790.4400000004,5546756.25],[7422743.9100000001,5546746.3300000001],[7422709.4900000002,5546738.8599999994],[7422580.8700000001,5546717.0199999996],[7422505.46,5546703.5399999991],[7422432.5,5546691.3800000008],[7422374.1200000001,5546682.3100000005],[7422356.71,5546678.9000000004],[7422318.1900000004,5546678.6400000006],[7422287.9400000004,5546675.3100000005],[7422239.1900000004,5546675.5399999991],[7422209.04,5546676.1099999994],[7422152.6299999999,5546680.4299999997],[7422123.8300000001,5546682.2599999998],[7422081.7400000002,5546683.5600000005],[7422017.4900000002,5546683.75],[7421946.29,5546672.4199999999],[7421939.0800000001,5546671.2599999998],[7421888.8799999999,5546646.9100000001],[7421867.6900000004,5546636.4399999995],[7421860.6399999997,5546631.0500000007],[7421811.8799999999,5546593.7400000002],[7421743.7599999998,5546525.0299999993],[7421697.1799999997,5546448.4299999997],[7421678.1200000001,5546415.1799999997],[7421654.6299999999,5546372.5],[7421647.1299999999,5546351.3800000008],[7421610.4100000001,5546243.9499999993],[7421567.5300000003,5546141.4700000007],[7421565.0700000003,5546135.5800000001],[7421551.54,5546106.3100000005],[7421514.8700000001,5546049.5800000001],[7421489.2699999996,5545998.5],[7421468.8799999999,5545958.2400000002],[7421443.79,5545920.5],[7421409.3300000001,5545862.1500000004],[7421389.5300000003,5545824.9199999999],[7421363.4100000001,5545776.8300000001],[7421324.3799999999,5545683.0700000003],[7421282.5499999998,5545606.8200000003],[7421269.9199999999,5545583.7799999993],[7421264.0999999996,5545576.6400000006],[7421211.5099999998,5545518.5700000003],[7421193.5,5545493.9800000004],[7421148.5499999998,5545432.6500000004],[7421115.6399999997,5545402.6899999995],[7421080.7300000004,5545373.8499999996],[7421027.96,5545346.2899999991],[7420977.1900000004,5545322.3100000005],[7420913.7300000004,5545295.6199999992],[7420825.4900000002,5545288.5299999993],[7420641.6399999997,5545282.5700000003],[7420581.7400000002,5545280.2400000002],[7420529.4699999997,5545273.6199999992],[7420403.9900000002,5545262.0700000003],[7420298.1100000003,5545250.6199999992],[7420258.6799999997,5545252.1500000004],[7420092.3099999996,5545255.6400000006],[7420001.5700000003,5545271.4900000002],[7419978.3899999997,5545275.3200000003],[7419915.4199999999,5545281.0199999996],[7419848.54,5545298.4199999999],[7419811.7199999997,5545307.4499999993],[7419738.0899999999,5545326.9100000001],[7419682.0099999998,5545370.5600000005],[7419636.5899999999,5545403.5800000001],[7419571.3799999999,5545471.1500000004],[7419500.5199999996,5545553.1600000001],[7419453.8700000001,5545603.3699999992],[7419413.6500000004,5545646.8800000008],[7419376.29,5545683.4000000004],[7419343.0499999998,5545716.25],[7419290.6299999999,5545776.1699999999],[7419284.7599999998,5545784.5700000003],[7419241.7599999998,5545833.2599999998],[7419228.7400000002,5545841.0899999999],[7419194.9199999999,5545858.7899999991],[7419126.7000000002,5545886.5999999996],[7419060.1900000004,5545906.3399999999],[7418996.9199999999,5545918.5199999996],[7418849.4100000001,5545927.2200000007],[7418772.0800000001,5545921.1999999993],[7418759.5700000003,5545919.3599999994],[7418694.6500000004,5545910.9000000004],[7418552.7699999996,5545887.0600000005],[7418478.2400000002,5545875.8200000003],[7418425.4500000002,5545868.5800000001],[7418277.8200000003,5545871.0600000005],[7418100.6600000001,5545868.4399999995],[7418055.9100000001,5545867.5700000003],[7418003.0999999996,5545871],[7417873.7300000004,5545880.9800000004],[7417818.6299999999,5545880.0999999996],[7417747.9800000004,5545876.7899999991],[7417674.5999999996,5545866.3399999999],[7417617,5545853.5500000007],[7417551.5899999999,5545837.4299999997],[7417441.6500000004,5545778.2400000002],[7417362.5499999998,5545715.0299999993],[7417288.0300000003,5545649.2400000002],[7417224.8399999999,5545569.7300000004],[7417150.1699999999,5545503.4700000007],[7417078.3499999996,5545431.0800000001],[7417004.3300000001,5545352.3699999992],[7416928.54,5545293.8699999992],[7416847.1200000001,5545234.9499999993],[7416757.4900000002,5545183.4800000004],[7416669.2199999997,5545136.5600000005],[7416576.0899999999,5545103.5099999998],[7416477.7199999997,5545083.4499999993],[7416376.2400000002,5545072.3300000001],[7416277.1600000001,5545062.6999999993],[7416217.7699999996,5545046.3800000008],[7416168.2199999997,5545034.4600000009],[7416117.1100000003,5545018.8800000008],[7416084.5099999998,5545007.0899999999],[7416051.9500000002,5544989.5099999998],[7416025.6200000001,5544971.3300000001],[7415998.6799999997,5544949.4700000007],[7415983.1799999997,5544933.1799999997],[7415967.2599999998,5544916.0700000003],[7415959.1399999997,5544900.4800000004],[7415948.5599999996,5544878.8300000001],[7415936.25,5544849.1600000001],[7415926.4100000001,5544817.8300000001],[7415919,5544790.8599999994],[7415912.2199999997,5544757.0099999998],[7415910.5899999999,5544721.9199999999],[7415872.79,5544700.6999999993],[7415836.5499999998,5544680.3599999994],[7415785.6600000001,5544649.75],[7415798.2599999998,5544651.1400000006],[7415808.96,5544653.6999999993],[7415815.9900000002,5544655.3900000006],[7415838.4500000002,5544660.8900000006],[7415841.5700000003,5544661.6899999995],[7415852.7800000003,5544664.6699999999],[7415871,5544669.4900000002],[7415876.4400000004,5544671.2899999991],[7415916.6600000001,5544684.6300000008],[7415924.0499999998,5544644.3399999999],[7415925.0700000003,5544638.7899999991],[7415926.8399999999,5544629.0299999993],[7415929.5099999998,5544614.2899999991],[7415931.1399999997,5544605.3100000005],[7415938.7000000002,5544585.1099999994],[7415948.0800000001,5544560.0600000005],[7415961.8200000003,5544519.9900000002],[7415973.2699999996,5544486.8300000001],[7415986.8600000003,5544450.5500000007],[7415997.8399999999,5544419.1699999999],[7416007.75,5544391.9499999993],[7416009.3300000001,5544387.6099999994],[7416021.9400000004,5544345.5899999999],[7416033.9199999999,5544301.8399999999],[7416043,5544270.5800000001],[7416073.2199999997,5544144.4100000001],[7416095.0899999999,5544071.2100000009],[7416104.0999999996,5543996.1300000008],[7416104.0199999996,5543948.3300000001],[7416090.4800000004,5543885.4499999993],[7416072.3399999999,5543827.1699999999],[7416033.8499999996,5543757.7899999991],[7416000.5300000003,5543720.9900000002],[7415889.8099999996,5543636.5700000003],[7415696.5999999996,5543496.6099999994],[7415592.9299999997,5543427.6999999993],[7415573.8799999999,5543407.8599999994],[7415516.2599999998,5543379.4000000004],[7415465.8700000001,5543363.3300000001],[7415402.8799999999,5543355.3399999999],[7415340.9199999999,5543354.3499999996],[7415282.1299999999,5543368.9399999995],[7415274.9400000004,5543371.8699999992],[7415231.8200000003,5543389.4299999997],[7415168.0300000003,5543422.9499999993],[7415129.5599999996,5543453.3300000001],[7415098.6900000004,5543485.6899999995],[7415077.46,5543515.1500000004],[7415046.7699999996,5543602.3599999994],[7415014.9199999999,5543692.3100000005],[7414988.8899999997,5543743.4700000007],[7414968.4199999999,5543792.4900000002],[7414935.04,5543856.0999999996],[7414903.0700000003,5543924.3100000005],[7414891.5300000003,5543934.6400000006],[7414887.5,5543938.25],[7414880.0300000003,5543944.9399999995],[7414849.5199999996,5543972.2699999996],[7414845.6299999999,5543975.0600000005],[7414822.5899999999,5543991.5899999999],[7414796.9100000001,5544010.0299999993],[7414758.9900000002,5544031.9499999993],[7414694.4699999997,5544050.4800000004],[7414641.3200000003,5544055.0500000007],[7414588.8499999996,5544054.1400000006],[7414529.8700000001,5544042.3200000003],[7414442.8200000003,5544005.2200000007],[7414388.5499999998,5543968],[7414326.0800000001,5543911.6999999993],[7414293.8300000001,5543873.5600000005],[7414240.21,5543803.8200000003],[7414203.4100000001,5543737.9600000009],[7414156.6799999997,5543632.1600000001],[7414138.7999999998,5543565.5],[7414073.8600000003,5543375.2300000004],[7414071.7000000002,5543368.5299999993],[7414058.8799999999,5543265.3499999996],[7414048.5700000003,5543219.8100000005],[7414045.5,5543178.9100000001],[7414036.3799999999,5543144.3599999994],[7414021.8499999996,5543108.9299999997],[7413999.2300000004,5543059.4399999995],[7413950.2800000003,5542980.8399999999],[7413893.5300000003,5542911.4100000001],[7413825.2800000003,5542849.25],[7413773.8200000003,5542825.5600000005],[7413696.9900000002,5542797.7300000004],[7413621.8099999996,5542768.0800000001],[7413592.3099999996,5542750.2200000007],[7413558.25,5542718.6899999995],[7413521.5099999998,5542671.2300000004],[7413511.7999999998,5542645.3300000001],[7413469.21,5542572.5],[7413457.2400000002,5542537.0500000007],[7413443.1500000004,5542482.5099999998],[7413437.5899999999,5542432.75]]]},"properties":{"objectid":2267742732299,"id_dzielni":8,"nr_dzielni":"VIII","nazwa":"Dębniki","nazwa_peln":"Dzielnica VIII Dębniki","opis":"UCHWAŁA NR XCIX/1502/14 RADY MIASTA KRAKOWA","powierzchn":46188703,"data_aktua":1396303200000}},{"type":"Feature","id":2267742732300,"geometry":{"type":"Polygon","coordinates":[[[7421662.0099999998,5542041.6699999999],[7421662.1399999997,5542027.2899999991],[7421664.8700000001,5542018.2699999996],[7421675.8700000001,5542000.4900000002],[7421681.04,5541989.2699999996],[7421683.7300000004,5541983.4199999999],[7421690.9199999999,5541966.8399999999],[7421706.8499999996,5541983.2599999998],[7421710.3300000001,5541986.8399999999],[7421723,5541998.8000000007],[7421731.8499999996,5542006.9499999993],[7421739.4699999997,5542013.3599999994],[7421746.9800000004,5542018.1199999992],[7421759.9900000002,5542026.8399999999],[7421765.0599999996,5542029.3200000003],[7421780.6699999999,5542037.0099999998],[7421801.5,5542046.5099999998],[7421806.1200000001,5542047.5999999996],[7421818.4500000002,5542051.0700000003],[7421830.54,5542052.9199999999],[7421832.7199999997,5542053.25],[7421853.0300000003,5542054.4100000001],[7421868.9699999997,5542054.3699999992],[7421910.9900000002,5542054.2699999996],[7421932.9800000004,5542054.0700000003],[7421965.79,5542053.8599999994],[7421999.2800000003,5542053.5899999999],[7422033.5999999996,5542053.3800000008],[7422051.5999999996,5542053.2599999998],[7422081.8899999997,5542054.0600000005],[7422101.5599999996,5542054.1300000008],[7422123.9000000004,5542052],[7422135.9299999997,5542048.4299999997],[7422148.2000000002,5542044.8000000007],[7422164.3700000001,5542039.1899999995],[7422165.4299999997,5542038.8200000003],[7422173.4000000004,5542035.1899999995],[7422175.8600000003,5542034.0999999996],[7422186.5899999999,5542024.7300000004],[7422195.2000000002,5542015.5299999993],[7422213.1100000003,5541997.1600000001],[7422216.1299999999,5541993.4900000002],[7422218.4299999997,5541990.6799999997],[7422235.4699999997,5541969],[7422247.8899999997,5541954.6999999993],[7422257.3799999999,5541943.7799999993],[7422264.46,5541932.6400000006],[7422275,5541916.0800000001],[7422288.1100000003,5541896.4800000004],[7422291.4100000001,5541893.3699999992],[7422297.9500000002,5541887.1999999993],[7422310.79,5541878.4399999995],[7422338.3300000001,5541864.5700000003],[7422378.7599999998,5541846.6899999995],[7422383.2400000002,5541845.0299999993],[7422389.9199999999,5541841.7599999998],[7422393.0800000001,5541840.2100000009],[7422398.3600000003,5541837.4900000002],[7422400.6399999997,5541836.3100000005],[7422402.3700000001,5541835.4199999999],[7422406.5,5541834.2699999996],[7422414.4900000002,5541830.1500000004],[7422422.3799999999,5541826.0800000001],[7422441.8099999996,5541817.1099999994],[7422446.8799999999,5541814.6999999993],[7422449.46,5541813.9199999999],[7422466.4100000001,5541806.2599999998],[7422471.8499999996,5541805.0299999993],[7422484.3700000001,5541803.9399999995],[7422496.2199999997,5541802.8800000008],[7422501,5541802.4499999993],[7422504.4000000004,5541802.3100000005],[7422521.4000000004,5541801.1500000004],[7422532.8300000001,5541800.8900000006],[7422536.0499999998,5541800.8200000003],[7422536.4299999997,5541801.8100000005],[7422538.1299999999,5541802.3200000003],[7422538.2800000003,5541800.0700000003],[7422542.54,5541800.0299999993],[7422556.8600000003,5541803.8599999994],[7422566.2400000002,5541806.0700000003],[7422585.2999999998,5541810.4600000009],[7422605.5099999998,5541816.3300000001],[7422621.1900000004,5541820.7699999996],[7422634.9000000004,5541824.6500000004],[7422654.2199999997,5541830.1199999992],[7422674.2000000002,5541834.9499999993],[7422679.5099999998,5541835.2599999998],[7422682.4299999997,5541837.4900000002],[7422688.1299999999,5541838.4800000004],[7422728.3099999996,5541838.6099999994],[7422732.5099999998,5541838.0800000001],[7422742.54,5541835.0299999993],[7422756.1500000004,5541831.7100000009],[7422766.1200000001,5541829.2799999993],[7422768.2800000003,5541828.9000000004],[7422777.6100000003,5541827.25],[7422784.0499999998,5541826.1099999994],[7422800.3899999997,5541823.9499999993],[7422805.5499999998,5541823.1999999993],[7422809.4800000004,5541822.4800000004],[7422837.3399999999,5541817.3800000008],[7422847.6200000001,5541815.4900000002],[7422849.5800000001,5541815.1300000008],[7422886.0899999999,5541808.4399999995],[7422897.2699999996,5541806.4000000004],[7422928.1799999997,5541800.7300000004],[7422929.8099999996,5541800.4299999997],[7422936.4500000002,5541799.2200000007],[7422974.96,5541794.4700000007],[7423003.2699999996,5541790.5999999996],[7423029.8200000003,5541788.4900000002],[7423052.5599999996,5541788.5800000001],[7423100.3600000003,5541793.6999999993],[7423116.6699999999,5541795.5299999993],[7423155.5999999996,5541799.8800000008],[7423175.9299999997,5541802.6099999994],[7423199.8700000001,5541805.5899999999],[7423221.7800000003,5541808.3100000005],[7423233.1399999997,5541809.7200000007],[7423251.71,5541810.5099999998],[7423257.0700000003,5541810.9399999995],[7423277,5541810.1500000004],[7423307.1600000001,5541808.9800000004],[7423313.3799999999,5541808.7400000002],[7423342.4100000001,5541805.8599999994],[7423362.5599999996,5541803.3399999999],[7423387.9800000004,5541801.6199999992],[7423433.5300000003,5541798.7400000002],[7423437.4400000004,5541801.1999999993],[7423442.4299999997,5541799.1899999995],[7423462,5541799.2699999996],[7423465.0199999996,5541799.0999999996],[7423475.1600000001,5541799.7599999998],[7423488.8200000003,5541801.7200000007],[7423502.4100000001,5541804.7799999993],[7423513.8200000003,5541808.5999999996],[7423522.4100000001,5541813.8499999996],[7423521.9800000004,5541815.7100000009],[7423518.6699999999,5541830.4199999999],[7423522.1500000004,5541831.0500000007],[7423529.04,5541832.3100000005],[7423533.3899999997,5541833.0999999996],[7423562.8200000003,5541838.4499999993],[7423603.04,5541844.3100000005],[7423615.7800000003,5541846.6099999994],[7423627.2800000003,5541848.9900000002],[7423635.6299999999,5541849.1400000006],[7423644.9800000004,5541850.6600000001],[7423659.2699999996,5541853.0199999996],[7423667.4500000002,5541854.3800000008],[7423681.4199999999,5541850.5500000007],[7423690.0300000003,5541832.4299999997],[7423694.4299999997,5541822.9199999999],[7423695.6100000003,5541812.5199999996],[7423694.2000000002,5541800.2100000009],[7423692.6600000001,5541778.6999999993],[7423695.4299999997,5541739.6799999997],[7423698.6799999997,5541723.6799999997],[7423699.75,5541719.3200000003],[7423697.7599999998,5541702.3900000006],[7423697.2999999998,5541701.2599999998],[7423694.7199999997,5541685.9100000001],[7423697.54,5541683.6400000006],[7423696.3799999999,5541672.5899999999],[7423695.5,5541664.2200000007],[7423694.4699999997,5541659.6699999999],[7423693.8499999996,5541656.9100000001],[7423691.6100000003,5541643.2100000009],[7423691.3099999996,5541635.3100000005],[7423690.2800000003,5541630.2200000007],[7423689.1900000004,5541624.8200000003],[7423688.4000000004,5541619.4299999997],[7423686.04,5541614.1699999999],[7423664.3499999996,5541567.6999999993],[7423644.5099999998,5541534.3000000007],[7423636.5,5541523.8699999992],[7423633.9100000001,5541520.5500000007],[7423633.0499999998,5541515.6300000008],[7423630.0800000001,5541511.9900000002],[7423618.1600000001,5541498.6699999999],[7423608.2800000003,5541498.9700000007],[7423609.3099999996,5541486.7400000002],[7423590.71,5541468.5299999993],[7423588.1900000004,5541466.0700000003],[7423586.2000000002,5541464.5600000005],[7423582.46,5541461.6999999993],[7423579.7000000002,5541458.1799999997],[7423577.0099999998,5541454.75],[7423574.79,5541448.0199999996],[7423584.3899999997,5541445.6899999995],[7423576.3399999999,5541427.9700000007],[7423563.25,5541409.0999999996],[7423543.7400000002,5541389.1400000006],[7423525.6900000004,5541370.9900000002],[7423507.1200000001,5541350.7200000007],[7423479.9400000004,5541323.4900000002],[7423470.0300000003,5541322.1899999995],[7423446.7300000004,5541301.5],[7423439.4900000002,5541295.0700000003],[7423437.8200000003,5541293.5999999996],[7423430.4800000004,5541293.7699999996],[7423412.1900000004,5541281.2599999998],[7423363.1799999997,5541242.8599999994],[7423442.21,5541218.2899999991],[7423492.1799999997,5541165.8100000005],[7423504.0099999998,5541165.6300000008],[7423515.1600000001,5541158.3300000001],[7423514.2000000002,5541175.3000000007],[7423512.2199999997,5541190.6999999993],[7423510.1600000001,5541211.8200000003],[7423512.5599999996,5541219.3100000005],[7423513.8099999996,5541223.0700000003],[7423528.3899999997,5541248.8000000007],[7423532.3799999999,5541255.8499999996],[7423534.0899999999,5541255.1099999994],[7423548.1900000004,5541249.0199999996],[7423560.0999999996,5541237.6999999993],[7423570.0700000003,5541228.2400000002],[7423572.1100000003,5541225.5999999996],[7423577.5099999998,5541218.5700000003],[7423581.5099999998,5541212.6400000006],[7423583.7400000002,5541211.5500000007],[7423612.9699999997,5541197.2300000004],[7423626.1900000004,5541190.75],[7423626.7000000002,5541191.0099999998],[7423637.6900000004,5541193.8300000001],[7423646.9000000004,5541196.1999999993],[7423647.25,5541196.5700000003],[7423654.8499999996,5541197.0600000005],[7423659.6299999999,5541197.3800000008],[7423771.8300000001,5541210.7200000007],[7423792.6799999997,5541213.2100000009],[7423954.5700000003,5541232.4600000009],[7423977.0199999996,5541235.7400000002],[7423990.9699999997,5541237.7799999993],[7423989.9000000004,5541234.3499999996],[7423987.2599999998,5541221.1199999992],[7423993,5541208.1699999999],[7423999.6299999999,5541204.5600000005],[7424016.7400000002,5541198.0399999991],[7424052.6299999999,5541224],[7424056.71,5541226.7100000009],[7424069.0199999996,5541234.8900000006],[7424075.1299999999,5541247.1300000008],[7424099.9199999999,5541293.5199999996],[7424124.4299999997,5541338.4100000001],[7424150.29,5541382.5099999998],[7424178.0300000003,5541428.4299999997],[7424212.71,5541489.5600000005],[7424220.9199999999,5541496.1999999993],[7424228.4900000002,5541506.0999999996],[7424228.4800000004,5541515.5399999991],[7424237.6399999997,5541530.2200000007],[7424242,5541537.1999999993],[7424247.0099999998,5541545.25],[7424263.1600000001,5541571.1500000004],[7424268.0800000001,5541579.0500000007],[7424286.8799999999,5541579.8599999994],[7424305.9100000001,5541580.7799999993],[7424315.9500000002,5541581.5500000007],[7424311.2300000004,5541585.6600000001],[7424295.6299999999,5541598.7599999998],[7424293.7000000002,5541600.3000000007],[7424302.0199999996,5541600.5099999998],[7424323.4000000004,5541601.8800000008],[7424344.1500000004,5541602.9000000004],[7424350.3700000001,5541604.0299999993],[7424350.9500000002,5541604.5399999991],[7424352.46,5541604.3800000008],[7424353.71,5541603.9299999997],[7424354.8399999999,5541606.8800000008],[7424360.6600000001,5541624.5500000007],[7424365,5541636.8100000005],[7424369.8600000003,5541651.4199999999],[7424374.2599999998,5541664.6099999994],[7424380.29,5541679.4199999999],[7424382.79,5541687.3800000008],[7424384.6799999997,5541695.1799999997],[7424386.7400000002,5541701.6600000001],[7424387.5599999996,5541704.8300000001],[7424389.4000000004,5541712.5099999998],[7424390.2199999997,5541717.7899999991],[7424390.6299999999,5541723.2300000004],[7424388.9000000004,5541738.2599999998],[7424385.9800000004,5541751.6099999994],[7424381.4699999997,5541770],[7424376.2800000003,5541790.3599999994],[7424370.8200000003,5541808.0600000005],[7424365.8200000003,5541824.3499999996],[7424360.96,5541842.5299999993],[7424357.6299999999,5541855],[7424351.2000000002,5541875.3000000007],[7424345.75,5541901.1899999995],[7424340.54,5541925.9199999999],[7424335.7300000004,5541948.9100000001],[7424328.8300000001,5541981.9800000004],[7424324.29,5542001.9600000009],[7424322.8899999997,5542008.1099999994],[7424320.2999999998,5542019.5199999996],[7424316.71,5542038.6500000004],[7424315,5542047],[7424312.2999999998,5542055.1500000004],[7424309.9800000004,5542066.8300000001],[7424305.9800000004,5542085.6199999992],[7424303.5099999998,5542120.9100000001],[7424303.0999999996,5542126.8300000001],[7424301.3799999999,5542143.5800000001],[7424302.29,5542172.9399999995],[7424304.2800000003,5542188.0299999993],[7424309.2699999996,5542214.7100000009],[7424314.0700000003,5542246.8100000005],[7424318.2599999998,5542256.7699999996],[7424323.9900000002,5542267.0899999999],[7424346.4199999999,5542301.3300000001],[7424370.9699999997,5542337.5500000007],[7424373.2599999998,5542342.6500000004],[7424377.1399999997,5542353.6199999992],[7424388.6399999997,5542349.1500000004],[7424391.0899999999,5542361.3300000001],[7424391.7199999997,5542373.1799999997],[7424390.9500000002,5542392.9499999993],[7424389.1399999997,5542406.0600000005],[7424388.0199999996,5542424.1400000006],[7424387.3099999996,5542435.5999999996],[7424386.5099999998,5542448.4000000004],[7424390.4400000004,5542448.4499999993],[7424396.8799999999,5542448.5399999991],[7424393.9699999997,5542475.3300000001],[7424387.8399999999,5542531.7699999996],[7424386.5999999996,5542541.7200000007],[7424383.1900000004,5542563.3499999996],[7424381.6200000001,5542571.8100000005],[7424381.4199999999,5542572.9900000002],[7424378.8200000003,5542589.3599999994],[7424381.0700000003,5542605.1500000004],[7424381.4500000002,5542607.9399999995],[7424378.9699999997,5542608.6799999997],[7424379.4000000004,5542610.3499999996],[7424385.9800000004,5542636.6899999995],[7424388.1699999999,5542646.5199999996],[7424391.5800000001,5542646.0299999993],[7424397.1200000001,5542661.8800000008],[7424397.4800000004,5542662.9199999999],[7424399,5542684.5299999993],[7424399.46,5542691.0700000003],[7424399.5700000003,5542692.7100000009],[7424400.9800000004,5542714.3800000008],[7424403.29,5542750.0700000003],[7424404.7599999998,5542771.0700000003],[7424407.0800000001,5542803.9900000002],[7424409.04,5542831.9199999999],[7424409.0199999996,5542835.7200000007],[7424409.3099999996,5542839.0199999996],[7424410.0999999996,5542848.3200000003],[7424410.79,5542856.3599999994],[7424411.6200000001,5542863.9900000002],[7424412.5800000001,5542871.1500000004],[7424414.3600000003,5542892.0500000007],[7424414.54,5542900.4100000001],[7424416.25,5542925.8599999994],[7424416.2400000002,5542931.1899999995],[7424417.8899999997,5542954.8699999992],[7424422.8700000001,5543026.3100000005],[7424424.3399999999,5543047.7599999998],[7424425.7699999996,5543078.6199999992],[7424426.4699999997,5543091.6600000001],[7424427.29,5543106.6400000006],[7424427.46,5543109.8900000006],[7424428.1600000001,5543119.4600000009],[7424429.9199999999,5543143.7799999993],[7424429.7000000002,5543162.8699999992],[7424432.6299999999,5543232.6500000004],[7424433.4199999999,5543251.3800000008],[7424433.7000000002,5543258.2100000009],[7424434.1600000001,5543263.9800000004],[7424436.8899999997,5543298.2400000002],[7424438.8799999999,5543338.0700000003],[7424439.0199999996,5543339.1799999997],[7424438.9699999997,5543339.9700000007],[7424444.79,5543456.9499999993],[7424446.8799999999,5543544.0700000003],[7424446.9000000004,5543546.2699999996],[7424439.7400000002,5543604.7200000007],[7424436.5499999998,5543624.1600000001],[7424427.9199999999,5543676.6699999999],[7424421.3300000001,5543716.7699999996],[7424414.0199999996,5543761.2300000004],[7424393.4199999999,5543886.4499999993],[7424385.25,5543936.6300000008],[7424383.7000000002,5543946.1099999994],[7424381.6900000004,5543958.4700000007],[7424380.7199999997,5543964.5],[7424379.1500000004,5543974.0899999999],[7424366.2599999998,5544052.4700000007],[7424362.6600000001,5544076.0999999996],[7424361.7999999998,5544125.7400000002],[7424355.5800000001,5544122.0999999996],[7424351.3799999999,5544120.0399999991],[7424345.7599999998,5544117.3000000007],[7424314.5,5544105.9199999999],[7424292.1600000001,5544098.1199999992],[7424260.7199999997,5544087.1199999992],[7424239.3200000003,5544078.5],[7424214.0499999998,5544068.3200000003],[7424194.9299999997,5544060.1099999994],[7424161.2400000002,5544045.6500000004],[7424139.8799999999,5544036.4800000004],[7424128.0700000003,5544031.6999999993],[7424124.7800000003,5544043.5800000001],[7424122.4699999997,5544056.0899999999],[7424122.3600000003,5544063.4199999999],[7424116.4699999997,5544061.3300000001],[7424107.8600000003,5544067.5899999999],[7424110.0999999996,5544089.6199999992],[7424099.3399999999,5544098.2899999991],[7424076.0199999996,5544104.3599999994],[7424063.6500000004,5544107.5800000001],[7424036.1299999999,5544114.7400000002],[7424032.9500000002,5544115.5399999991],[7423987.5999999996,5544127.0299999993],[7423981.3200000003,5544128.6199999992],[7423968.4100000001,5544132.8000000007],[7423922.2000000002,5544147.7400000002],[7423901.4800000004,5544152.9000000004],[7423892.4699999997,5544155.7699999996],[7423858.4000000004,5544166.6400000006],[7423831.96,5544175.0199999996],[7423828.0899999999,5544175.8499999996],[7423824.4299999997,5544174.8000000007],[7423821.6299999999,5544172.2799999993],[7423819.4699999997,5544168.8399999999],[7423816.6500000004,5544161.2400000002],[7423808.1900000004,5544164.3300000001],[7423798.5300000003,5544137.3699999992],[7423792.71,5544139.4100000001],[7423777.2000000002,5544144.7699999996],[7423767.8600000003,5544152.3000000007],[7423762.4400000004,5544156.6199999992],[7423759.5099999998,5544158.9800000004],[7423757.0999999996,5544160.9199999999],[7423752.9299999997,5544164.3000000007],[7423752.0099999998,5544165.0399999991],[7423731.1500000004,5544181.8800000008],[7423726.4400000004,5544184.2400000002],[7423722.7400000002,5544184.5700000003],[7423719.7999999998,5544183.6099999994],[7423721.3499999996,5544194.6099999994],[7423722.6799999997,5544204.1099999994],[7423711.4000000004,5544213.1300000008],[7423685.3399999999,5544233.9800000004],[7423677.9400000004,5544239.4800000004],[7423672.7800000003,5544243.3100000005],[7423670.3399999999,5544245.1300000008],[7423650.4400000004,5544259.8499999996],[7423635.4800000004,5544270.9100000001],[7423632.1799999997,5544272.1500000004],[7423609.6500000004,5544286.0500000007],[7423592.1299999999,5544295.9900000002],[7423575.3300000001,5544305.3800000008],[7423560.3099999996,5544312.5199999996],[7423556.7999999998,5544314.1999999993],[7423538.3899999997,5544322.5600000005],[7423513.7199999997,5544333.1600000001],[7423510.8600000003,5544326.7899999991],[7423505.5999999996,5544327.3399999999],[7423480.4299999997,5544328.4600000009],[7423457.7000000002,5544328.3599999994],[7423422.1799999997,5544328.2699999996],[7423416.5,5544328.1699999999],[7423365.3200000003,5544329.6199999992],[7423362.0199999996,5544329.6799999997],[7423316.9299999997,5544329.6799999997],[7423294.7300000004,5544330.1500000004],[7423287.6900000004,5544330.25],[7423278.5700000003,5544333.0099999998],[7423278.9299999997,5544337.6999999993],[7423248.4299999997,5544338.6500000004],[7423244.7000000002,5544338.75],[7423235,5544338.9900000002],[7423203.1699999999,5544339.7699999996],[7423200.46,5544331.5],[7423184.2000000002,5544331.8200000003],[7423167.21,5544332.1500000004],[7423138.4900000002,5544262.7300000004],[7423128.5800000001,5544250.0899999999],[7423115.6900000004,5544241.4100000001],[7423082.4800000004,5544218.3599999994],[7423067.8600000003,5544200.7599999998],[7423060.9199999999,5544180.9399999995],[7423061.9000000004,5544163.8200000003],[7423065.3700000001,5544149.9399999995],[7423072.0599999996,5544138.0399999991],[7423086.9299999997,5544126.8900000006],[7423099.0800000001,5544119.2100000009],[7423107.75,5544104.3399999999],[7423110.7300000004,5544086.7400000002],[7423111.4699999997,5544072.1199999992],[7423105.5199999996,5544056.5],[7423091.6399999997,5544038.1600000001],[7423086.1799999997,5544024.2799999993],[7423086.1799999997,5544011.3900000006],[7423091.8799999999,5543998.25],[7423103.7699999996,5543979.9100000001],[7423109.9699999997,5543967.0299999993],[7423109.9699999997,5543949.9199999999],[7423104.7699999996,5543927.3699999992],[7423090.3899999997,5543908.0399999991],[7423050.2699999996,5543869.1099999994],[7423033.1699999999,5543839.3699999992],[7423025.2400000002,5543806.1600000001],[7423027.9699999997,5543782.8599999994],[7423029.7400000002,5543777.6999999993],[7423027.46,5543776.9299999997],[7423018.5499999998,5543788.4900000002],[7423017.1299999999,5543788.9499999993],[7423012.8300000001,5543790.2699999996],[7423001.3200000003,5543793.9600000009],[7423000.0800000001,5543794.3499999996],[7422999.5700000003,5543800.4399999995],[7422998.5,5543812.9399999995],[7423000,5543826.7899999991],[7422996.2999999998,5543837.6400000006],[7422998.5700000003,5543844.4499999993],[7422994.0499999998,5543846.1099999994],[7422994.6699999999,5543847.9600000009],[7422977.0099999998,5543852.2799999993],[7422968.8099999996,5543854.2799999993],[7422952.1399999997,5543859.2899999991],[7422948.4199999999,5543860.4900000002],[7422925.5,5543868.5899999999],[7422900.4299999997,5543877.5199999996],[7422874.2699999996,5543886.9800000004],[7422871.96,5543889.1899999995],[7422847.5999999996,5543898.5600000005],[7422826.2300000004,5543906.7100000009],[7422806.9900000002,5543914.3100000005],[7422804.75,5543915.1899999995],[7422794.1100000003,5543919.4399999995],[7422782.3899999997,5543924.0199999996],[7422764.0099999998,5543930.9800000004],[7422772.3799999999,5543913.4600000009],[7422775.5800000001,5543906.75],[7422775.3200000003,5543904.0700000003],[7422775.1699999999,5543902.5500000007],[7422775.0499999998,5543880.7699999996],[7422775.4800000004,5543877.5999999996],[7422776.4299999997,5543859.3300000001],[7422781.3200000003,5543822.6999999993],[7422783.4800000004,5543806.8399999999],[7422794.6399999997,5543791.3200000003],[7422792.2599999998,5543775.2300000004],[7422789.6699999999,5543750.8800000008],[7422789.2199999997,5543746.5800000001],[7422785.8700000001,5543734.1799999997],[7422783.6799999997,5543730.2799999993],[7422777.21,5543710.8300000001],[7422775,5543701.3200000003],[7422773.46,5543691.8599999994],[7422772.4699999997,5543673.6400000006],[7422772.0700000003,5543651.4499999993],[7422771.6699999999,5543643.4900000002],[7422770.6900000004,5543624.8000000007],[7422768.3899999997,5543619.7300000004],[7422765.04,5543601.9399999995],[7422763.4199999999,5543588.2699999996],[7422763.46,5543573.0500000007],[7422762.2699999996,5543572.5700000003],[7422777.8399999999,5543566.4199999999],[7422766.54,5543562.8900000006],[7422762.4000000004,5543561.7599999998],[7422735.0199999996,5543553.5500000007],[7422730.8899999997,5543552.9600000009],[7422721.5300000003,5543552.9000000004],[7422704.5800000001,5543553.8599999994],[7422696.9199999999,5543553.5199999996],[7422691.3499999996,5543553.2699999996],[7422686.3899999997,5543552.3900000006],[7422672.1500000004,5543548.7400000002],[7422662.0700000003,5543544.9100000001],[7422653.0499999998,5543538.4800000004],[7422647.4699999997,5543533.5800000001],[7422643.3899999997,5543526.5600000005],[7422632.4500000002,5543516.4499999993],[7422617.3700000001,5543499.6300000008],[7422603.8099999996,5543485.3100000005],[7422589.0700000003,5543469.3699999992],[7422585.6100000003,5543464.4499999993],[7422580.5499999998,5543455.6600000001],[7422579.0800000001,5543449.6099999994],[7422560.3899999997,5543442.6099999994],[7422544.0700000003,5543435.6699999999],[7422535.4100000001,5543432.75],[7422527.8899999997,5543430.1600000001],[7422520.5700000003,5543427.6300000008],[7422503.29,5543423.9299999997],[7422482.6500000004,5543418.4900000002],[7422478.2999999998,5543417.3499999996],[7422472.1200000001,5543415.7200000007],[7422465.6699999999,5543413.8699999992],[7422457.9500000002,5543411.6500000004],[7422453.7999999998,5543409.9499999993],[7422439.6200000001,5543403.8100000005],[7422431.7999999998,5543400.4000000004],[7422419.0499999998,5543394.9100000001],[7422419.1299999999,5543394.5600000005],[7422407.3600000003,5543388.3800000008],[7422407.71,5543386.8599999994],[7422406.7300000004,5543386.5500000007],[7422396.4900000002,5543382.7100000009],[7422386.0999999996,5543378.8499999996],[7422382.3799999999,5543377.2100000009],[7422375.6200000001,5543373.9499999993],[7422364.9100000001,5543368.6600000001],[7422327.4699999997,5543351.0600000005],[7422318,5543346.6099999994],[7422303.1799999997,5543339.8000000007],[7422299.5300000003,5543338.1199999992],[7422291.9199999999,5543334.0700000003],[7422285.3399999999,5543330.5899999999],[7422277.0099999998,5543326.1799999997],[7422251.9900000002,5543313.2400000002],[7422233.1600000001,5543299.5199999996],[7422223.7599999998,5543291.3200000003],[7422208.7400000002,5543278.2100000009],[7422204.5599999996,5543276.3000000007],[7422195.3300000001,5543258.5899999999],[7422193.1500000004,5543252.8699999992],[7422191.8600000003,5543248.1500000004],[7422167.2300000004,5543184.3100000005],[7422161.3700000001,5543161.75],[7422152.5,5543165.0600000005],[7422153.2199999997,5543136.7400000002],[7422152.1399999997,5543096.8900000006],[7422147.9800000004,5543087.5],[7422146.9199999999,5543085.0999999996],[7422113.9100000001,5543052.9299999997],[7422111.3799999999,5543049.1400000006],[7422099.0300000003,5543030.6999999993],[7422086.25,5543010.5800000001],[7422078.2000000002,5542996.0299999993],[7422076.4800000004,5542992.9100000001],[7422067.1900000004,5542974.25],[7422058.7000000002,5542957.5299999993],[7422040.1799999997,5542930.9100000001],[7422028.0899999999,5542915.1199999992],[7422021.79,5542907.2300000004],[7422006.1399999997,5542884.8200000003],[7421998.6600000001,5542870.4600000009],[7421995.8700000001,5542865.1099999994],[7421992.1699999999,5542858.4499999993],[7421988.1200000001,5542849.0399999991],[7421969.6299999999,5542822.75],[7421965.8499999996,5542817.2899999991],[7421967.04,5542812.9399999995],[7421956.75,5542790.4600000009],[7421952.3200000003,5542780.7899999991],[7421946.6600000001,5542772],[7421940.4000000004,5542762.3000000007],[7421932.7000000002,5542747.3399999999],[7421932.2300000004,5542745.2400000002],[7421929.7199999997,5542732.5099999998],[7421927.5700000003,5542725.1300000008],[7421923.2199999997,5542708.8900000006],[7421921.5499999998,5542703.2100000009],[7421913.3300000001,5542669.1199999992],[7421906.3099999996,5542655.2100000009],[7421898.3799999999,5542637.7899999991],[7421891.1900000004,5542616.4800000004],[7421886.5099999998,5542603.6400000006],[7421885.8600000003,5542601.8699999992],[7421881.0099999998,5542586.9399999995],[7421876.5800000001,5542575.5],[7421872.1600000001,5542562.6400000006],[7421862.5499999998,5542542.2100000009],[7421853.6799999997,5542523.3399999999],[7421847.1600000001,5542513.5600000005],[7421841,5542503.6799999997],[7421839.3899999997,5542501.6600000001],[7421829,5542485.5600000005],[7421826.7199999997,5542481.6199999992],[7421823.6699999999,5542476.3399999999],[7421814.79,5542465.9700000007],[7421814.1600000001,5542464.1300000008],[7421809.6600000001,5542455.6799999997],[7421806.21,5542448.8100000005],[7421804.9100000001,5542446.5600000005],[7421799.4400000004,5542437.1400000006],[7421797.5,5542433.7699999996],[7421796.71,5542431.7599999998],[7421792.1399999997,5542420.9700000007],[7421788.7599999998,5542411.0299999993],[7421787.3899999997,5542407.2400000002],[7421785.6500000004,5542402.4499999993],[7421781.6500000004,5542391.4700000007],[7421775.8399999999,5542375.1199999992],[7421771.3200000003,5542360.8200000003],[7421768.2199999997,5542353.4900000002],[7421762.9299999997,5542342.2400000002],[7421760.0099999998,5542336.0299999993],[7421756.4299999997,5542328.2300000004],[7421750.0999999996,5542313.9299999997],[7421740.3200000003,5542293.6199999992],[7421731.2199999997,5542276.2300000004],[7421728.8399999999,5542269.6500000004],[7421724.7300000004,5542258.2400000002],[7421718.4400000004,5542240.4399999995],[7421717.0099999998,5542236.7400000002],[7421712.5999999996,5542226.1199999992],[7421709.9000000004,5542219.6400000006],[7421707.21,5542213.1699999999],[7421704.5099999998,5542206.6999999993],[7421699.0599999996,5542193.5999999996],[7421697.4500000002,5542190.9399999995],[7421696.2199999997,5542187.1199999992],[7421699.0899999999,5542185.8100000005],[7421697.7599999998,5542179.1199999992],[7421703.7000000002,5542153.1899999995],[7421706.6699999999,5542142.5800000001],[7421716.8499999996,5542138.5199999996],[7421698.9900000002,5542110.2200000007],[7421679.0700000003,5542081.6400000006],[7421665.8399999999,5542057.9700000007],[7421662.0099999998,5542041.6699999999]]]},"properties":{"objectid":2267742732300,"id_dzielni":9,"nr_dzielni":"IX","nazwa":"Łagiewniki-Borek Fałęcki","nazwa_peln":"Dzielnica IX Łagiewniki-Borek Fałęcki","opis":"UCHWAŁA NR XCIX/1503/14 RADY MIASTA KRAKOWA","powierzchn":5415081,"data_aktua":1396303200000}},{"type":"Feature","id":2267742732301,"geometry":{"type":"Polygon","coordinates":[[[7420095.9299999997,5539315.3900000006],[7420095.9400000004,5539312.3100000005],[7420096.3600000003,5539309.8499999996],[7420097.6699999999,5539307.4299999997],[7420100.3899999997,5539305.1999999993],[7420114.3700000001,5539301.9000000004],[7420117.54,5539300.8399999999],[7420120.9299999997,5539299.0899999999],[7420124.9699999997,5539295.9700000007],[7420127.1200000001,5539293.5800000001],[7420129.4000000004,5539287.6899999995],[7420130.7599999998,5539281.3699999992],[7420131.2199999997,5539273.8699999992],[7420131.1699999999,5539265.6400000006],[7420130.5,5539253.2599999998],[7420129.8300000001,5539234.1699999999],[7420130.1200000001,5539231.6400000006],[7420130.4699999997,5539229.1699999999],[7420133.2800000003,5539218.8000000007],[7420136.6500000004,5539199.1699999999],[7420137.5499999998,5539193.1899999995],[7420137.9900000002,5539188.8900000006],[7420138.2300000004,5539182.9600000009],[7420138.2199999997,5539178.5099999998],[7420138,5539173.9700000007],[7420134.9000000004,5539157.3599999994],[7420131.7400000002,5539140.8599999994],[7420130.8200000003,5539139.0999999996],[7420129.2800000003,5539137.8300000001],[7420138.8499999996,5539139.0999999996],[7420180.1200000001,5539144.2899999991],[7420193.4400000004,5539145.9600000009],[7420220.8399999999,5539147.9199999999],[7420224.8300000001,5539148.1999999993],[7420289.2800000003,5539152.6199999992],[7420304.2400000002,5539154.2599999998],[7420307.9800000004,5539154.9100000001],[7420311.7999999998,5539156],[7420315.2599999998,5539157.2100000009],[7420316.96,5539158.4700000007],[7420314.9500000002,5539146.25],[7420315.8300000001,5539138.3599999994],[7420315.5700000003,5539130.3399999999],[7420310.8200000003,5539088.9199999999],[7420298.5800000001,5539059.8499999996],[7420297.9400000004,5539058.6999999993],[7420295.1399999997,5539053.8000000007],[7420290.7999999998,5539053.9700000007],[7420281.0099999998,5539029.0399999991],[7420264.6699999999,5539000.4100000001],[7420263.8899999997,5538999.2400000002],[7420257.8799999999,5538990.2400000002],[7420249.8899999997,5538978.2300000004],[7420243.54,5538968.0299999993],[7420236.8899999997,5538957.3100000005],[7420231.4500000002,5538945.8499999996],[7420222.6200000001,5538919.3000000007],[7420220.8399999999,5538914.3599999994],[7420211.9299999997,5538904.6099999994],[7420210.5599999996,5538897.5700000003],[7420199.9900000002,5538832.75],[7420206.1299999999,5538832.5399999991],[7420232.25,5538829.4399999995],[7420232.9100000001,5538829.3499999996],[7420243.5499999998,5538829.1300000008],[7420256.6200000001,5538835.6899999995],[7420264.7199999997,5538841.2400000002],[7420272.1900000004,5538846.3599999994],[7420272.6200000001,5538854.4900000002],[7420272.8899999997,5538859.4900000002],[7420285.3200000003,5538859.3200000003],[7420296.2300000004,5538858.2599999998],[7420315.4400000004,5538856.0399999991],[7420328.9699999997,5538853.5999999996],[7420344.8099999996,5538851.4100000001],[7420354.9800000004,5538849.9199999999],[7420364.79,5538850.6799999997],[7420373.8799999999,5538851.6500000004],[7420385.5700000003,5538852.7599999998],[7420395.4299999997,5538852.7799999993],[7420402.6900000004,5538852.7599999998],[7420416.0199999996,5538851.3499999996],[7420425.9100000001,5538850.4399999995],[7420436.8200000003,5538850.3399999999],[7420446.2699999996,5538850.5700000003],[7420459.25,5538849.1300000008],[7420474.71,5538847.9499999993],[7420494.5300000003,5538846.1300000008],[7420508.8899999997,5538845.75],[7420517.6699999999,5538844.1899999995],[7420519,5538844.2200000007],[7420518.9800000004,5538828.8599999994],[7420518.9299999997,5538820.5800000001],[7420518.8799999999,5538814.3200000003],[7420527.0300000003,5538816.4100000001],[7420529.46,5538816.8100000005],[7420539.1600000001,5538818.5999999996],[7420559.6699999999,5538821.5800000001],[7420564.3700000001,5538822.4199999999],[7420578.1500000004,5538824.9000000004],[7420597.7599999998,5538823.7799999993],[7420601.1299999999,5538823.5899999999],[7420613.5499999998,5538822.7100000009],[7420622.5899999999,5538822.9700000007],[7420629.9299999997,5538824.4299999997],[7420632.0700000003,5538824.9499999993],[7420633.1600000001,5538825.2200000007],[7420640.6500000004,5538827.0500000007],[7420649.0599999996,5538828.9399999995],[7420661.8399999999,5538831.3499999996],[7420678.8200000003,5538834.3599999994],[7420690.4199999999,5538837.25],[7420701.9400000004,5538840.3200000003],[7420713.5800000001,5538842.7599999998],[7420726.8300000001,5538845.4800000004],[7420732.4100000001,5538846.9299999997],[7420740.5499999998,5538848.3000000007],[7420748.9500000002,5538848.8599999994],[7420761.1399999997,5538849.3699999992],[7420771.4400000004,5538849.4600000009],[7420792.9299999997,5538848.0299999993],[7420804.04,5538848.5800000001],[7420815.6900000004,5538848.9499999993],[7420815.5499999998,5538846.4499999993],[7420814.7800000003,5538832.5899999999],[7420814.6100000003,5538829.5],[7420832.4299999997,5538829.0399999991],[7420841.4800000004,5538828.2699999996],[7420851.1100000003,5538831.7200000007],[7420859.0800000001,5538832.0199999996],[7420869.7699999996,5538831.1899999995],[7420877.5899999999,5538834.4199999999],[7420878.0999999996,5538835.1600000001],[7420879.6500000004,5538837.4100000001],[7420886.96,5538838.1899999995],[7420894.4900000002,5538837.7799999993],[7420898.04,5538839.8800000008],[7420901.4500000002,5538843.6099999994],[7420906.71,5538843.8699999992],[7420911.1699999999,5538842.4199999999],[7420915.6500000004,5538842.0999999996],[7420919.2699999996,5538843.9199999999],[7420924.3799999999,5538846.0299999993],[7420929.4000000004,5538842.7100000009],[7420932.5800000001,5538842.8200000003],[7420944.1399999997,5538844.0800000001],[7420958.9500000002,5538844.8800000008],[7420964.8899999997,5538845.8900000006],[7420972.8200000003,5538846.4499999993],[7420982.0800000001,5538851.1699999999],[7420991,5538853.9900000002],[7420996.6200000001,5538857.0899999999],[7421000.4199999999,5538859.1899999995],[7421005.25,5538861.6099999994],[7421006.4800000004,5538862.5399999991],[7421007.3700000001,5538863.2200000007],[7421018.1600000001,5538871.1300000008],[7421030.3200000003,5538879.7899999991],[7421032.4400000004,5538884.9299999997],[7421041.5,5538892.3599999994],[7421049.5599999996,5538886.2699999996],[7421053.7400000002,5538890.2699999996],[7421061.1699999999,5538892.0800000001],[7421064.3799999999,5538892.8599999994],[7421075.4000000004,5538894.9399999995],[7421085.29,5538897.1400000006],[7421093.21,5538901.9399999995],[7421102.0199999996,5538906.7899999991],[7421107.7999999998,5538908.8100000005],[7421114.1200000001,5538907.8300000001],[7421122.2999999998,5538911.0999999996],[7421124.9900000002,5538910.2100000009],[7421130.1799999997,5538908.8599999994],[7421132.7400000002,5538908.4199999999],[7421145.5499999998,5538908.3300000001],[7421159.79,5538904.5099999998],[7421164.0700000003,5538904.5800000001],[7421172.4299999997,5538903.0800000001],[7421176.7000000002,5538900.2100000009],[7421183.8300000001,5538896.1500000004],[7421196.1100000003,5538894.5299999993],[7421195.9500000002,5538897],[7421195.6900000004,5538900.9900000002],[7421202.7599999998,5538899.1699999999],[7421208.6900000004,5538898.7799999993],[7421248.7800000003,5538919.9000000004],[7421257.6799999997,5538918.6199999992],[7421264.0300000003,5538916.9600000009],[7421268.5700000003,5538916.6600000001],[7421278.3499999996,5538917.2799999993],[7421296.1500000004,5538918.1300000008],[7421304.5199999996,5538918.7799999993],[7421314.1799999997,5538919.7200000007],[7421324.3399999999,5538919.6999999993],[7421333.8600000003,5538919.4600000009],[7421341.5300000003,5538920.0700000003],[7421349.8700000001,5538921],[7421358.6900000004,5538922.1699999999],[7421364.1600000001,5538924.3000000007],[7421367.1500000004,5538924.9600000009],[7421369.1500000004,5538925.4000000004],[7421370.3700000001,5538925.6699999999],[7421373.79,5538926.4299999997],[7421389.1299999999,5538922.1199999992],[7421395.8600000003,5538920.5800000001],[7421403.2699999996,5538919.1199999992],[7421410.0899999999,5538919.2100000009],[7421417.9699999997,5538919.1099999994],[7421433.75,5538918.4100000001],[7421449.6600000001,5538916.7699999996],[7421457.5700000003,5538916.3300000001],[7421479.5499999998,5538914.2300000004],[7421495.7699999996,5538912.1600000001],[7421512.0899999999,5538912.6999999993],[7421514.6200000001,5538912.6300000008],[7421528.4000000004,5538915.1799999997],[7421537.6200000001,5538915.4299999997],[7421540.5800000001,5538915.8499999996],[7421548.7199999997,5538917.0500000007],[7421561.0899999999,5538918.3300000001],[7421561.9299999997,5538918.4700000007],[7421577.9199999999,5538920.6999999993],[7421582.2000000002,5538921.2899999991],[7421590.9100000001,5538923.1699999999],[7421599.04,5538925.1600000001],[7421610.9900000002,5538929.1099999994],[7421619.0999999996,5538931.4499999993],[7421623.4500000002,5538933.0999999996],[7421625.7199999997,5538933.9600000009],[7421629.54,5538934.1600000001],[7421634.5099999998,5538935.4499999993],[7421640.9900000002,5538934.8800000008],[7421649.1399999997,5538934.3100000005],[7421660.3700000001,5538931.8100000005],[7421668.4699999997,5538930.3399999999],[7421676.2400000002,5538930.8300000001],[7421679.4500000002,5538931.5500000007],[7421683.7400000002,5538932.6300000008],[7421689.2999999998,5538934.0299999993],[7421690.5999999996,5538934.3499999996],[7421701.9299999997,5538937.1199999992],[7421705.4800000004,5538937.3300000001],[7421710.2300000004,5538936.8100000005],[7421719.1299999999,5538934.3300000001],[7421724.9800000004,5538933.2799999993],[7421726.6299999999,5538935.7899999991],[7421727.96,5538940.6300000008],[7421728.8600000003,5538942.6999999993],[7421731.6699999999,5538945.1600000001],[7421734.6699999999,5538947.2899999991],[7421739.21,5538949.0399999991],[7421757.4500000002,5538954.7400000002],[7421762.3700000001,5538955.8000000007],[7421766.4900000002,5538956.6899999995],[7421773.0999999996,5538958.4700000007],[7421777.9699999997,5538960.25],[7421781.21,5538961.6999999993],[7421784.0300000003,5538963.5299999993],[7421789.2800000003,5538968.5399999991],[7421794.5300000003,5538974.1699999999],[7421803.3600000003,5538982.1199999992],[7421804.2800000003,5538985.1500000004],[7421808.7699999996,5538975.4800000004],[7421813.6699999999,5538968.8200000003],[7421820.75,5538967.5700000003],[7421823.6100000003,5538967.0600000005],[7421831.04,5538965.4399999995],[7421838.1600000001,5538962.6300000008],[7421850.0099999998,5538957.0600000005],[7421859.3200000003,5538953],[7421862.8799999999,5538951.4399999995],[7421881.6600000001,5538945],[7421898.4900000002,5538937.8100000005],[7421914.1900000004,5538931.25],[7421943.8200000003,5538919.5999999996],[7421957.9299999997,5538914.0500000007],[7421971.71,5538908.6300000008],[7421976.9299999997,5538892.8200000003],[7421977.7300000004,5538890.1400000006],[7421980.5700000003,5538879.9199999999],[7421985.0099999998,5538863.9600000009],[7421990.5300000003,5538854.4800000004],[7421994.1399999997,5538839.6799999997],[7422003.9100000001,5538825.0800000001],[7422011.96,5538796.7100000009],[7422013.8399999999,5538790.0600000005],[7422019.3099999996,5538787.0600000005],[7422023.9500000002,5538783.7799999993],[7422028.7800000003,5538778.9199999999],[7422031.6900000004,5538775.4800000004],[7422034.3300000001,5538772.3699999992],[7422038.8799999999,5538767.9199999999],[7422045.7599999998,5538760.8399999999],[7422052.2300000004,5538754.1699999999],[7422058.1100000003,5538749.5600000005],[7422061.46,5538747.0700000003],[7422065.7699999996,5538745.6799999997],[7422069.2699999996,5538746.6899999995],[7422073.5899999999,5538746.5999999996],[7422080.6399999997,5538746.0899999999],[7422084.6100000003,5538747.2799999993],[7422091.0300000003,5538749.2100000009],[7422103.9100000001,5538752.2400000002],[7422108.7000000002,5538752.5500000007],[7422117.6399999997,5538753.1099999994],[7422143,5538752.6799999997],[7422162.8499999996,5538753.1199999992],[7422188.8300000001,5538754.1199999992],[7422212.7300000004,5538755.0399999991],[7422234.3600000003,5538755.6799999997],[7422237.8499999996,5538755.7699999996],[7422256.4500000002,5538755.8599999994],[7422279.3499999996,5538756.25],[7422280.5499999998,5538756.1799999997],[7422283.5999999996,5538756.1199999992],[7422297.5999999996,5538755.8000000007],[7422310.7000000002,5538756.9000000004],[7422332.0499999998,5538757.1300000008],[7422337.0499999998,5538757.1899999995],[7422349.4400000004,5538757.3200000003],[7422363.3499999996,5538757.5800000001],[7422382.8799999999,5538757.8200000003],[7422395.04,5538757.8599999994],[7422411.0999999996,5538757.9100000001],[7422416.6100000003,5538757.9800000004],[7422434.8899999997,5538758.2300000004],[7422447.2699999996,5538757.5199999996],[7422450.2000000002,5538757.3599999994],[7422470.3300000001,5538755.9700000007],[7422478.96,5538760.3100000005],[7422480.9800000004,5538761.3399999999],[7422484.5300000003,5538761.5199999996],[7422493.0099999998,5538763.4299999997],[7422501.0599999996,5538764.5500000007],[7422511.2800000003,5538766.5600000005],[7422517.25,5538767.1799999997],[7422526.04,5538770.5199999996],[7422536.3700000001,5538774.4399999995],[7422543.1799999997,5538777.4299999997],[7422548.1699999999,5538778.7799999993],[7422552.9000000004,5538779.9299999997],[7422559.8700000001,5538781.0099999998],[7422562.7999999998,5538781.8200000003],[7422570.4900000002,5538783.0700000003],[7422575.3300000001,5538783.8200000003],[7422578.6500000004,5538784.4100000001],[7422589.4699999997,5538787.3200000003],[7422594.3499999996,5538789.8300000001],[7422608.9400000004,5538793.4299999997],[7422624.7300000004,5538798.1199999992],[7422636.3499999996,5538802.5299999993],[7422647.0300000003,5538805.7200000007],[7422657.7699999996,5538808.8100000005],[7422700.9400000004,5538814.3300000001],[7422704.21,5538815.9800000004],[7422711.21,5538819.5199999996],[7422712.5599999996,5538820.1899999995],[7422715.4800000004,5538821.6699999999],[7422721.0499999998,5538823.2899999991],[7422735.5800000001,5538827.8800000008],[7422743.8499999996,5538829.5800000001],[7422759.6200000001,5538833.9900000002],[7422783.4100000001,5538840.6199999992],[7422811.9100000001,5538849.1300000008],[7422831.1799999997,5538854.8399999999],[7422847.8200000003,5538860.3200000003],[7422868.4400000004,5538865.8300000001],[7422887.5,5538872.4199999999],[7422889.5199999996,5538873.0399999991],[7422893.3399999999,5538874.2599999998],[7422906.0599999996,5538878.7699999996],[7422928.7400000002,5538886.8699999992],[7422954,5538895.7599999998],[7422957.1299999999,5538891.9900000002],[7422959.4100000001,5538888.4299999997],[7422964.0499999998,5538882.3900000006],[7422965.7800000003,5538874.8499999996],[7422969.1299999999,5538871.4299999997],[7422971.79,5538864.8499999996],[7422978.75,5538862.9100000001],[7422981.4400000004,5538859.9000000004],[7422989.3099999996,5538857.9399999995],[7422996.8099999996,5538858.3300000001],[7423004.3499999996,5538857.0999999996],[7423013.21,5538854.5299999993],[7423023.4400000004,5538853.9000000004],[7423031.0099999998,5538854],[7423039.7300000004,5538855.4900000002],[7423046.4000000004,5538851.7599999998],[7423057.6500000004,5538847.7300000004],[7423063.5499999998,5538840.5099999998],[7423071.1100000003,5538838.8200000003],[7423074.7699999996,5538829.5999999996],[7423081.2800000003,5538817.8599999994],[7423086.0199999996,5538806.4600000009],[7423089.3399999999,5538799.0500000007],[7423095.0700000003,5538793.3300000001],[7423098.9000000004,5538785.9100000001],[7423104.3399999999,5538778.5999999996],[7423097.4199999999,5538771.4800000004],[7423087.4199999999,5538765.4900000002],[7423083.9800000004,5538759.3200000003],[7423073.4299999997,5538750.6899999995],[7423073.1299999999,5538740.4100000001],[7423074.8899999997,5538727.8499999996],[7423086.0099999998,5538711.8200000003],[7423088.0499999998,5538711.2100000009],[7423090.6799999997,5538708.0899999999],[7423098.0199999996,5538701.8499999996],[7423104.3700000001,5538701.1300000008],[7423110.7800000003,5538702.1500000004],[7423116.0800000001,5538705.9000000004],[7423122.1900000004,5538707.5999999996],[7423127.8899999997,5538700.2400000002],[7423133.9199999999,5538697.0600000005],[7423135.4000000004,5538694.1099999994],[7423135,5538689.0099999998],[7423136.9000000004,5538681.5399999991],[7423135.29,5538675.2100000009],[7423133.0099999998,5538671.7300000004],[7423134.2400000002,5538669.0199999996],[7423135.3799999999,5538662.8900000006],[7423138.4100000001,5538656.0800000001],[7423145.0899999999,5538651.4700000007],[7423156.6399999997,5538648.4700000007],[7423167.6200000001,5538653.0700000003],[7423178.6100000003,5538658.4000000004],[7423186.2699999996,5538662.4100000001],[7423194,5538662.7599999998],[7423202.1900000004,5538661.7400000002],[7423208.1799999997,5538658.5199999996],[7423211.1100000003,5538656.5700000003],[7423216.21,5538652.5999999996],[7423217.96,5538651.2699999996],[7423223.1799999997,5538651.5399999991],[7423226.21,5538654.5899999999],[7423240.8499999996,5538645.3399999999],[7423251.5599999996,5538637.2899999991],[7423253.5199999996,5538632.7300000004],[7423258.5300000003,5538631.0500000007],[7423264.5899999999,5538634.5199999996],[7423273.6699999999,5538630.7400000002],[7423287.9800000004,5538625.3699999992],[7423297.2999999998,5538618.9600000009],[7423308.6399999997,5538613.6400000006],[7423315.3600000003,5538601.5500000007],[7423320.0499999998,5538588.7200000007],[7423323.3799999999,5538582.3300000001],[7423328.1100000003,5538578.5],[7423340.25,5538574.8399999999],[7423345.6299999999,5538572.5700000003],[7423360.7400000002,5538568.8599999994],[7423366.5899999999,5538572.3900000006],[7423372.8200000003,5538576.4299999997],[7423380.6299999999,5538576.3399999999],[7423386.3200000003,5538586.1699999999],[7423395.6299999999,5538587.3399999999],[7423400.5099999998,5538593.5299999993],[7423408.7000000002,5538599.6899999995],[7423418.3499999996,5538603.5199999996],[7423429.0199999996,5538605.5099999998],[7423435.8399999999,5538607.9199999999],[7423444.2400000002,5538607.8599999994],[7423440.7000000002,5538580.3300000001],[7423436.3300000001,5538562.5899999999],[7423431.5899999999,5538548.1799999997],[7423432.8899999997,5538543.6199999992],[7423435.5700000003,5538540.3100000005],[7423441.21,5538536.3200000003],[7423448.3200000003,5538538.9399999995],[7423463.9000000004,5538539.8900000006],[7423464.6100000003,5538537.3000000007],[7423466.6699999999,5538534.3800000008],[7423468.1900000004,5538526.3399999999],[7423469.29,5538518.0999999996],[7423470.5999999996,5538511.1600000001],[7423475.0599999996,5538503.1899999995],[7423479.0199999996,5538498.2599999998],[7423480.6200000001,5538496.25],[7423483.1399999997,5538492.0199999996],[7423484.7800000003,5538487.1600000001],[7423482.9000000004,5538482.7100000009],[7423479.7699999996,5538479.5999999996],[7423478.0499999998,5538477.8900000006],[7423473.0099999998,5538473.0700000003],[7423469.3600000003,5538467.7599999998],[7423467.1600000001,5538461.0899999999],[7423466.1299999999,5538452.2899999991],[7423465.7699999996,5538443.0500000007],[7423465.7199999997,5538439.8300000001],[7423465.5499999998,5538430.0500000007],[7423465.5300000003,5538416.4600000009],[7423465.96,5538404.8800000008],[7423466.8799999999,5538396.5099999998],[7423469.04,5538392.0999999996],[7423470.5800000001,5538390.2100000009],[7423475.3899999997,5538389.4600000009],[7423481.8499999996,5538390.2300000004],[7423483.3899999997,5538390.5800000001],[7423486.6900000004,5538391.3100000005],[7423488.2199999997,5538392.5800000001],[7423495.9800000004,5538392.1300000008],[7423499.6399999997,5538390.8000000007],[7423502.6299999999,5538389.0399999991],[7423505.5599999996,5538385.8900000006],[7423507.9900000002,5538382.4199999999],[7423510.3200000003,5538375.3399999999],[7423511.8799999999,5538370.6600000001],[7423512.96,5538360.75],[7423513.8300000001,5538350.1199999992],[7423516.75,5538347.4199999999],[7423521.0099999998,5538345.2200000007],[7423525,5538343.7899999991],[7423529.29,5538343.5299999993],[7423537.6100000003,5538342.1600000001],[7423547.2300000004,5538343.1500000004],[7423555.9699999997,5538344.2200000007],[7423575.5499999998,5538343.9800000004],[7423566.4800000004,5538316.75],[7423558.5800000001,5538293.2599999998],[7423550.8200000003,5538268.9100000001],[7423543.9500000002,5538248.0099999998],[7423551.7199999997,5538244.9199999999],[7423562.5899999999,5538240.0700000003],[7423581.04,5538231.8499999996],[7423593.6100000003,5538226.3800000008],[7423605.7000000002,5538220.7799999993],[7423627.5899999999,5538210.9900000002],[7423635.1600000001,5538207.7599999998],[7423671.54,5538191.3200000003],[7423681.4900000002,5538186.6600000001],[7423703.0099999998,5538177.4000000004],[7423704.4500000002,5538176.7400000002],[7423726.0199999996,5538166.75],[7423757.7800000003,5538152.5600000005],[7423809.1600000001,5538129.1199999992],[7423815.5700000003,5538145.6600000001],[7423820.04,5538151.3900000006],[7423828.7599999998,5538142.0500000007],[7423834.5,5538132.8800000008],[7423837.2199999997,5538129.5299999993],[7423845,5538126.8200000003],[7423850.3700000001,5538130.0099999998],[7423858.9400000004,5538138.8100000005],[7423861.0199999996,5538142],[7423862.3499999996,5538150.9900000002],[7423862.3899999997,5538157.75],[7423863.7599999998,5538161.6999999993],[7423872.4400000004,5538158.9000000004],[7423877.3300000001,5538153.9900000002],[7423878.5,5538152.8599999994],[7423883.0300000003,5538147.4700000007],[7423885.8700000001,5538139.8300000001],[7423886.3300000001,5538137.3000000007],[7423888.29,5538130.9000000004],[7423891.6900000004,5538129.6199999992],[7423897.7999999998,5538127.2899999991],[7423902.5199999996,5538128.2100000009],[7423905.2400000002,5538130.2699999996],[7423906.46,5538133.0099999998],[7423897.5300000003,5538143.3000000007],[7423900.0300000003,5538154.1699999999],[7423902.7000000002,5538159.7699999996],[7423907.3099999996,5538161.3599999994],[7423913.9900000002,5538158.4499999993],[7423921.9699999997,5538151.3399999999],[7423934.5599999996,5538146.1799999997],[7423937.96,5538155.3900000006],[7423939.5,5538160.9299999997],[7423939.7400000002,5538169.0899999999],[7423938.2699999996,5538179.8000000007],[7423934.1200000001,5538187.1300000008],[7423939.1399999997,5538193.2300000004],[7423948.5899999999,5538192.8800000008],[7423960.4500000002,5538195.6600000001],[7423966.7599999998,5538196.9499999993],[7423970.7000000002,5538199.4299999997],[7423974.21,5538206.1400000006],[7423978.1100000003,5538209.8900000006],[7423981.7599999998,5538211.3800000008],[7423988.7999999998,5538209.1999999993],[7423993.8799999999,5538206.1600000001],[7423995.21,5538200.25],[7423976.9699999997,5538163.6500000004],[7423999.6500000004,5538160.4000000004],[7424022.3300000001,5538155.1899999995],[7424022.3300000001,5538151.9100000001],[7424021.5700000003,5538144.3399999999],[7424016.04,5538132.4800000004],[7424012.6100000003,5538117.6500000004],[7424036.6299999999,5538117.4000000004],[7424050.3799999999,5538117.2400000002],[7424084.1500000004,5538117.1600000001],[7424092.54,5538106.8300000001],[7424102.1500000004,5538100.1400000006],[7424113.9100000001,5538100.8900000006],[7424126.7199999997,5538105.5500000007],[7424128.2599999998,5538100.9299999997],[7424127.9699999997,5538097.1899999995],[7424123.04,5538083.2599999998],[7424133.9699999997,5538077.9100000001],[7424139.8700000001,5538067.9700000007],[7424149.4699999997,5538064.4299999997],[7424159.5199999996,5538059.9000000004],[7424170.6200000001,5538056.3900000006],[7424180.4000000004,5538055.7699999996],[7424190.4900000002,5538057.6799999997],[7424202.6399999997,5538057.75],[7424197.46,5538050.5099999998],[7424191.6699999999,5538043.2799999993],[7424184.2400000002,5538034.7400000002],[7424177.5700000003,5538028.2100000009],[7424173.4299999997,5538018.7400000002],[7424170.7800000003,5538008.6799999997],[7424168.5099999998,5537998.8800000008],[7424171.6699999999,5537990.7599999998],[7424177.2999999998,5537985.0099999998],[7424186.5800000001,5537979.0800000001],[7424196.9900000002,5537975.4100000001],[7424202.6200000001,5537969.3599999994],[7424207.3099999996,5537964.3200000003],[7424217.4100000001,5537953.4000000004],[7424223.9699999997,5537946.0800000001],[7424228.3399999999,5537938.9399999995],[7424236.9900000002,5537934.9600000009],[7424241.8600000003,5537933.9600000009],[7424249.6100000003,5537935.9399999995],[7424252.6799999997,5537939.1400000006],[7424265.6100000003,5537953.0199999996],[7424272.5,5537950.1799999997],[7424285.2999999998,5537958.2400000002],[7424287.2000000002,5537947.3800000008],[7424290.3499999996,5537938.6600000001],[7424293.71,5537925.3800000008],[7424297.2000000002,5537918.4800000004],[7424303.2599999998,5537916.3900000006],[7424305.8499999996,5537915.5],[7424316.4299999997,5537913.4600000009],[7424319.2000000002,5537907.9199999999],[7424312.2300000004,5537894.8100000005],[7424311.9800000004,5537884.5199999996],[7424311.1299999999,5537877.1600000001],[7424313.1200000001,5537872.3100000005],[7424314.8600000003,5537866.9000000004],[7424317.9900000002,5537863.6500000004],[7424336.2999999998,5537863.1999999993],[7424354.3899999997,5537861.1500000004],[7424375.3499999996,5537863.6500000004],[7424394.2000000002,5537870.1400000006],[7424401.4900000002,5537868.5299999993],[7424404.1799999997,5537863.9900000002],[7424409.2699999996,5537861.0700000003],[7424418.6900000004,5537855.4199999999],[7424438.2999999998,5537848.0399999991],[7424454.5899999999,5537851.4000000004],[7424455.5899999999,5537860.5800000001],[7424473.9100000001,5537862.5],[7424481.8600000003,5537863.3399999999],[7424485.04,5537868.1300000008],[7424487.71,5537872.1600000001],[7424500.6399999997,5537870.8599999994],[7424508.9800000004,5537870.0299999993],[7424511.2800000003,5537869.8000000007],[7424514.1600000001,5537869.5099999998],[7424543.9400000004,5537853.1799999997],[7424562.5999999996,5537844.4900000002],[7424587.4800000004,5537809.6999999993],[7424594.1500000004,5537800.3699999992],[7424594.1100000003,5537772.3599999994],[7424598.1699999999,5537764.8499999996],[7424607.0700000003,5537757.4800000004],[7424608.46,5537757.9100000001],[7424616.0499999998,5537760.2400000002],[7424631.9699999997,5537765.1099999994],[7424642.5,5537764.1999999993],[7424670.1399999997,5537747.1999999993],[7424695.7599999998,5537743.0500000007],[7424707.2999999998,5537741.1799999997],[7424723.0199999996,5537734.4000000004],[7424728.3600000003,5537732.0899999999],[7424730.3099999996,5537731.7100000009],[7424731.79,5537715.7599999998],[7424732.1900000004,5537711.5299999993],[7424719.5700000003,5537698.8100000005],[7424721.2000000002,5537690.0999999996],[7424727.2199999997,5537685.4700000007],[7424737.3200000003,5537688.2300000004],[7424745.5,5537687.2200000007],[7424748.6200000001,5537687.6199999992],[7424754.1100000003,5537688.3300000001],[7424767.8200000003,5537681.9800000004],[7424761.29,5537653.4800000004],[7424752.4900000002,5537652.1899999995],[7424742.1600000001,5537650.6799999997],[7424734.6500000004,5537637.8100000005],[7424733.75,5537627.4299999997],[7424739.1600000001,5537595.6799999997],[7424758.4500000002,5537584.4499999993],[7424764.2999999998,5537581.0500000007],[7424774.25,5537576.1500000004],[7424780.7999999998,5537572.9299999997],[7424782.75,5537571.9700000007],[7424795.5999999996,5537565.6400000006],[7424801.3899999997,5537556.9100000001],[7424810.9500000002,5537553.7599999998],[7424815.4299999997,5537555.4700000007],[7424823.0899999999,5537561.4299999997],[7424825.46,5537573.9900000002],[7424823.3499999996,5537585.0099999998],[7424821.5099999998,5537594.6699999999],[7424830.5,5537621.4499999993],[7424842.0999999996,5537624.8499999996],[7424843.6699999999,5537625.3100000005],[7424850.3899999997,5537621.1300000008],[7424866.9299999997,5537610.8399999999],[7424873.96,5537603.0899999999],[7424882.0499999998,5537594.1600000001],[7424892.0599999996,5537591.8000000007],[7424900.1799999997,5537595.5600000005],[7424905.3399999999,5537604.0800000001],[7424909.3600000003,5537610.7200000007],[7424916.8499999996,5537621.7599999998],[7424918.3499999996,5537621.9100000001],[7424934.5899999999,5537623.5800000001],[7424938.2999999998,5537623.8800000008],[7424939.5999999996,5537623.1999999993],[7424951.7400000002,5537616.8300000001],[7424953.04,5537614.1300000008],[7424963.3399999999,5537592.7599999998],[7424964.2300000004,5537590.9299999997],[7424964.1500000004,5537584.7200000007],[7424964.0099999998,5537572.9000000004],[7424967.5599999996,5537558.2100000009],[7424973.4400000004,5537549.0600000005],[7424982.5800000001,5537542.9199999999],[7424987.1200000001,5537539.8800000008],[7424995.0700000003,5537536.7899999991],[7425016.21,5537528.5800000001],[7425026.1699999999,5537520.1400000006],[7425036.6600000001,5537512.8800000008],[7425039.0800000001,5537504.5399999991],[7425041.5099999998,5537496.1600000001],[7425042.9199999999,5537490.8399999999],[7425048.5599999996,5537469.5999999996],[7425050.7400000002,5537459.6699999999],[7425061.3899999997,5537464.2200000007],[7425087.1100000003,5537456.9000000004],[7425088.3899999997,5537447.3000000007],[7425083.4199999999,5537438.0999999996],[7425068.5599999996,5537410.6500000004],[7425072.8700000001,5537391.8800000008],[7425072.4699999997,5537387.3100000005],[7425071.1200000001,5537371.5800000001],[7425063.9000000004,5537357.9000000004],[7425062.1200000001,5537352.0199999996],[7425082.4400000004,5537346.9100000001],[7425108.9500000002,5537350.1500000004],[7425117.0800000001,5537351.1500000004],[7425111.6799999997,5537369.1799999997],[7425114.0099999998,5537378.5999999996],[7425116.5300000003,5537383.2300000004],[7425118.7199999997,5537387.2599999998],[7425133.5999999996,5537399.2799999993],[7425151.4199999999,5537410.5999999996],[7425161.96,5537408.75],[7425177.7400000002,5537414.1699999999],[7425180.8600000003,5537413.4199999999],[7425191.7300000004,5537410.7899999991],[7425200.1200000001,5537392.1099999994],[7425209.0599999996,5537378.7300000004],[7425216.0800000001,5537368.3300000001],[7425217.6100000003,5537373.1899999995],[7425216.0700000003,5537377.6500000004],[7425217.2800000003,5537385.5299999993],[7425221.4699999997,5537388.8300000001],[7425207.2199999997,5537391.8300000001],[7425201.25,5537399.2200000007],[7425198.3499999996,5537410.3900000006],[7425200.9500000002,5537419.6699999999],[7425211.0999999996,5537424.1300000008],[7425225.3700000001,5537426.2599999998],[7425260.0099999998,5537417.0299999993],[7425295.0099999998,5537411.6300000008],[7425299.5300000003,5537419.2100000009],[7425300.7300000004,5537422.0299999993],[7425305.4400000004,5537416.5399999991],[7425309.9400000004,5537411.3300000001],[7425312.6500000004,5537408.1899999995],[7425313.7800000003,5537412.1600000001],[7425317.54,5537422.1500000004],[7425318.7699999996,5537429.8300000001],[7425312.46,5537436.4700000007],[7425313.9400000004,5537445],[7425320.5099999998,5537452.7699999996],[7425330.5899999999,5537460.8200000003],[7425339.8899999997,5537461.6999999993],[7425344.6600000001,5537463.4900000002],[7425350.3200000003,5537480.0500000007],[7425351.6100000003,5537487.5700000003],[7425351,5537498.3200000003],[7425349.3399999999,5537508.1400000006],[7425352.7800000003,5537515.2899999991],[7425356.7300000004,5537520.4499999993],[7425362.0899999999,5537518.4199999999],[7425367.9199999999,5537513.3699999992],[7425376.2000000002,5537507.9100000001],[7425381.3499999996,5537508.9900000002],[7425395.3799999999,5537506.8000000007],[7425406.9000000004,5537503.6500000004],[7425414.9400000004,5537498.5899999999],[7425420.4000000004,5537488.3499999996],[7425431.5,5537481.0600000005],[7425446.6699999999,5537483.9000000004],[7425456.1399999997,5537481.5700000003],[7425481.3600000003,5537490.9800000004],[7425487.9000000004,5537490.5600000005],[7425492.6100000003,5537488.8300000001],[7425509.5199999996,5537483.3399999999],[7425512.3399999999,5537475.0299999993],[7425508.54,5537454.9600000009],[7425506.0199999996,5537439.8900000006],[7425501.5099999998,5537426.7899999991],[7425504.8899999997,5537419.0700000003],[7425514.25,5537414.3499999996],[7425523.75,5537415.0899999999],[7425531.3600000003,5537417.1099999994],[7425548.75,5537417.7899999991],[7425571.7599999998,5537423.9000000004],[7425577.29,5537437.0899999999],[7425578.6100000003,5537451.6099999994],[7425594.8899999997,5537449.1199999992],[7425608.1600000001,5537447.4800000004],[7425612.6100000003,5537441.9600000009],[7425634.5499999998,5537437.1799999997],[7425641.3600000003,5537438.9299999997],[7425640.7699999996,5537446.1999999993],[7425640.2599999998,5537452.5199999996],[7425640.0800000001,5537454.6999999993],[7425640.0199999996,5537455.4199999999],[7425638.0700000003,5537479.3499999996],[7425632.9299999997,5537520.8300000001],[7425630.21,5537542.7899999991],[7425628.3700000001,5537552.5800000001],[7425627.9100000001,5537555.0600000005],[7425625.6100000003,5537567.3100000005],[7425622.96,5537581.4600000009],[7425622.7800000003,5537582.4199999999],[7425615.3600000003,5537608.4399999995],[7425609.6100000003,5537639.5700000003],[7425609.1900000004,5537641.8900000006],[7425609.1699999999,5537644.9299999997],[7425609.0599999996,5537661.5899999999],[7425609,5537670.6099999994],[7425608.9199999999,5537682.2200000007],[7425607.9699999997,5537691.6600000001],[7425607.25,5537698.8499999996],[7425605.9400000004,5537712.0500000007],[7425605.5,5537716.4199999999],[7425604.8700000001,5537735.0700000003],[7425604.8700000001,5537735.8499999996],[7425605.21,5537740.8900000006],[7425605.5599999996,5537746.1600000001],[7425606.25,5537756.1999999993],[7425606.8899999997,5537765.6999999993],[7425607.6900000004,5537772.6600000001],[7425607.7800000003,5537773.4700000007],[7425608.9000000004,5537783.2200000007],[7425609.9000000004,5537790.7400000002],[7425612.1500000004,5537808.4499999993],[7425612.5999999996,5537810.5500000007],[7425613.2999999998,5537814.7899999991],[7425614.4000000004,5537823.9299999997],[7425615.6600000001,5537834.4399999995],[7425616.9699999997,5537845.3900000006],[7425621.9900000002,5537857.5299999993],[7425637.4000000004,5537867.9900000002],[7425642.8799999999,5537871.5700000003],[7425645.9299999997,5537873.5800000001],[7425655.5700000003,5537879.6099999994],[7425659.0499999998,5537881.8800000008],[7425671.6799999997,5537888.75],[7425681.3700000001,5537894.0199999996],[7425683.6100000003,5537895.4900000002],[7425703.0899999999,5537904.4199999999],[7425704.5999999996,5537905.3800000008],[7425716.5300000003,5537912.9600000009],[7425721.4100000001,5537916.0600000005],[7425738.5199999996,5537926.9299999997],[7425752.1500000004,5537933.2899999991],[7425752.3399999999,5537933.4800000004],[7425768.0700000003,5537934.7799999993],[7425788.3300000001,5537936.3499999996],[7425796.4199999999,5537937.1600000001],[7425822.0499999998,5537939.3699999992],[7425824.4000000004,5537939.6099999994],[7425836.4199999999,5537941.0899999999],[7425852.5099999998,5537943.8300000001],[7425864.6900000004,5537942.1999999993],[7425869.4900000002,5537942.7200000007],[7425879.8300000001,5537944.4499999993],[7425906.2999999998,5537947.1699999999],[7425906.6200000001,5537957.6999999993],[7425907.6100000003,5537989.0899999999],[7425908.3300000001,5538011.8300000001],[7425902.46,5538025.9199999999],[7425901.54,5538030.7599999998],[7425899.5499999998,5538037.8399999999],[7425899.4400000004,5538038.25],[7425898.9699999997,5538039.9299999997],[7425898.4199999999,5538041.7300000004],[7425896.7199999997,5538047.3800000008],[7425893.2199999997,5538056.0199999996],[7425885.5899999999,5538069.4600000009],[7425880.5899999999,5538075.4900000002],[7425875.7999999998,5538081.75],[7425870.7199999997,5538090.6600000001],[7425865.4400000004,5538105.5700000003],[7425863.3600000003,5538113.6300000008],[7425862.0999999996,5538124.9399999995],[7425861.5,5538126.7300000004],[7425859.8200000003,5538131.6699999999],[7425859.0700000003,5538133.8699999992],[7425855.96,5538145.2300000004],[7425852.8600000003,5538156.5600000005],[7425846.8099999996,5538172.8399999999],[7425839.2000000002,5538187.6899999995],[7425831.6600000001,5538206.9100000001],[7425831.54,5538211.0199999996],[7425831.6100000003,5538224.2300000004],[7425831.7300000004,5538234.0899999999],[7425822.75,5538258.2599999998],[7425822.8700000001,5538259.1999999993],[7425820.2999999998,5538268.9499999993],[7425818.0999999996,5538276.9199999999],[7425817.8200000003,5538278.3100000005],[7425811.4299999997,5538297.7100000009],[7425810.7800000003,5538298.3499999996],[7425808.0499999998,5538317.1500000004],[7425802.7400000002,5538325.8499999996],[7425796.5899999999,5538331.5700000003],[7425789.1399999997,5538345.4700000007],[7425782.5199999996,5538359.3200000003],[7425779.4100000001,5538372.5999999996],[7425777.1900000004,5538372.5999999996],[7425778.5099999998,5538376.1500000004],[7425778,5538378.5399999991],[7425775.7999999998,5538390.1600000001],[7425771.7400000002,5538399.7899999991],[7425764.9800000004,5538418.9499999993],[7425758.0099999998,5538435.6999999993],[7425756.8200000003,5538438.6999999993],[7425756.0199999996,5538440.75],[7425743.6299999999,5538443.8699999992],[7425720.3499999996,5538449.7100000009],[7425716.8200000003,5538459.5800000001],[7425724.4000000004,5538456.6500000004],[7425739.9100000001,5538459.1500000004],[7425750.5300000003,5538461],[7425758.6299999999,5538463.8900000006],[7425760.75,5538464.6500000004],[7425765.7699999996,5538469.4499999993],[7425770.3600000003,5538472.8300000001],[7425784.2300000004,5538474.9700000007],[7425790.75,5538480.1300000008],[7425791.9500000002,5538487.9600000009],[7425793.0099999998,5538492.1999999993],[7425799.7400000002,5538499.6899999995],[7425798.9000000004,5538508.3300000001],[7425802.4500000002,5538510.5099999998],[7425806.1500000004,5538510.5],[7425810.54,5538512.9299999997],[7425810.0199999996,5538520.8499999996],[7425810.46,5538530.0299999993],[7425812.8300000001,5538534.5299999993],[7425817.6600000001,5538534.5199999996],[7425824.1900000004,5538531.0600000005],[7425830.3600000003,5538526.6400000006],[7425845.2599999998,5538518.5399999991],[7425851.2599999998,5538516.9700000007],[7425857.4299999997,5538518.9000000004],[7425866.7199999997,5538523.5399999991],[7425868.2999999998,5538524.9900000002],[7425875.9199999999,5538530.9000000004],[7425878.0300000003,5538537.7599999998],[7425878.3700000001,5538538.9000000004],[7425878.96,5538545.0999999996],[7425879.5099999998,5538550.9199999999],[7425878.5599999996,5538559.2599999998],[7425878.7800000003,5538568.4299999997],[7425887.5899999999,5538570.9900000002],[7425893.3399999999,5538570.5600000005],[7425898.7000000002,5538577.3699999992],[7425900.8600000003,5538580.3699999992],[7425909.75,5538578.2899999991],[7425911.0700000003,5538572.9700000007],[7425915.0800000001,5538568.0999999996],[7425922.0999999996,5538568.1899999995],[7425928.54,5538569.8699999992],[7425930.8700000001,5538568.7599999998],[7425932.1100000003,5538568.7400000002],[7425937.1500000004,5538575.3499999996],[7425945.8399999999,5538579.7599999998],[7425949.4900000002,5538584.5899999999],[7425953.1600000001,5538583.3900000006],[7425956.8799999999,5538583.5099999998],[7425961.4900000002,5538583.4700000007],[7425964.2300000004,5538584.4199999999],[7425969.5499999998,5538585.4100000001],[7425978.71,5538587.9499999993],[7425986.1299999999,5538590],[7425989.8600000003,5538590.0500000007],[7425997.4699999997,5538590.8499999996],[7426000.04,5538590.75],[7426002.9400000004,5538592.2100000009],[7426015.1500000004,5538598.3100000005],[7426021.8799999999,5538604.3699999992],[7426028.3099999996,5538607.2699999996],[7426026.96,5538614.0600000005],[7426024.9199999999,5538620.7200000007],[7426030.4199999999,5538622.8100000005],[7426034.6100000003,5538624.6600000001],[7426038.1900000004,5538636.5199999996],[7426041.3799999999,5538643.2300000004],[7426045.2199999997,5538642.2799999993],[7426050.6399999997,5538646.8300000001],[7426053.6399999997,5538648.7400000002],[7426058.6299999999,5538644.9499999993],[7426065.6399999997,5538646.9000000004],[7426068.3399999999,5538644.5500000007],[7426071.2199999997,5538645.4600000009],[7426075.2199999997,5538641.7899999991],[7426077.21,5538651.6199999992],[7426082.71,5538655.6699999999],[7426092.7400000002,5538660.2599999998],[7426098.5199999996,5538659.6999999993],[7426099.0999999996,5538659.7100000009],[7426098.6699999999,5538653.2799999993],[7426100.25,5538648.5999999996],[7426102.6100000003,5538651.5899999999],[7426107.25,5538653.4600000009],[7426116.9800000004,5538649.0800000001],[7426120.2199999997,5538652.5],[7426125.1200000001,5538651.1400000006],[7426121.1699999999,5538658.0099999998],[7426123.3600000003,5538659.4499999993],[7426127.7400000002,5538657.3000000007],[7426126.8300000001,5538662.0199999996],[7426130.1200000001,5538662.3900000006],[7426134.3600000003,5538662.8100000005],[7426138.0599999996,5538664.7899999991],[7426141.4100000001,5538666.5800000001],[7426144.9000000004,5538666.8200000003],[7426148.6600000001,5538672.8000000007],[7426158.9100000001,5538676.3100000005],[7426160.4299999997,5538680.5500000007],[7426167.1100000003,5538681.9399999995],[7426181.3200000003,5538688.8200000003],[7426184.5999999996,5538691.1600000001],[7426188.4500000002,5538695.3499999996],[7426190.8499999996,5538697.6199999992],[7426196.6699999999,5538699.9499999993],[7426200.96,5538699.0099999998],[7426207.21,5538697.4499999993],[7426209.3200000003,5538698.4399999995],[7426213.0300000003,5538692.5600000005],[7426215.4199999999,5538686.8800000008],[7426218.5999999996,5538685.8599999994],[7426223.7199999997,5538685.0399999991],[7426227.5599999996,5538692.5600000005],[7426231.1699999999,5538691.8100000005],[7426232.2599999998,5538695.3300000001],[7426234.54,5538694.1500000004],[7426235.2999999998,5538689.8800000008],[7426237.4500000002,5538689.8000000007],[7426240.0099999998,5538690.4700000007],[7426241.7800000003,5538691.9100000001],[7426245.0300000003,5538690.5099999998],[7426249.1100000003,5538683.0399999991],[7426254.79,5538690.7899999991],[7426257.4699999997,5538692.0399999991],[7426259.4900000002,5538698.3699999992],[7426265.4800000004,5538698.9499999993],[7426267.8499999996,5538697.6899999995],[7426270.3499999996,5538697.9399999995],[7426272.7699999996,5538699.6799999997],[7426271.2800000003,5538703.4199999999],[7426272.8300000001,5538705.9199999999],[7426276.0300000003,5538708.5700000003],[7426278.5300000003,5538711.1400000006],[7426279.3099999996,5538717.0500000007],[7426281.5199999996,5538714.6199999992],[7426284.21,5538713.7799999993],[7426286.2800000003,5538713.1999999993],[7426291.6399999997,5538714.8599999994],[7426292.2199999997,5538707.5399999991],[7426293.6299999999,5538702.1999999993],[7426303.46,5538706.3900000006],[7426308.1900000004,5538707.6999999993],[7426311.7699999996,5538708.7100000009],[7426319.3899999997,5538715.3399999999],[7426326.9500000002,5538719.4299999997],[7426341.1699999999,5538727.4499999993],[7426350.1799999997,5538729.1600000001],[7426365.1500000004,5538735.1400000006],[7426373.9000000004,5538737.6099999994],[7426385.4699999997,5538741.75],[7426394.04,5538740.5500000007],[7426400.0700000003,5538742.8000000007],[7426406.8099999996,5538741.1300000008],[7426415.2300000004,5538743.2799999993],[7426417.4800000004,5538745.4100000001],[7426419.8899999997,5538746.1500000004],[7426425.4400000004,5538745.0700000003],[7426432.1299999999,5538743.75],[7426445.3300000001,5538743.6600000001],[7426446.9100000001,5538746.1099999994],[7426447.5700000003,5538752.5800000001],[7426454.0300000003,5538755.6300000008],[7426459.29,5538762.25],[7426471.3600000003,5538766.9800000004],[7426486.0999999996,5538776.7200000007],[7426496.6699999999,5538778.4700000007],[7426520.2000000002,5538787.8399999999],[7426535.1200000001,5538793.4900000002],[7426536.6399999997,5538791.8699999992],[7426543.0099999998,5538785.0700000003],[7426552.0800000001,5538782.0299999993],[7426568.5099999998,5538789.6400000006],[7426573.3499999996,5538795.6799999997],[7426583.5499999998,5538792.0399999991],[7426591.2199999997,5538790.9800000004],[7426600.0999999996,5538784.5700000003],[7426603.9299999997,5538785.9199999999],[7426606.4000000004,5538786.3599999994],[7426616.25,5538787.3000000007],[7426629.3700000001,5538785.6699999999],[7426636.7400000002,5538792.9900000002],[7426640.5599999996,5538791.5899999999],[7426640.9400000004,5538796.6899999995],[7426641.3399999999,5538801.2300000004],[7426640.4400000004,5538809.6600000001],[7426650.6699999999,5538810.9900000002],[7426654.8899999997,5538813.9000000004],[7426658.2999999998,5538813.8800000008],[7426662.5300000003,5538814.9900000002],[7426668.5700000003,5538816.2100000009],[7426677.9400000004,5538818.0899999999],[7426679.1200000001,5538818.3000000007],[7426683.1100000003,5538815.1199999992],[7426685.8499999996,5538818.7100000009],[7426688.3700000001,5538822.6799999997],[7426694.75,5538826.9800000004],[7426700.8300000001,5538826.4199999999],[7426704.6799999997,5538823.3699999992],[7426706.3200000003,5538823.4299999997],[7426709.7400000002,5538823.5600000005],[7426714.7199999997,5538821.2699999996],[7426721.5099999998,5538822.9100000001],[7426730.2699999996,5538821.8000000007],[7426735.1200000001,5538825.4499999993],[7426736.3899999997,5538824.4700000007],[7426739.3099999996,5538826.2699999996],[7426741.3899999997,5538825.2300000004],[7426744.3300000001,5538821.2100000009],[7426751.2699999996,5538816.1199999992],[7426752.2999999998,5538817.7100000009],[7426757.4199999999,5538819.6999999993],[7426762.3799999999,5538823.4900000002],[7426766.0999999996,5538821.4700000007],[7426768.79,5538820.1699999999],[7426769.5300000003,5538815.3599999994],[7426774.9900000002,5538816.25],[7426779.79,5538817.5099999998],[7426784.1900000004,5538817.5500000007],[7426789.6100000003,5538819.6600000001],[7426791.1699999999,5538817.2100000009],[7426795.3200000003,5538809.9399999995],[7426800.96,5538810.1799999997],[7426803.6699999999,5538812.8399999999],[7426805.1900000004,5538814.3499999996],[7426812.1399999997,5538810.7599999998],[7426814.8499999996,5538811.8399999999],[7426820.1200000001,5538812.7799999993],[7426822.4800000004,5538811.1699999999],[7426831.6500000004,5538808.1099999994],[7426839.0999999996,5538805.0199999996],[7426843.1500000004,5538806.6699999999],[7426852.4299999997,5538803.8100000005],[7426857.2699999996,5538802.4900000002],[7426864.6100000003,5538802.2699999996],[7426869.9000000004,5538803.2599999998],[7426873.6399999997,5538800.0299999993],[7426880.0099999998,5538798.9700000007],[7426888.21,5538800.4700000007],[7426890.9699999997,5538802.3000000007],[7426897.0899999999,5538802.1300000008],[7426901.3499999996,5538801.5399999991],[7426919.2800000003,5538802.9399999995],[7426923.5099999998,5538804.6400000006],[7426925.1600000001,5538804.5800000001],[7426932.2000000002,5538804.3100000005],[7426938.3899999997,5538804.5700000003],[7426949.4900000002,5538807.8800000008],[7426950.3300000001,5538808.1300000008],[7426976.8899999997,5538809.3499999996],[7426980.6500000004,5538809.3599999994],[7426993.9800000004,5538809.3800000008],[7427007.1500000004,5538807.5399999991],[7427016.7599999998,5538800.4000000004],[7427021.2300000004,5538798.2100000009],[7427025.9400000004,5538795.0899999999],[7427027.4299999997,5538790.4100000001],[7427027.29,5538787.2100000009],[7427028.5800000001,5538782.3100000005],[7427028.5999999996,5538778.0500000007],[7427031.4299999997,5538775.2599999998],[7427032.8799999999,5538770.0099999998],[7427031.9500000002,5538766.5099999998],[7427032.4400000004,5538763.1400000006],[7427028.1200000001,5538757.5199999996],[7427029.0300000003,5538749.9600000009],[7427027.8700000001,5538741.9700000007],[7427028.0899999999,5538738.7200000007],[7427028.25,5538736.2599999998],[7427031.3600000003,5538725.6500000004],[7427030.7000000002,5538719.4199999999],[7427032.4000000004,5538713.2100000009],[7427028.1200000001,5538707.9499999993],[7427025.9199999999,5538700.5399999991],[7427020.8499999996,5538691.9299999997],[7427018.2699999996,5538683.6999999993],[7427012.8399999999,5538681.2300000004],[7427010.3300000001,5538677.9800000004],[7427009.6299999999,5538677.0600000005],[7427009.6399999997,5538671.8399999999],[7427008.0899999999,5538670.0500000007],[7427008.71,5538667.0999999996],[7427006.4199999999,5538663.5099999998],[7427007.3499999996,5538661.5500000007],[7427007.2400000002,5538660.0500000007],[7427005.5800000001,5538658.7300000004],[7427003.9400000004,5538659.0199999996],[7427002.5899999999,5538658.4700000007],[7426999.0800000001,5538659.0899999999],[7426996.5300000003,5538655.3599999994],[7426993.1699999999,5538651.5999999996],[7426993.0599999996,5538644.8900000006],[7426993.0099999998,5538642.2300000004],[7426993.3300000001,5538636.2200000007],[7426991.5999999996,5538633.2400000002],[7426993.2999999998,5538629.5299999993],[7426992.5300000003,5538625.8699999992],[7426991.5,5538619.1300000008],[7426989.29,5538612.1300000008],[7426988.2300000004,5538605.0899999999],[7426990.0599999996,5538599.3000000007],[7426988.0899999999,5538591.8900000006],[7426985.8399999999,5538582.7400000002],[7426985.0300000003,5538579.4000000004],[7426981.0300000003,5538569.1699999999],[7426980.5599999996,5538567.75],[7426978.8899999997,5538562.6300000008],[7426977.7300000004,5538558.7100000009],[7426971.54,5538553.0999999996],[7426968.7300000004,5538550.0299999993],[7426962.9900000002,5538543.8599999994],[7426958.54,5538536.3100000005],[7426954.5800000001,5538531.5199999996],[7426947.96,5538521.7400000002],[7426946.6500000004,5538519.8699999992],[7426946.8799999999,5538511.2300000004],[7426944.9299999997,5538507.4700000007],[7426945.0800000001,5538502.0600000005],[7426942.4699999997,5538496.9800000004],[7426941.4900000002,5538480.2200000007],[7426943.0199999996,5538474.3599999994],[7426942.7199999997,5538470.9800000004],[7426945.2599999998,5538467.8399999999],[7426949.1299999999,5538457.25],[7426950.4699999997,5538451.1199999992],[7426952.96,5538446.6999999993],[7426952.7999999998,5538443.0299999993],[7426955.7400000002,5538437.7599999998],[7426957.0700000003,5538435.0399999991],[7426958.3499999996,5538432.4600000009],[7426964.3600000003,5538426.3800000008],[7426967.8099999996,5538423.2300000004],[7426969.5800000001,5538420.3900000006],[7426970.2400000002,5538414.2599999998],[7426969.2000000002,5538410.3399999999],[7426967.5,5538407.0099999998],[7426972.2800000003,5538399.6999999993],[7426987.3300000001,5538389.3499999996],[7426994.1399999997,5538379.1400000006],[7426997.5599999996,5538375.4100000001],[7427002.25,5538371.5600000005],[7427002.2400000002,5538367.2300000004],[7426997.2800000003,5538353.3699999992],[7426996.3700000001,5538345.9299999997],[7426996.5999999996,5538343.75],[7426996.6600000001,5538343.1699999999],[7426996.7800000003,5538341.9800000004],[7426997.2599999998,5538338.0299999993],[7427000.7599999998,5538313.8399999999],[7427002.5199999996,5538257.9700000007],[7427001.7000000002,5538240.6999999993],[7427000.6500000004,5538225.9299999997],[7426999.46,5538209.1799999997],[7426997.4100000001,5538193.1300000008],[7426994.5599999996,5538170.8399999999],[7426994.1399999997,5538166.0600000005],[7426993.4500000002,5538157.9499999993],[7426992.7599999998,5538155.7899999991],[7426989.1900000004,5538144.5999999996],[7426976.2300000004,5538109.3800000008],[7426972.3200000003,5538099.6600000001],[7426963.2999999998,5538081.4399999995],[7426954.6500000004,5538064.1600000001],[7426947.9500000002,5538045.7899999991],[7426947.2400000002,5538043.6199999992],[7426946.5700000003,5538041.5299999993],[7426945.4199999999,5538032.3900000006],[7426944.2199999997,5538028.9800000004],[7426944.2300000004,5538028.4600000009],[7426944.2400000002,5538023.5700000003],[7426944.7000000002,5538011.1699999999],[7426944.1799999997,5538006.3100000005],[7426943.8700000001,5538003.3000000007],[7426943.0899999999,5537999.4499999993],[7426939.9699999997,5537990.3800000008],[7426936.6600000001,5537983.8599999994],[7426932.7699999996,5537976.1500000004],[7426925.9500000002,5537964.8200000003],[7426919.9299999997,5537954.7799999993],[7426916.5,5537948.3200000003],[7426913.0099999998,5537939.2699999996],[7426911.96,5537928.6799999997],[7426912.8799999999,5537922.4399999995],[7426916.46,5537911.1999999993],[7426917.3799999999,5537906.1300000008],[7426919.5300000003,5537893.0800000001],[7426920.1900000004,5537891.7100000009],[7426922.3899999997,5537886.9100000001],[7426923.2699999996,5537879.7300000004],[7426924.8600000003,5537875.8699999992],[7426926.8799999999,5537873.8900000006],[7426929.7999999998,5537873.0299999993],[7426964.0899999999,5537870.4700000007],[7426997.9699999997,5537868.75],[7427026.8300000001,5537867.8100000005],[7427056.8300000001,5537865.4900000002],[7427064.3600000003,5537865.4100000001],[7427075.0700000003,5537865.2799999993],[7427088.1299999999,5537866.0399999991],[7427102.8300000001,5537867.0199999996],[7427106.4500000002,5537867.2599999998],[7427128.8799999999,5537870.9600000009],[7427143.3600000003,5537873.1699999999],[7427148.2599999998,5537873.9299999997],[7427148.5499999998,5537873.9700000007],[7427164.9800000004,5537877.6400000006],[7427172.2599999998,5537878.3800000008],[7427183.8099999996,5537879.5600000005],[7427194.6399999997,5537883.4499999993],[7427205.1399999997,5537881.6500000004],[7427222.7199999997,5537883.7200000007],[7427233.7800000003,5537885.4700000007],[7427242.25,5537887.6600000001],[7427249.3399999999,5537888.3100000005],[7427264.2199999997,5537891.4600000009],[7427275.8899999997,5537897.3800000008],[7427293.5599999996,5537903.2100000009],[7427297.3399999999,5537902.3300000001],[7427300.1500000004,5537901.6699999999],[7427303.2199999997,5537900.6799999997],[7427327.1799999997,5537907.8200000003],[7427336.4299999997,5537911.1400000006],[7427341.0099999998,5537914.0600000005],[7427365.4100000001,5537912.1300000008],[7427369.1799999997,5537911.2100000009],[7427373.6200000001,5537910.5500000007],[7427388.2599999998,5537911.25],[7427393.0099999998,5537911.4800000004],[7427398.3399999999,5537911.5199999996],[7427398.71,5537911.5199999996],[7427411.7699999996,5537911.6099999994],[7427416.7800000003,5537911.6500000004],[7427429.7699999996,5537911.7300000004],[7427430.1399999997,5537911.7400000002],[7427437.6200000001,5537911.4199999999],[7427443.6900000004,5537911.6300000008],[7427447.7199999997,5537911.6600000001],[7427466.0800000001,5537911.8399999999],[7427478.3200000003,5537911.9499999993],[7427481.6100000003,5537911.7599999998],[7427492.0199999996,5537910.8399999999],[7427503.1600000001,5537909.8599999994],[7427505.9800000004,5537909.6999999993],[7427527.5999999996,5537908.4000000004],[7427553.3700000001,5537907.4399999995],[7427558.9900000002,5537906.6500000004],[7427572.5899999999,5537908.7899999991],[7427579.9100000001,5537909.9299999997],[7427590.5700000003,5537912.0099999998],[7427603.0800000001,5537914.4499999993],[7427603.3300000001,5537914.5],[7427606.3799999999,5537915.0600000005],[7427616.5599999996,5537916.9600000009],[7427636.8899999997,5537920.5199999996],[7427640.7000000002,5537921.7400000002],[7427641.4500000002,5537921.3300000001],[7427642.6900000004,5537921.5399999991],[7427662.3499999996,5537925.1300000008],[7427681.0700000003,5537929.1600000001],[7427695.7800000003,5537932.9700000007],[7427702.2800000003,5537934.6600000001],[7427714.6500000004,5537936.4499999993],[7427730.6100000003,5537939.0800000001],[7427733.8899999997,5537939.6899999995],[7427741.6200000001,5537941.0199999996],[7427752.8799999999,5537944.6600000001],[7427762.5599999996,5537948.5399999991],[7427770.5599999996,5537951.5700000003],[7427781.9100000001,5537955.9499999993],[7427784.79,5537957.0600000005],[7427792.3099999996,5537959.9600000009],[7427802.9299999997,5537962.4199999999],[7427813.7300000004,5537964.9199999999],[7427818.7000000002,5537965.2200000007],[7427840.2000000002,5537967.8599999994],[7427852.1299999999,5537969.7300000004],[7427868.4800000004,5537972.3800000008],[7427896.21,5537976.7599999998],[7427923.8300000001,5537981.8599999994],[7427927.8399999999,5537982.8599999994],[7427933.29,5537983.6099999994],[7427946.6200000001,5537986.0899999999],[7427951.2800000003,5537986.9600000009],[7427957.6399999997,5537988.25],[7427962.46,5537988.9199999999],[7427971.6200000001,5537990.2200000007],[7427983.0199999996,5537991.7799999993],[7427987.7199999997,5537992.4299999997],[7427990.5999999996,5537993.6099999994],[7428018.5099999998,5537996.6199999992],[7428037.6799999997,5537997.3399999999],[7428043.3899999997,5537998.2599999998],[7428051.7300000004,5537999.6400000006],[7428076.4900000002,5538004.4299999997],[7428100.9699999997,5538011.5199999996],[7428116.4900000002,5538015.7899999991],[7428127.3600000003,5538018.7799999993],[7428127.0499999998,5538022.5099999998],[7428126.5999999996,5538027.8699999992],[7428129.7300000004,5538036.3800000008],[7428133.3399999999,5538043.5],[7428141.0199999996,5538047.9299999997],[7428151.1600000001,5538051.8399999999],[7428161.4800000004,5538060.7100000009],[7428171.71,5538067.3900000006],[7428173.3399999999,5538068.1799999997],[7428178.46,5538070.5700000003],[7428200.6399999997,5538080.9199999999],[7428208.2300000004,5538089.2699999996],[7428208.7599999998,5538090.0299999993],[7428223.3899999997,5538099.1999999993],[7428233.1900000004,5538102.0800000001],[7428237.8499999996,5538102.6199999992],[7428249.2800000003,5538103.9299999997],[7428251.6900000004,5538103.7699999996],[7428257.0599999996,5538103.4000000004],[7428259.1900000004,5538110.4600000009],[7428259.3499999996,5538111.1400000006],[7428260.6200000001,5538116.5999999996],[7428263.8600000003,5538121.1199999992],[7428278.9000000004,5538133.5],[7428280.1600000001,5538134.5199999996],[7428280.6299999999,5538134.9199999999],[7428280.7800000003,5538135.0500000007],[7428294.7400000002,5538146.2400000002],[7428296.9199999999,5538147.9900000002],[7428301.0599999996,5538151.3100000005],[7428309.0999999996,5538157.7699999996],[7428323.8300000001,5538169.8699999992],[7428339.3600000003,5538182.9700000007],[7428344.3099999996,5538186.1799999997],[7428351.8600000003,5538191.0600000005],[7428355,5538194.25],[7428372.2199999997,5538185.6300000008],[7428393.4100000001,5538176.75],[7428405.9199999999,5538168.5199999996],[7428408.0800000001,5538167.1199999992],[7428421.9299999997,5538160.8100000005],[7428430.6399999997,5538158.1099999994],[7428438.2999999998,5538156.5600000005],[7428438.9000000004,5538156.4299999997],[7428448.7699999996,5538156.1699999999],[7428468.0300000003,5538158.8499999996],[7428476.6900000004,5538156.8200000003],[7428487.5,5538152.6400000006],[7428491.4299999997,5538150.5],[7428496.5999999996,5538147.6699999999],[7428500.4299999997,5538145.0199999996],[7428502.1600000001,5538143.9199999999],[7428507.0599999996,5538140.7899999991],[7428510.1399999997,5538138.8300000001],[7428516.6600000001,5538133.1600000001],[7428510.9000000004,5538127.1600000001],[7428505.1200000001,5538121.0600000005],[7428494.7999999998,5538106.9700000007],[7428480.79,5538080.4299999997],[7428513.5700000003,5538075.8300000001],[7428536.6299999999,5538073.9199999999],[7428561.0700000003,5538074.4499999993],[7428585.7699999996,5538074.9800000004],[7428604.5700000003,5538076.0099999998],[7428609.25,5538076.4900000002],[7428613.1200000001,5538076.8699999992],[7428634.8099999996,5538077.6799999997],[7428653.79,5538077.9600000009],[7428668.0199999996,5538078.3200000003],[7428680.1500000004,5538079.9800000004],[7428701.25,5538084.7200000007],[7428713.9299999997,5538087.3800000008],[7428723.2199999997,5538087.4199999999],[7428728.46,5538087.5099999998],[7428733.25,5538087.5999999996],[7428754.2199999997,5538085.9800000004],[7428765.79,5538086.0399999991],[7428779.5099999998,5538092.1600000001],[7428789.0800000001,5538096.7200000007],[7428791.2199999997,5538097.5500000007],[7428796.8200000003,5538099.7300000004],[7428809.2699999996,5538102.4000000004],[7428818.1399999997,5538105.7799999993],[7428827.6399999997,5538109.6099999994],[7428839.3499999996,5538112.5099999998],[7428853.8099999996,5538116.2699999996],[7428858.9900000002,5538118.6699999999],[7428863.1299999999,5538120.5899999999],[7428853.1200000001,5538126.2899999991],[7428844.4699999997,5538130.6300000008],[7428835.9000000004,5538137.9800000004],[7428829.46,5538145.8800000008],[7428826.2699999996,5538151.0600000005],[7428824.29,5538157],[7428824.21,5538157.2400000002],[7428832.4299999997,5538168.5],[7428842.8399999999,5538186.3399999999],[7428851.3899999997,5538200.1799999997],[7428860.6600000001,5538209.3200000003],[7428865.5999999996,5538218.5700000003],[7428876.0800000001,5538224.1699999999],[7428881.2699999996,5538225.4000000004],[7428886.2599999998,5538223.7899999991],[7428891.3300000001,5538223.8599999994],[7428903.1100000003,5538229.5199999996],[7428925.8300000001,5538241.4900000002],[7428932.54,5538232.6500000004],[7428936.54,5538241.0999999996],[7428958.5700000003,5538287.6099999994],[7428964.0700000003,5538296.8100000005],[7428966.2300000004,5538307.9800000004],[7428975.5800000001,5538319.0500000007],[7428978.7599999998,5538329.5899999999],[7428982.25,5538337.7400000002],[7428988.6600000001,5538353.1099999994],[7428990.1799999997,5538354.6999999993],[7428994.96,5538359.2400000002],[7428992.9000000004,5538366.1699999999],[7428991.0199999996,5538376.8699999992],[7428990.29,5538384.0700000003],[7428989.54,5538389.6099999994],[7428987.6200000001,5538403.7300000004],[7428987.2300000004,5538419.8300000001],[7428985.9800000004,5538439.8399999999],[7428987.7800000003,5538458.6400000006],[7428987.8300000001,5538472.0500000007],[7428986.96,5538485.1999999993],[7428986.1600000001,5538494.2899999991],[7428982.1900000004,5538524.4199999999],[7428979.8600000003,5538548.2799999993],[7428978.1200000001,5538571.3800000008],[7428977.6699999999,5538589.8000000007],[7428976.8899999997,5538601.9000000004],[7428974.54,5538619.75],[7428974.2300000004,5538633.9399999995],[7428973.1100000003,5538663.4199999999],[7428972.9000000004,5538668.9199999999],[7428972.8200000003,5538676.3200000003],[7428973.8600000003,5538680.6300000008],[7428976.7400000002,5538686.3200000003],[7428980.0599999996,5538690.6600000001],[7428988.8799999999,5538695.0899999999],[7429001.21,5538700.8699999992],[7429007.7199999997,5538704.25],[7429018.2699999996,5538710.1999999993],[7429032.1500000004,5538718.3000000007],[7429041.2000000002,5538724.6899999995],[7429050.5899999999,5538730.25],[7429061.6799999997,5538737.0299999993],[7429066.9500000002,5538740.8499999996],[7429073.2800000003,5538745.3000000007],[7429078.46,5538748.9800000004],[7429086.0800000001,5538754.4299999997],[7429094.9800000004,5538760.6600000001],[7429103.6900000004,5538767.5600000005],[7429118.3300000001,5538779.4700000007],[7429129.5599999996,5538790.8100000005],[7429142.3099999996,5538802.4600000009],[7429151.8799999999,5538810.4900000002],[7429165.2199999997,5538823.5399999991],[7429179.5800000001,5538837.3499999996],[7429187.0899999999,5538842.0399999991],[7429193.2300000004,5538844.7899999991],[7429196.71,5538853.0999999996],[7429216.7699999996,5538870.1999999993],[7429235.9500000002,5538887.1400000006],[7429245.9199999999,5538894.8599999994],[7429263.0099999998,5538909.4600000009],[7429271.0199999996,5538917.0500000007],[7429283.4199999999,5538933.2899999991],[7429292.4000000004,5538942.5199999996],[7429302.6900000004,5538958.8699999992],[7429310.2199999997,5538967.5500000007],[7429318.2199999997,5538978.8699999992],[7429329.0800000001,5538990.5800000001],[7429339.1100000003,5539003.9299999997],[7429353.0099999998,5539020.0500000007],[7429363.54,5539033.4900000002],[7429374.3899999997,5539046.25],[7429382.5599999996,5539059.0800000001],[7429390.3099999996,5539070.7400000002],[7429398.8300000001,5539082.9700000007],[7429405.1900000004,5539093.1899999995],[7429409.4199999999,5539102.6099999994],[7429418.9299999997,5539122.1300000008],[7429428.79,5539136.1199999992],[7429436.0800000001,5539147.0500000007],[7429455.2599999998,5539166.6300000008],[7429474.6799999997,5539184.0099999998],[7429474.8300000001,5539184.1699999999],[7429481.0199999996,5539190.6500000004],[7429487.0800000001,5539200.0199999996],[7429499.7000000002,5539203.75],[7429501.9699999997,5539207.0800000001],[7429516.25,5539220.6500000004],[7429518.2199999997,5539221.4299999997],[7429521.7300000004,5539225.3499999996],[7429533.0800000001,5539235.7200000007],[7429545.0700000003,5539246.9299999997],[7429552.5899999999,5539252.3900000006],[7429573.8700000001,5539269.5299999993],[7429575.6699999999,5539271.0199999996],[7429586.3499999996,5539279.6400000006],[7429597.9699999997,5539286.3499999996],[7429611.0800000001,5539297.0800000001],[7429623.46,5539309.6899999995],[7429624.1699999999,5539331.9100000001],[7429625.5700000003,5539338.6400000006],[7429627.9100000001,5539350.9499999993],[7429628.96,5539360.0899999999],[7429628.25,5539364.5299999993],[7429627.4900000002,5539369.8699999992],[7429626.1799999997,5539374.6999999993],[7429625.0800000001,5539377.0099999998],[7429622.71,5539382.0399999991],[7429612.8600000003,5539398.5600000005],[7429605.1299999999,5539410.5700000003],[7429595.8600000003,5539423.1500000004],[7429587.3499999996,5539434.9299999997],[7429577.96,5539446.9399999995],[7429569.4000000004,5539458.8800000008],[7429557.8099999996,5539471.3900000006],[7429544.7800000003,5539485.1600000001],[7429542.9699999997,5539487.1300000008],[7429535.1200000001,5539495.6799999997],[7429527.0800000001,5539504.2799999993],[7429514.6399999997,5539516.3100000005],[7429509.54,5539519.9399999995],[7429487.3399999999,5539539.5999999996],[7429468.6299999999,5539556.2599999998],[7429453.8499999996,5539569.3399999999],[7429442.3899999997,5539580.0600000005],[7429431.7300000004,5539591.6300000008],[7429425.7999999998,5539598.8599999994],[7429416.0999999996,5539613.5299999993],[7429407.96,5539630.1500000004],[7429400.0999999996,5539645.0399999991],[7429394.7300000004,5539658.3900000006],[7429391.1200000001,5539672.0500000007],[7429389.3499999996,5539681.0800000001],[7429387.6500000004,5539689.7400000002],[7429378.2599999998,5539719.7699999996],[7429378.4199999999,5539728.8699999992],[7429369.9100000001,5539739.0299999993],[7429362.8700000001,5539780.9900000002],[7429354.7599999998,5539804.3399999999],[7429350.7999999998,5539827.2699999996],[7429333.9299999997,5539853.6999999993],[7429324.2800000003,5539871.8499999996],[7429314.5499999998,5539887.9499999993],[7429303.96,5539908.9900000002],[7429295.2400000002,5539924.6099999994],[7429295.1699999999,5539928.0999999996],[7429291.3799999999,5539943.4900000002],[7429287.0899999999,5539957.0299999993],[7429285.1699999999,5539964.2400000002],[7429283.9000000004,5539969.0399999991],[7429279.4500000002,5539997],[7429277.2000000002,5540011.1199999992],[7429276.0599999996,5540030.9600000009],[7429275.9299999997,5540045.75],[7429275.8200000003,5540058.0700000003],[7429277.5199999996,5540062.2400000002],[7429279.1900000004,5540066.6600000001],[7429278.1799999997,5540075.1999999993],[7429276.3200000003,5540088.4800000004],[7429274.8099999996,5540100.2300000004],[7429270.7800000003,5540117.4399999995],[7429266.6100000003,5540134.8399999999],[7429265.9299999997,5540139.9299999997],[7429265.0300000003,5540145.0500000007],[7429262.54,5540155.5399999991],[7429261.71,5540159.0800000001],[7429252.2000000002,5540165.2200000007],[7429242.9900000002,5540171.1699999999],[7429234.5099999998,5540174.2599999998],[7429234.3499999996,5540176.2699999996],[7429229.8899999997,5540188.5500000007],[7429217.4900000002,5540200.1600000001],[7429216.9100000001,5540200.6999999993],[7429213.2800000003,5540203.3599999994],[7429209.8300000001,5540214.9800000004],[7429206.6500000004,5540225.7100000009],[7429202,5540237.8100000005],[7429198.8399999999,5540247.8599999994],[7429197.7800000003,5540251.2400000002],[7429192.79,5540260.1500000004],[7429189.5999999996,5540267.7400000002],[7429187.2300000004,5540275.0399999991],[7429185.6299999999,5540280.2200000007],[7429182.8899999997,5540289.0800000001],[7429179.5599999996,5540296.8300000001],[7429175.9900000002,5540299.4000000004],[7429170.7999999998,5540307],[7429166.5099999998,5540310],[7429161.0199999996,5540313.8200000003],[7429160.3300000001,5540314.7699999996],[7429158.0899999999,5540317.8699999992],[7429150.0499999998,5540327.9600000009],[7429144.9900000002,5540331.5800000001],[7429131.8300000001,5540342.6899999995],[7429127.3399999999,5540343.5500000007],[7429115.8600000003,5540349.6999999993],[7429109.4400000004,5540353.0099999998],[7429100.79,5540357.4700000007],[7429091.2699999996,5540364],[7429089.0800000001,5540362.3699999992],[7429063.3799999999,5540355.4499999993],[7429055.5499999998,5540356.7400000002],[7429050.5899999999,5540353.75],[7429039.5,5540351.7699999996],[7429037.7800000003,5540353.8100000005],[7429032.8399999999,5540358.2699999996],[7429023.1900000004,5540357.3399999999],[7429013.0499999998,5540362.1899999995],[7429007.5499999998,5540364.2599999998],[7429005.3399999999,5540365.2799999993],[7428997.7599999998,5540368.3800000008],[7428989.9900000002,5540370.9600000009],[7428980.9100000001,5540373.8800000008],[7428973.96,5540375.8599999994],[7428968.9199999999,5540377.6099999994],[7428951.9299999997,5540382.8300000001],[7428941.9299999997,5540386.1699999999],[7428931.7199999997,5540390.4700000007],[7428913.1100000003,5540394.7100000009],[7428905.3899999997,5540403.5899999999],[7428901.6399999997,5540408.7400000002],[7428891.1299999999,5540417.9199999999],[7428886.6600000001,5540427.5],[7428875.3700000001,5540437.7200000007],[7428872.8499999996,5540444.1500000004],[7428863.21,5540448.7799999993],[7428857.0499999998,5540452.5199999996],[7428857.7599999998,5540459.1199999992],[7428843.7199999997,5540466.8800000008],[7428836.7400000002,5540475.9299999997],[7428832.9500000002,5540481.75],[7428822.75,5540490.25],[7428814.9500000002,5540497.7799999993],[7428813.1699999999,5540499.5],[7428806.3499999996,5540503.1600000001],[7428802.8200000003,5540505.0600000005],[7428789.8700000001,5540510.0199999996],[7428782.5199999996,5540512.6400000006],[7428778.5199999996,5540516],[7428772.5199999996,5540520.3599999994],[7428767.3499999996,5540516.7799999993],[7428761.9000000004,5540520.5500000007],[7428756.75,5540520.25],[7428751.7699999996,5540521.25],[7428745.5800000001,5540522.4900000002],[7428741.1799999997,5540525.25],[7428739.1600000001,5540528.2200000007],[7428739.2199999997,5540531.3100000005],[7428731.4400000004,5540535.9800000004],[7428725.5599999996,5540533.5999999996],[7428722.75,5540536.25],[7428718.3700000001,5540543.5500000007],[7428709.5099999998,5540546.3100000005],[7428696.3499999996,5540552.4199999999],[7428690.0899999999,5540555.7300000004],[7428684.7400000002,5540557.8200000003],[7428680.96,5540562.0600000005],[7428678.7599999998,5540565.3100000005],[7428667.1699999999,5540568.5600000005],[7428657.7699999996,5540568.4800000004],[7428648.5899999999,5540575.3300000001],[7428643.1600000001,5540574.3200000003],[7428638.4900000002,5540569.0999999996],[7428623.1399999997,5540558.6799999997],[7428627.5999999996,5540563.4800000004],[7428621.75,5540588.6099999994],[7428615.5,5540597.2599999998],[7428606.4100000001,5540601.6699999999],[7428594.5,5540616.1199999992],[7428596.5899999999,5540619.8100000005],[7428603.4900000002,5540628.5500000007],[7428593.75,5540634.8300000001],[7428593.1900000004,5540635.1899999995],[7428590.4299999997,5540640.6899999995],[7428587.8700000001,5540645.8000000007],[7428584.71,5540649.1699999999],[7428579.4400000004,5540654.75],[7428572.7300000004,5540657.9100000001],[7428571.2300000004,5540662.1899999995],[7428568.3200000003,5540665.3599999994],[7428561.8700000001,5540664.5099999998],[7428559.3799999999,5540665.9600000009],[7428549.3399999999,5540671.8000000007],[7428540.7300000004,5540674.8499999996],[7428541.8899999997,5540696.0999999996],[7428538.29,5540710.0600000005],[7428533.9400000004,5540723.4399999995],[7428532.5800000001,5540734.9100000001],[7428530.2000000002,5540743.8399999999],[7428528.3300000001,5540755.9800000004],[7428525.8700000001,5540764.0899999999],[7428524.2699999996,5540769.3800000008],[7428518.0800000001,5540773.7799999993],[7428510.6500000004,5540785.25],[7428508.5099999998,5540789.2799999993],[7428505.75,5540794.9499999993],[7428509.75,5540801.2100000009],[7428507.1799999997,5540811.9499999993],[7428514.6600000001,5540819.9399999995],[7428516.4299999997,5540821.8399999999],[7428519.3799999999,5540825.5800000001],[7428527.8099999996,5540841.2699999996],[7428542.1100000003,5540854.9900000002],[7428551.5800000001,5540867],[7428559.5700000003,5540877.1099999994],[7428560.9199999999,5540886.5500000007],[7428561.3799999999,5540899.5099999998],[7428560.5599999996,5540909.5500000007],[7428563.8200000003,5540917.3699999992],[7428561.7599999998,5540924.6999999993],[7428561.6600000001,5540931.9600000009],[7428563.1900000004,5540939.5199999996],[7428564.6699999999,5540941.0700000003],[7428571.8799999999,5540948.5999999996],[7428576.3399999999,5540955.5099999998],[7428573.9699999997,5540958.6400000006],[7428572.4100000001,5540961.75],[7428575.25,5540972.4700000007],[7428578.5700000003,5540981.7400000002],[7428581.7699999996,5540986.6899999995],[7428588.5300000003,5540997.1400000006],[7428597.6100000003,5541007.0800000001],[7428603.2000000002,5541013.6899999995],[7428606.5199999996,5541019.5299999993],[7428609.25,5541027.7200000007],[7428604.8300000001,5541038.7699999996],[7428594.96,5541050.1799999997],[7428592.1100000003,5541049.8300000001],[7428584.7300000004,5541048.9499999993],[7428552.46,5541049.7200000007],[7428551.4199999999,5541049.4199999999],[7428546.7999999998,5541048.0600000005],[7428534.5599999996,5541044.4600000009],[7428509.9900000002,5541042.4700000007],[7428501.79,5541041.9600000009],[7428476.5199999996,5541040.3900000006],[7428455.3600000003,5541041.7100000009],[7428448.3399999999,5541042.1400000006],[7428402.6200000001,5541046.0899999999],[7428398.1799999997,5541025.2400000002],[7428353,5541014.0099999998],[7428306.96,5541002.5700000003],[7428266.5800000001,5540992.5199999996],[7428251.9000000004,5540989.3900000006],[7428243.9299999997,5540990.3499999996],[7428216.6600000001,5540984.0899999999],[7428202.0599999996,5540982.9199999999],[7428190.3499999996,5540981.6699999999],[7428156.3600000003,5540980.3499999996],[7428152.75,5540977.6999999993],[7428129.2999999998,5540975.6400000006],[7428127.9199999999,5540975.5199999996],[7428107.4800000004,5540973.7300000004],[7428072.1600000001,5540971.5600000005],[7428030.7999999998,5540968.8399999999],[7427990.1200000001,5540965.0600000005],[7427971.96,5540964],[7427948.5099999998,5540956.7400000002],[7427906.0999999996,5540940.1300000008],[7427860.4000000004,5540932.8000000007],[7427849.0199999996,5540934.2400000002],[7427831.3300000001,5540939.3000000007],[7427790.8600000003,5540945.8599999994],[7427782.4000000004,5540945.0600000005],[7427748.1900000004,5540952.3300000001],[7427744.1200000001,5540941.6300000008],[7427731.1299999999,5540920.5399999991],[7427728,5540920.5399999991],[7427717.1299999999,5540920.5399999991],[7427714.3200000003,5540914.5999999996],[7427700.3099999996,5540923.0500000007],[7427701.5,5540928.6899999995],[7427661.8600000003,5540933.0899999999],[7427631.2699999996,5540935.4900000002],[7427610.5199999996,5540936.4100000001],[7427607.8700000001,5540936.5],[7427607.1600000001,5540941.1400000006],[7427607.0800000001,5540943.9299999997],[7427544.2599999998,5540939.3399999999],[7427486.9800000004,5540935.4600000009],[7427484.9900000002,5540944.4900000002],[7427484.3499999996,5540941.2699999996],[7427477.7300000004,5540939.9399999995],[7427476.3499999996,5540939.8399999999],[7427467.9800000004,5540939.1899999995],[7427466.3099999996,5540938.7599999998],[7427463.1900000004,5540937.9600000009],[7427422.6500000004,5540927.6199999992],[7427412.6399999997,5540925.6699999999],[7427411.7000000002,5540925.0899999999],[7427410.6399999997,5540924.4499999993],[7427374.6500000004,5540923.9700000007],[7427326.4100000001,5540928.6400000006],[7427269.9199999999,5540934.1099999994],[7427268.5899999999,5540934.2400000002],[7427235.8600000003,5540937.4100000001],[7427234.96,5540937.5],[7427200.1900000004,5540940.8599999994],[7427199.71,5540940.9000000004],[7427094.7400000002,5540951.5399999991],[7427095.5199999996,5540945.0600000005],[7427086.3399999999,5540941.9499999993],[7427080.2800000003,5540939.8800000008],[7427076.6900000004,5540938.6699999999],[7427058.3499999996,5540976.6400000006],[7427049.8300000001,5540982.3100000005],[7427019.4199999999,5541002.6899999995],[7426969.6399999997,5541007.4299999997],[7426912.8600000003,5541012.8900000006],[7426855.9299999997,5541018.4399999995],[7426801.3700000001,5541023.7799999993],[7426745.1299999999,5541029.0899999999],[7426722.5700000003,5541020.4800000004],[7426720.0199999996,5541023.6799999997],[7426717.5800000001,5541026.75],[7426676.96,5541031.7599999998],[7426651.1200000001,5541034.1600000001],[7426587.2000000002,5541039.6099999994],[7426491.4800000004,5541046.2300000004],[7426456.5599999996,5541048.6500000004],[7426441.9500000002,5541049.4800000004],[7426418.2000000002,5541051.1999999993],[7426405.4699999997,5541051.6099999994],[7426394.1200000001,5541052.1600000001],[7426390.6500000004,5541063.4000000004],[7426381.2699999996,5541058.6999999993],[7426377.5499999998,5541065.1400000006],[7426373.6399999997,5541070.1699999999],[7426356.5999999996,5541075.0199999996],[7426356.2999999998,5541044.0399999991],[7426311.7699999996,5541020.5600000005],[7426311.3099999996,5541021.4900000002],[7426302.6799999997,5541033.9700000007],[7426295.7999999998,5541049.3699999992],[7426294.1600000001,5541059.8499999996],[7426246.79,5541051.5899999999],[7426248.5,5541041.0199999996],[7426228.1100000003,5541035.5299999993],[7426179.9800000004,5541029.0500000007],[7426178.3200000003,5541031.8499999996],[7426172.3499999996,5541041.3399999999],[7426156.8700000001,5541067.0099999998],[7426145.04,5541085.7200000007],[7426124.3899999997,5541093.6699999999],[7426116.6799999997,5541096.5],[7426098.8300000001,5541103.4299999997],[7426097.2300000004,5541104.0500000007],[7426095.54,5541100.4100000001],[7426095.6500000004,5541099.8200000003],[7426093.0599999996,5541099.7899999991],[7425990.6299999999,5541098.6099999994],[7425963.3399999999,5541094.75],[7425963.6699999999,5541107.8100000005],[7425955.2400000002,5541107.2799999993],[7425916.4699999997,5541102.2100000009],[7425901.1799999997,5541100.4299999997],[7425889.5700000003,5541099.0899999999],[7425889.5599999996,5541097.1799999997],[7425869.5700000003,5541094.6500000004],[7425850.3200000003,5541091.3399999999],[7425829.7000000002,5541086.4900000002],[7425810.1299999999,5541081.8900000006],[7425777.8700000001,5541072.9900000002],[7425771.21,5541071.6199999992],[7425763.0999999996,5541069.9499999993],[7425726.0199999996,5541061.2400000002],[7425701.7300000004,5541055.5299999993],[7425676.2800000003,5541049.5600000005],[7425644.3399999999,5541042.0399999991],[7425631.2800000003,5541039.0700000003],[7425608.5999999996,5541033.9100000001],[7425603.3899999997,5541032.7300000004],[7425600.4400000004,5541032.0600000005],[7425600.7000000002,5541030.8599999994],[7425608.0899999999,5541011.9299999997],[7425608.7000000002,5541008.3599999994],[7425611.0899999999,5540994.4299999997],[7425613.0700000003,5540982.8699999992],[7425613.96,5540977.6999999993],[7425615.0099999998,5540969.3300000001],[7425605.6699999999,5540967.1300000008],[7425597.5499999998,5540968.2599999998],[7425566.1399999997,5540970.5099999998],[7425558.7199999997,5540970.0299999993],[7425551.2800000003,5540960.7899999991],[7425543.8600000003,5540958.0399999991],[7425538.2999999998,5540955.9900000002],[7425537.7400000002,5540957.6600000001],[7425534.1699999999,5540968.4499999993],[7425515.0300000003,5540967.2200000007],[7425499.6399999997,5540966.2300000004],[7425493.4000000004,5540965.8300000001],[7425486.04,5540965.3499999996],[7425477.7199999997,5540964.8200000003],[7425470.2300000004,5540964.3399999999],[7425463.9900000002,5540963.9399999995],[7425455.7400000002,5540963.4000000004],[7425450.0899999999,5540963.0399999991],[7425439.8600000003,5540962.3800000008],[7425424.9400000004,5540961.3800000008],[7425410.9699999997,5540960.4600000009],[7425392.4299999997,5540959.2100000009],[7425380.0999999996,5540959.8599999994],[7425364.7400000002,5540960.6799999997],[7425334.4699999997,5540962.2899999991],[7425314.9699999997,5540960.3599999994],[7425291.1299999999,5540958.0099999998],[7425290.0599999996,5540958.1799999997],[7425288.9500000002,5540958.3499999996],[7425284.0499999998,5540959.0999999996],[7425282.46,5540959.3599999994],[7425219.8700000001,5540949],[7425201.0999999996,5540945.9000000004],[7425172.25,5540941.1300000008],[7425154.9900000002,5540940.0899999999],[7425139.6100000003,5540939.1699999999],[7425125.0899999999,5540938.3000000007],[7425113.1100000003,5540937.5899999999],[7425058.8600000003,5540935.9199999999],[7425045.4500000002,5540935.8300000001],[7425030.3899999997,5540935.6400000006],[7425014,5540935.6500000004],[7424998.4800000004,5540935.6899999995],[7424981.3099999996,5540935.9499999993],[7424964.1600000001,5540936.1999999993],[7424901.4800000004,5540938.6699999999],[7424852.9199999999,5540942.1699999999],[7424848.79,5540942.4700000007],[7424852.8600000003,5540938.1699999999],[7424847.1500000004,5540942.5999999996],[7424804.6500000004,5540946.2200000007],[7424762.4199999999,5540951.0299999993],[7424711.9699999997,5540957.6500000004],[7424668.7000000002,5540964.1899999995],[7424623.21,5540971.8300000001],[7424587.7000000002,5540978.3200000003],[7424557.1500000004,5540983.9100000001],[7424522,5540990.8200000003],[7424519.25,5540991.3599999994],[7424495.9900000002,5540995.9299999997],[7424490.3200000003,5540997.0500000007],[7424496.8399999999,5540983.4800000004],[7424498.6100000003,5540979.8100000005],[7424494.0999999996,5540977.6500000004],[7424490.6699999999,5540984.7799999993],[7424463.8499999996,5540988.3000000007],[7424430.2999999998,5540996.6600000001],[7424386.1500000004,5541006.25],[7424370.0499999998,5541006.5099999998],[7424370.2400000002,5540995.8399999999],[7424368.3700000001,5540994.7400000002],[7424371.8899999997,5540989.3800000008],[7424379.2199999997,5540978.8399999999],[7424383.9199999999,5540972.0899999999],[7424380.46,5540956.1899999995],[7424365.8799999999,5540955.1699999999],[7424339.8300000001,5540973.7300000004],[7424326,5540968.3399999999],[7424300.0999999996,5540968.5399999991],[7424300.0199999996,5540970.5700000003],[7424291.9100000001,5540971.2599999998],[7424281.1600000001,5540975.4199999999],[7424268.2300000004,5540979.9199999999],[7424261.1399999997,5540982.3800000008],[7424242.9699999997,5540987.0899999999],[7424230.7199999997,5540990.5500000007],[7424220.4299999997,5540992.2300000004],[7424203.9800000004,5540995.3900000006],[7424185.5800000001,5540996.1400000006],[7424169.1799999997,5540995.9399999995],[7424149.3799999999,5540995.3699999992],[7424122.1799999997,5540995.4900000002],[7424117.0499999998,5540994.0199999996],[7424109.2599999998,5540992.1600000001],[7424093.3200000003,5540989.6500000004],[7424091.6900000004,5540988.5600000005],[7424086.4100000001,5540987.7599999998],[7424079.1100000003,5540987.5999999996],[7424065.4900000002,5540981.4499999993],[7424057.5199999996,5540975.9900000002],[7424046.3200000003,5540965.3200000003],[7424044.8099999996,5540963.8300000001],[7424042.1100000003,5540961.1500000004],[7424034.9199999999,5540954.2899999991],[7424026.4900000002,5540953.0500000007],[7424023.3799999999,5540952.5800000001],[7424013.3300000001,5540951.3300000001],[7424006.7699999996,5540948.9700000007],[7424003.29,5540947.7200000007],[7423978.2800000003,5540938.7300000004],[7423974.4199999999,5540939.2699999996],[7423968.8099999996,5540914.6199999992],[7423952.25,5540918.4700000007],[7423935.7000000002,5540922.3200000003],[7423930.3799999999,5540923.5600000005],[7423914.8899999997,5540927.1600000001],[7423916.46,5540930.9800000004],[7423905.25,5540934.6199999992],[7423895.4699999997,5540937.7899999991],[7423882.0800000001,5540942.1500000004],[7423864.3499999996,5540955.4100000001],[7423845.5800000001,5540972.7599999998],[7423831.5800000001,5540982.0399999991],[7423813.8600000003,5540993.7899999991],[7423811.7400000002,5540995.2599999998],[7423807,5540994.3900000006],[7423784.3300000001,5540994.5999999996],[7423782.6799999997,5540994.6099999994],[7423772.1699999999,5540994.6999999993],[7423753.6900000004,5540994.8599999994],[7423748.7699999996,5540996.4100000001],[7423741.1200000001,5540990.4900000002],[7423733.4800000004,5541002.4900000002],[7423724.9199999999,5541016.3599999994],[7423718.6299999999,5541026.5500000007],[7423707.4500000002,5541045.0199999996],[7423704.7800000003,5541044.4100000001],[7423708.9800000004,5541038.2599999998],[7423684.0599999996,5541043.0999999996],[7423678.6900000004,5541040.8100000005],[7423672.7699999996,5541027.4600000009],[7423668.9800000004,5541019],[7423666.3600000003,5541014.2400000002],[7423660.1500000004,5541004.5099999998],[7423655.6699999999,5540998.8800000008],[7423648.46,5540990.9700000007],[7423643.3399999999,5540983.2699999996],[7423642.8799999999,5540982.3800000008],[7423634.04,5540986.8399999999],[7423644.0499999998,5541014.3699999992],[7423660.96,5541081.2599999998],[7423664.3399999999,5541097.4199999999],[7423663.5899999999,5541131.6099999994],[7423654.5700000003,5541157.1699999999],[7423637.6900000004,5541193.8300000001],[7423626.7000000002,5541191.0099999998],[7423626.1900000004,5541190.75],[7423612.9699999997,5541197.2300000004],[7423583.7400000002,5541211.5500000007],[7423581.5099999998,5541212.6400000006],[7423577.5099999998,5541218.5700000003],[7423572.1100000003,5541225.5999999996],[7423570.0700000003,5541228.2400000002],[7423560.0999999996,5541237.6999999993],[7423548.1900000004,5541249.0199999996],[7423534.0899999999,5541255.1099999994],[7423532.3799999999,5541255.8499999996],[7423528.3899999997,5541248.8000000007],[7423513.8099999996,5541223.0700000003],[7423512.5599999996,5541219.3100000005],[7423510.1600000001,5541211.8200000003],[7423512.2199999997,5541190.6999999993],[7423514.2000000002,5541175.3000000007],[7423515.1600000001,5541158.3300000001],[7423504.0099999998,5541165.6300000008],[7423492.1799999997,5541165.8100000005],[7423442.21,5541218.2899999991],[7423363.1799999997,5541242.8599999994],[7423412.1900000004,5541281.2599999998],[7423430.4800000004,5541293.7699999996],[7423437.8200000003,5541293.5999999996],[7423439.4900000002,5541295.0700000003],[7423446.7300000004,5541301.5],[7423470.0300000003,5541322.1899999995],[7423479.9400000004,5541323.4900000002],[7423507.1200000001,5541350.7200000007],[7423525.6900000004,5541370.9900000002],[7423543.7400000002,5541389.1400000006],[7423563.25,5541409.0999999996],[7423576.3399999999,5541427.9700000007],[7423584.3899999997,5541445.6899999995],[7423574.79,5541448.0199999996],[7423577.0099999998,5541454.75],[7423579.7000000002,5541458.1799999997],[7423582.46,5541461.6999999993],[7423586.2000000002,5541464.5600000005],[7423588.1900000004,5541466.0700000003],[7423590.71,5541468.5299999993],[7423609.3099999996,5541486.7400000002],[7423608.2800000003,5541498.9700000007],[7423618.1600000001,5541498.6699999999],[7423630.0800000001,5541511.9900000002],[7423633.0499999998,5541515.6300000008],[7423633.9100000001,5541520.5500000007],[7423636.5,5541523.8699999992],[7423644.5099999998,5541534.3000000007],[7423664.3499999996,5541567.6999999993],[7423686.04,5541614.1699999999],[7423688.4000000004,5541619.4299999997],[7423689.1900000004,5541624.8200000003],[7423690.2800000003,5541630.2200000007],[7423691.3099999996,5541635.3100000005],[7423691.6100000003,5541643.2100000009],[7423693.8499999996,5541656.9100000001],[7423694.4699999997,5541659.6699999999],[7423695.5,5541664.2200000007],[7423696.3799999999,5541672.5899999999],[7423697.54,5541683.6400000006],[7423694.7199999997,5541685.9100000001],[7423697.2999999998,5541701.2599999998],[7423697.7599999998,5541702.3900000006],[7423699.75,5541719.3200000003],[7423698.6799999997,5541723.6799999997],[7423695.4299999997,5541739.6799999997],[7423692.6600000001,5541778.6999999993],[7423694.2000000002,5541800.2100000009],[7423695.6100000003,5541812.5199999996],[7423694.4299999997,5541822.9199999999],[7423690.0300000003,5541832.4299999997],[7423681.4199999999,5541850.5500000007],[7423667.4500000002,5541854.3800000008],[7423659.2699999996,5541853.0199999996],[7423644.9800000004,5541850.6600000001],[7423635.6299999999,5541849.1400000006],[7423627.2800000003,5541848.9900000002],[7423615.7800000003,5541846.6099999994],[7423603.04,5541844.3100000005],[7423562.8200000003,5541838.4499999993],[7423533.3899999997,5541833.0999999996],[7423529.04,5541832.3100000005],[7423522.1500000004,5541831.0500000007],[7423518.6699999999,5541830.4199999999],[7423521.9800000004,5541815.7100000009],[7423522.4100000001,5541813.8499999996],[7423513.8200000003,5541808.5999999996],[7423502.4100000001,5541804.7799999993],[7423488.8200000003,5541801.7200000007],[7423475.1600000001,5541799.7599999998],[7423465.0199999996,5541799.0999999996],[7423462,5541799.2699999996],[7423442.4299999997,5541799.1899999995],[7423437.4400000004,5541801.1999999993],[7423433.5300000003,5541798.7400000002],[7423387.9800000004,5541801.6199999992],[7423362.5599999996,5541803.3399999999],[7423342.4100000001,5541805.8599999994],[7423313.3799999999,5541808.7400000002],[7423307.1600000001,5541808.9800000004],[7423277,5541810.1500000004],[7423257.0700000003,5541810.9399999995],[7423251.71,5541810.5099999998],[7423233.1399999997,5541809.7200000007],[7423221.7800000003,5541808.3100000005],[7423199.8700000001,5541805.5899999999],[7423175.9299999997,5541802.6099999994],[7423155.5999999996,5541799.8800000008],[7423116.6699999999,5541795.5299999993],[7423100.3600000003,5541793.6999999993],[7423052.5599999996,5541788.5800000001],[7423029.8200000003,5541788.4900000002],[7423003.2699999996,5541790.5999999996],[7422974.96,5541794.4700000007],[7422936.4500000002,5541799.2200000007],[7422929.8099999996,5541800.4299999997],[7422928.1799999997,5541800.7300000004],[7422897.2699999996,5541806.4000000004],[7422886.0899999999,5541808.4399999995],[7422849.5800000001,5541815.1300000008],[7422847.6200000001,5541815.4900000002],[7422837.3399999999,5541817.3800000008],[7422809.4800000004,5541822.4800000004],[7422805.5499999998,5541823.1999999993],[7422800.3899999997,5541823.9499999993],[7422784.0499999998,5541826.1099999994],[7422777.6100000003,5541827.25],[7422768.2800000003,5541828.9000000004],[7422766.1200000001,5541829.2799999993],[7422756.1500000004,5541831.7100000009],[7422742.54,5541835.0299999993],[7422732.5099999998,5541838.0800000001],[7422728.3099999996,5541838.6099999994],[7422688.1299999999,5541838.4800000004],[7422682.4299999997,5541837.4900000002],[7422679.5099999998,5541835.2599999998],[7422674.2000000002,5541834.9499999993],[7422654.2199999997,5541830.1199999992],[7422634.9000000004,5541824.6500000004],[7422621.1900000004,5541820.7699999996],[7422605.5099999998,5541816.3300000001],[7422585.2999999998,5541810.4600000009],[7422566.2400000002,5541806.0700000003],[7422556.8600000003,5541803.8599999994],[7422542.54,5541800.0299999993],[7422538.2800000003,5541800.0700000003],[7422538.1299999999,5541802.3200000003],[7422536.4299999997,5541801.8100000005],[7422536.0499999998,5541800.8200000003],[7422532.8300000001,5541800.8900000006],[7422521.4000000004,5541801.1500000004],[7422504.4000000004,5541802.3100000005],[7422501,5541802.4499999993],[7422496.2199999997,5541802.8800000008],[7422484.3700000001,5541803.9399999995],[7422471.8499999996,5541805.0299999993],[7422466.4100000001,5541806.2599999998],[7422449.46,5541813.9199999999],[7422446.8799999999,5541814.6999999993],[7422441.8099999996,5541817.1099999994],[7422422.3799999999,5541826.0800000001],[7422414.4900000002,5541830.1500000004],[7422406.5,5541834.2699999996],[7422402.3700000001,5541835.4199999999],[7422400.6399999997,5541836.3100000005],[7422398.3600000003,5541837.4900000002],[7422393.0800000001,5541840.2100000009],[7422389.9199999999,5541841.7599999998],[7422383.2400000002,5541845.0299999993],[7422378.7599999998,5541846.6899999995],[7422338.3300000001,5541864.5700000003],[7422310.79,5541878.4399999995],[7422297.9500000002,5541887.1999999993],[7422291.4100000001,5541893.3699999992],[7422288.1100000003,5541896.4800000004],[7422275,5541916.0800000001],[7422264.46,5541932.6400000006],[7422257.3799999999,5541943.7799999993],[7422247.8899999997,5541954.6999999993],[7422235.4699999997,5541969],[7422218.4299999997,5541990.6799999997],[7422216.1299999999,5541993.4900000002],[7422213.1100000003,5541997.1600000001],[7422195.2000000002,5542015.5299999993],[7422186.5899999999,5542024.7300000004],[7422175.8600000003,5542034.0999999996],[7422173.4000000004,5542035.1899999995],[7422165.4299999997,5542038.8200000003],[7422164.3700000001,5542039.1899999995],[7422148.2000000002,5542044.8000000007],[7422135.9299999997,5542048.4299999997],[7422123.9000000004,5542052],[7422101.5599999996,5542054.1300000008],[7422081.8899999997,5542054.0600000005],[7422051.5999999996,5542053.2599999998],[7422033.5999999996,5542053.3800000008],[7421999.2800000003,5542053.5899999999],[7421965.79,5542053.8599999994],[7421932.9800000004,5542054.0700000003],[7421910.9900000002,5542054.2699999996],[7421868.9699999997,5542054.3699999992],[7421853.0300000003,5542054.4100000001],[7421832.7199999997,5542053.25],[7421830.54,5542052.9199999999],[7421818.4500000002,5542051.0700000003],[7421806.1200000001,5542047.5999999996],[7421801.5,5542046.5099999998],[7421780.6699999999,5542037.0099999998],[7421765.0599999996,5542029.3200000003],[7421759.9900000002,5542026.8399999999],[7421746.9800000004,5542018.1199999992],[7421739.4699999997,5542013.3599999994],[7421731.8499999996,5542006.9499999993],[7421723,5541998.8000000007],[7421710.3300000001,5541986.8399999999],[7421706.8499999996,5541983.2599999998],[7421690.9199999999,5541966.8399999999],[7421689.9299999997,5541965.8300000001],[7421675.3899999997,5541951.4499999993],[7421638.2999999998,5541914.7699999996],[7421633.4800000004,5541910.0399999991],[7421620.9000000004,5541897.6699999999],[7421602.4500000002,5541879.5299999993],[7421563.0300000003,5541840.0299999993],[7421559.0499999998,5541836.0500000007],[7421528.6699999999,5541807.0299999993],[7421523.8099999996,5541802.4700000007],[7421523.3300000001,5541802.0199999996],[7421515.54,5541794.7200000007],[7421495.9699999997,5541780.5199999996],[7421479.0700000003,5541770.4800000004],[7421451.6699999999,5541756.2699999996],[7421425.0899999999,5541742.4700000007],[7421393.5999999996,5541731.3000000007],[7421377.1299999999,5541727.5899999999],[7421367.5700000003,5541725.4399999995],[7421344.8399999999,5541722.2300000004],[7421338.2699999996,5541721.8399999999],[7421305.3600000003,5541720.9399999995],[7421278.6299999999,5541720.1199999992],[7421268.5700000003,5541719.9000000004],[7421203.7800000003,5541725.4900000002],[7421174.75,5541727.9000000004],[7421171.0199999996,5541728.2200000007],[7421154.0199999996,5541729.6300000008],[7421145.0199999996,5541730.3499999996],[7421120.8499999996,5541732.3100000005],[7421103.7000000002,5541733.7100000009],[7421096.4500000002,5541734.3000000007],[7421050.5700000003,5541740.5399999991],[7421001.3399999999,5541758.4499999993],[7420978.75,5541768.5999999996],[7420974.21,5541770.2899999991],[7420962.7999999998,5541774.2300000004],[7420943.4299999997,5541783.4000000004],[7420932.6500000004,5541788.2100000009],[7420921.6500000004,5541793.3699999992],[7420919.0700000003,5541794.4000000004],[7420910.9000000004,5541801.4199999999],[7420894.7999999998,5541813.1899999995],[7420882.6600000001,5541821.9700000007],[7420864.0700000003,5541833.0700000003],[7420847.6600000001,5541840.4399999995],[7420830.7699999996,5541847.0800000001],[7420820.6900000004,5541845.4499999993],[7420816.9199999999,5541845.6999999993],[7420810.1799999997,5541846.0600000005],[7420797.1200000001,5541847.1400000006],[7420795.3499999996,5541847.3200000003],[7420775.3200000003,5541848.9800000004],[7420773.1600000001,5541849.1300000008],[7420759.9400000004,5541850.2599999998],[7420755.6200000001,5541852.1600000001],[7420751.96,5541852.4199999999],[7420733.5099999998,5541853.6899999995],[7420718.1699999999,5541853.7300000004],[7420711.2999999998,5541854.6099999994],[7420708.8300000001,5541859.1199999992],[7420709.54,5541863.9800000004],[7420689.9199999999,5541863.3100000005],[7420684.6699999999,5541860.8100000005],[7420680.0099999998,5541858.1799999997],[7420675.6600000001,5541856.7400000002],[7420650.5199999996,5541858.9800000004],[7420645.8899999997,5541858.3900000006],[7420610.3700000001,5541862.25],[7420587.8300000001,5541863.8699999992],[7420582.1799999997,5541864.2699999996],[7420571.4000000004,5541860.2400000002],[7420568.5999999996,5541858.1600000001],[7420565.9199999999,5541854.6799999997],[7420560.6200000001,5541841.0099999998],[7420559.4199999999,5541836.4700000007],[7420555.3700000001,5541821.2899999991],[7420552.3799999999,5541807.8000000007],[7420551.6600000001,5541804.5500000007],[7420545.9400000004,5541796.4399999995],[7420537.4299999997,5541787.8100000005],[7420529.1699999999,5541782.3900000006],[7420516.9100000001,5541778.7300000004],[7420510.3099999996,5541778.1899999995],[7420491.3799999999,5541776.5999999996],[7420484.8700000001,5541775.6099999994],[7420462.5499999998,5541772.2100000009],[7420438.0199999996,5541768.7100000009],[7420432.96,5541752.5700000003],[7420430.2699999996,5541723.6099999994],[7420427.75,5541700.2100000009],[7420426.9400000004,5541692.6999999993],[7420426.2000000002,5541685.0299999993],[7420425.8200000003,5541680.9499999993],[7420424.4299999997,5541668.3900000006],[7420422.9500000002,5541654.1899999995],[7420422.04,5541649.5500000007],[7420421.6399999997,5541643.6999999993],[7420421.3099999996,5541639.0800000001],[7420417,5541619.2599999998],[7420410.6200000001,5541590.0700000003],[7420408.5,5541580.3200000003],[7420406.8700000001,5541575.0700000003],[7420393.9199999999,5541520.5199999996],[7420392.3899999997,5541514.0899999999],[7420380.2999999998,5541463.1300000008],[7420379.2800000003,5541458.8200000003],[7420349.5099999998,5541333.3499999996],[7420348.8799999999,5541328.6999999993],[7420347.3399999999,5541321.8000000007],[7420344.6500000004,5541309.7799999993],[7420354.5700000003,5541304.4000000004],[7420365.9900000002,5541298.3200000003],[7420382.4000000004,5541286.2799999993],[7420398.0899999999,5541274.0099999998],[7420412.0700000003,5541261.2400000002],[7420469.2000000002,5541208.1799999997],[7420474.8700000001,5541203.9199999999],[7420480.3799999999,5541197.8000000007],[7420494.9400000004,5541184.2699999996],[7420495.2199999997,5541185.9600000009],[7420510.6100000003,5541174.8900000006],[7420526.1900000004,5541160.1600000001],[7420552.2599999998,5541137.3300000001],[7420572.4800000004,5541118.0899999999],[7420604.4100000001,5541087.4800000004],[7420611.3600000003,5541080.7599999998],[7420637.9100000001,5541053.9800000004],[7420657.9400000004,5541034.9299999997],[7420682.7599999998,5541013.0399999991],[7420685.6500000004,5541009.4800000004],[7420689.7699999996,5541004.4100000001],[7420701,5540990.5999999996],[7420708.8499999996,5540979.0099999998],[7420708.3399999999,5540963.7400000002],[7420707.4400000004,5540919.4100000001],[7420707.1200000001,5540891.7300000004],[7420706.8700000001,5540814.0999999996],[7420775.2300000004,5540817.4399999995],[7420779.9199999999,5540797.3599999994],[7420785.0599999996,5540777.1699999999],[7420786.6500000004,5540772.6999999993],[7420787.8799999999,5540769.2400000002],[7420799.8200000003,5540711.6199999992],[7420805.3700000001,5540691.25],[7420827.29,5540594.0199999996],[7420835.8700000001,5540570.75],[7420832.7199999997,5540575.1300000008],[7420829.2599999998,5540579.9199999999],[7420819.7800000003,5540593.1899999995],[7420816.6500000004,5540598.0899999999],[7420821.2999999998,5540578.5199999996],[7420815.2999999998,5540551.5299999993],[7420799.9400000004,5540511.4399999995],[7420799.0099999998,5540509.75],[7420788.6500000004,5540482.7200000007],[7420779.9000000004,5540462.2400000002],[7420772.2699999996,5540448.7899999991],[7420764.3899999997,5540436.2899999991],[7420754.8399999999,5540421.1600000001],[7420738.9299999997,5540397.6999999993],[7420720.8600000003,5540377.1600000001],[7420720.3499999996,5540376.6300000008],[7420705.1299999999,5540358.9900000002],[7420697.5300000003,5540348.5299999993],[7420683.0800000001,5540328.4100000001],[7420681.1500000004,5540325.7100000009],[7420680.3899999997,5540323.8000000007],[7420664.2000000002,5540296.9399999995],[7420646.2400000002,5540270.2699999996],[7420645.21,5540269.4700000007],[7420634.8099999996,5540254.5500000007],[7420621.1100000003,5540219.5800000001],[7420612.8700000001,5540193.8900000006],[7420607.7999999998,5540173.5800000001],[7420595.1299999999,5540154.9100000001],[7420591.2000000002,5540154.5],[7420553.8200000003,5540159.0199999996],[7420536.71,5540158.1699999999],[7420518.8300000001,5540160.4800000004],[7420467.8200000003,5540156.0600000005],[7420427.2000000002,5540152.5399999991],[7420424.5099999998,5540141.7899999991],[7420424.6399999997,5540139.8000000007],[7420420.71,5540110.7300000004],[7420419.2699999996,5540100.0399999991],[7420417.3200000003,5540085.1600000001],[7420413.9699999997,5540056.3499999996],[7420410.0999999996,5540026.5],[7420408,5540010.2599999998],[7420407.3099999996,5540004.9000000004],[7420406.3700000001,5539998.8800000008],[7420405.9699999997,5539996.25],[7420404.6699999999,5539994.1400000006],[7420403.9100000001,5539992.0099999998],[7420403.7699999996,5539991.6199999992],[7420405.3899999997,5539990.0399999991],[7420406.4800000004,5539989.0399999991],[7420407.6900000004,5539988.5500000007],[7420409.2000000002,5539987.8499999996],[7420410.7699999996,5539988.5],[7420411.8600000003,5539988.5600000005],[7420412.5800000001,5539988.3200000003],[7420413.1900000004,5539987.7899999991],[7420413.5800000001,5539986.8100000005],[7420413.6799999997,5539985.2699999996],[7420413.7300000004,5539983.6199999992],[7420413.79,5539982.1899999995],[7420414.25,5539980.6799999997],[7420414.96,5539978.9900000002],[7420416.1100000003,5539976.4399999995],[7420417.0899999999,5539973.9499999993],[7420417.9400000004,5539971.9199999999],[7420419.3099999996,5539969.9499999993],[7420420.1299999999,5539968.5700000003],[7420420.7199999997,5539967.3100000005],[7420421.1500000004,5539965.5800000001],[7420421.1399999997,5539963.1999999993],[7420420.9100000001,5539958.8800000008],[7420420.1399999997,5539955.8200000003],[7420420.1399999997,5539954.3599999994],[7420420.1500000004,5539950.0500000007],[7420419.6799999997,5539947.3900000006],[7420418.9900000002,5539943.3200000003],[7420420.7999999998,5539942.7699999996],[7420421.96,5539940.4499999993],[7420423.1200000001,5539938.7200000007],[7420424.6900000004,5539937.0299999993],[7420426.9299999997,5539935.5500000007],[7420429.3499999996,5539934.7899999991],[7420431.9299999997,5539934.4199999999],[7420434.6399999997,5539933.2300000004],[7420435.6399999997,5539932.4600000009],[7420437.4000000004,5539931.1300000008],[7420443.0199999996,5539928.1600000001],[7420448.2300000004,5539925.1199999992],[7420454.9900000002,5539921.6400000006],[7420459.3600000003,5539918.8200000003],[7420462.8499999996,5539917.3900000006],[7420467.2300000004,5539916.5],[7420472.4400000004,5539914.5199999996],[7420473.71,5539914.1199999992],[7420475.9400000004,5539912.5199999996],[7420477.7000000002,5539910.75],[7420479.8799999999,5539909.7799999993],[7420483.1799999997,5539908.9399999995],[7420486.1299999999,5539908.2300000004],[7420490.9400000004,5539908.5399999991],[7420494.6900000004,5539907.4199999999],[7420496.6299999999,5539905.9100000001],[7420499.4699999997,5539902.1999999993],[7420501.2300000004,5539900.7400000002],[7420504.1699999999,5539898.0399999991],[7420504.9699999997,5539896.8699999992],[7420506.4000000004,5539896.8300000001],[7420508.1200000001,5539897.2599999998],[7420511.6900000004,5539895.6500000004],[7420516.8899999997,5539888.5500000007],[7420523.0199999996,5539887.1300000008],[7420522.9299999997,5539890.7699999996],[7420522.8399999999,5539893.7100000009],[7420522.5499999998,5539897.2899999991],[7420528.1399999997,5539897.2100000009],[7420529.3499999996,5539897.1400000006],[7420535.1500000004,5539896.8100000005],[7420540,5539896.3800000008],[7420540.1200000001,5539894.0899999999],[7420540.5499999998,5539885.9199999999],[7420541.21,5539883.2200000007],[7420541.6399999997,5539881.6899999995],[7420542.04,5539879.4000000004],[7420542.0899999999,5539876.1999999993],[7420542.1900000004,5539872.6999999993],[7420541.9699999997,5539869.5399999991],[7420541.7699999996,5539867.3499999996],[7420541.3099999996,5539865.3200000003],[7420541.1299999999,5539862.5600000005],[7420542.3799999999,5539859.5999999996],[7420542.79,5539856.6899999995],[7420542.5599999996,5539850.0199999996],[7420541.6699999999,5539847.7100000009],[7420541.0499999998,5539846.1400000006],[7420541.2999999998,5539842.6799999997],[7420541.6600000001,5539839.1199999992],[7420542.4800000004,5539837.5800000001],[7420544.1299999999,5539834.4299999997],[7420543.9699999997,5539832.0099999998],[7420543.6100000003,5539829.1400000006],[7420543.0999999996,5539827.6999999993],[7420542.71,5539827.1799999997],[7420542.5099999998,5539824.8499999996],[7420542.54,5539822.3200000003],[7420542.5800000001,5539820.1999999993],[7420542.75,5539818],[7420542.2999999998,5539813.9299999997],[7420541.8399999999,5539811.7100000009],[7420542.1299999999,5539803.9800000004],[7420542.1200000001,5539801.3100000005],[7420542.8399999999,5539796.5500000007],[7420543.29,5539794.5800000001],[7420544.9699999997,5539791.9499999993],[7420546.5800000001,5539789.5299999993],[7420548.2400000002,5539788.8599999994],[7420551.2800000003,5539788.0500000007],[7420553.9299999997,5539786.7599999998],[7420555.2199999997,5539786.3699999992],[7420557.1600000001,5539785.7599999998],[7420559.2300000004,5539785.7100000009],[7420562.9100000001,5539784.4399999995],[7420565.2999999998,5539782.7100000009],[7420571.7199999997,5539777.1600000001],[7420573.6500000004,5539774.7899999991],[7420574.4199999999,5539773.0700000003],[7420574.9000000004,5539770.8900000006],[7420575.7400000002,5539767.5899999999],[7420577.4199999999,5539765.1999999993],[7420578.8300000001,5539764.0299999993],[7420582.4699999997,5539762.5500000007],[7420584.8499999996,5539760.6699999999],[7420586.4500000002,5539758.6400000006],[7420588.0800000001,5539756.4399999995],[7420589.71,5539754.9499999993],[7420590.3799999999,5539753.4900000002],[7420590.8499999996,5539751.1899999995],[7420592.8799999999,5539745.9700000007],[7420593.75,5539743.8499999996],[7420595.1299999999,5539742.6099999994],[7420597.1900000004,5539741.6600000001],[7420598.75,5539741.0199999996],[7420600.4299999997,5539740.5800000001],[7420601.9299999997,5539739.7599999998],[7420603.3799999999,5539738.4600000009],[7420605.7199999997,5539735.4299999997],[7420607.4900000002,5539733.6899999995],[7420608.9400000004,5539732.8399999999],[7420610.1399999997,5539732.4700000007],[7420611.2999999998,5539732.1400000006],[7420612.3200000003,5539731.9700000007],[7420613.3200000003,5539731.6899999995],[7420614.5599999996,5539731.1300000008],[7420616.3200000003,5539729.9299999997],[7420617.6699999999,5539728.5800000001],[7420618.6399999997,5539726.9700000007],[7420619.29,5539725.4299999997],[7420619.5099999998,5539723.9900000002],[7420619.5499999998,5539722.3300000001],[7420619.5700000003,5539721.4199999999],[7420618.2400000002,5539716.7100000009],[7420617.2999999998,5539713.6899999995],[7420615.04,5539706.0700000003],[7420607.8399999999,5539679.3399999999],[7420606.21,5539673.7899999991],[7420605.4900000002,5539669.6699999999],[7420605.3799999999,5539665.3800000008],[7420605.46,5539660.0800000001],[7420605.5099999998,5539656.4199999999],[7420605.7800000003,5539653.3499999996],[7420605.6799999997,5539651.4000000004],[7420605.1100000003,5539647.9900000002],[7420603.8600000003,5539642.2699999996],[7420603.3700000001,5539638.3800000008],[7420603.6100000003,5539633.4600000009],[7420604.1200000001,5539626.7899999991],[7420604.8600000003,5539622.7899999991],[7420606.5700000003,5539616.0199999996],[7420610.2000000002,5539605.4700000007],[7420611.6100000003,5539601.7599999998],[7420613.8300000001,5539592.6799999997],[7420622.5700000003,5539576.3000000007],[7420624.3300000001,5539573.0299999993],[7420627.9900000002,5539566.2300000004],[7420632.6799999997,5539554.0299999993],[7420616.75,5539549.0600000005],[7420614.2400000002,5539548.2799999993],[7420579.4199999999,5539544.7799999993],[7420537.7000000002,5539540.9700000007],[7420536.1100000003,5539540.8399999999],[7420536.1900000004,5539544.8300000001],[7420534.8600000003,5539544.8300000001],[7420533.2599999998,5539544.8300000001],[7420486.8499999996,5539544.8100000005],[7420474.04,5539544.5299999993],[7420446.1900000004,5539543.9199999999],[7420385.2699999996,5539540.6400000006],[7420319.0300000003,5539533.5800000001],[7420267.5300000003,5539529.3200000003],[7420234.75,5539527.4499999993],[7420193.1399999997,5539525.0800000001],[7420188.6399999997,5539512.3900000006],[7420184.5999999996,5539512.1099999994],[7420181.5300000003,5539494.0199999996],[7420177.3700000001,5539485.8699999992],[7420176.9400000004,5539482.9600000009],[7420175.2300000004,5539479.0500000007],[7420172.9199999999,5539473.7699999996],[7420165.4000000004,5539459.3699999992],[7420157.5899999999,5539443.8699999992],[7420148.1399999997,5539427.3100000005],[7420136.3899999997,5539408.1199999992],[7420129.71,5539396.4100000001],[7420108.2199999997,5539355.8699999992],[7420105.54,5539349.1799999997],[7420102.4299999997,5539339.9199999999],[7420095.9299999997,5539315.3900000006]]]},"properties":{"objectid":2267742732301,"id_dzielni":10,"nr_dzielni":"X","nazwa":"Swoszowice","nazwa_peln":"Dzielnica X Swoszowice","opis":"UCHWAŁA NR XCIX/1504/14 RADY MIASTA KRAKOWA","powierzchn":25604010,"data_aktua":1396303200000}},{"type":"Feature","id":2267742732302,"geometry":{"type":"Polygon","coordinates":[[[7423634.04,5540986.8399999999],[7423642.8799999999,5540982.3800000008],[7423643.3399999999,5540983.2699999996],[7423648.46,5540990.9700000007],[7423655.6699999999,5540998.8800000008],[7423660.1500000004,5541004.5099999998],[7423666.3600000003,5541014.2400000002],[7423668.9800000004,5541019],[7423672.7699999996,5541027.4600000009],[7423678.6900000004,5541040.8100000005],[7423684.0599999996,5541043.0999999996],[7423708.9800000004,5541038.2599999998],[7423704.7800000003,5541044.4100000001],[7423707.4500000002,5541045.0199999996],[7423718.6299999999,5541026.5500000007],[7423724.9199999999,5541016.3599999994],[7423733.4800000004,5541002.4900000002],[7423741.1200000001,5540990.4900000002],[7423748.7699999996,5540996.4100000001],[7423753.6900000004,5540994.8599999994],[7423772.1699999999,5540994.6999999993],[7423782.6799999997,5540994.6099999994],[7423784.3300000001,5540994.5999999996],[7423807,5540994.3900000006],[7423811.7400000002,5540995.2599999998],[7423813.8600000003,5540993.7899999991],[7423831.5800000001,5540982.0399999991],[7423845.5800000001,5540972.7599999998],[7423864.3499999996,5540955.4100000001],[7423882.0800000001,5540942.1500000004],[7423895.4699999997,5540937.7899999991],[7423905.25,5540934.6199999992],[7423916.46,5540930.9800000004],[7423914.8899999997,5540927.1600000001],[7423930.3799999999,5540923.5600000005],[7423935.7000000002,5540922.3200000003],[7423952.25,5540918.4700000007],[7423968.8099999996,5540914.6199999992],[7423974.4199999999,5540939.2699999996],[7423978.2800000003,5540938.7300000004],[7424003.29,5540947.7200000007],[7424006.7699999996,5540948.9700000007],[7424013.3300000001,5540951.3300000001],[7424023.3799999999,5540952.5800000001],[7424026.4900000002,5540953.0500000007],[7424034.9199999999,5540954.2899999991],[7424042.1100000003,5540961.1500000004],[7424044.8099999996,5540963.8300000001],[7424046.3200000003,5540965.3200000003],[7424057.5199999996,5540975.9900000002],[7424065.4900000002,5540981.4499999993],[7424079.1100000003,5540987.5999999996],[7424086.4100000001,5540987.7599999998],[7424091.6900000004,5540988.5600000005],[7424093.3200000003,5540989.6500000004],[7424109.2599999998,5540992.1600000001],[7424117.0499999998,5540994.0199999996],[7424122.1799999997,5540995.4900000002],[7424149.3799999999,5540995.3699999992],[7424169.1799999997,5540995.9399999995],[7424185.5800000001,5540996.1400000006],[7424203.9800000004,5540995.3900000006],[7424220.4299999997,5540992.2300000004],[7424230.7199999997,5540990.5500000007],[7424242.9699999997,5540987.0899999999],[7424261.1399999997,5540982.3800000008],[7424268.2300000004,5540979.9199999999],[7424281.1600000001,5540975.4199999999],[7424291.9100000001,5540971.2599999998],[7424300.0199999996,5540970.5700000003],[7424300.0999999996,5540968.5399999991],[7424326,5540968.3399999999],[7424339.8300000001,5540973.7300000004],[7424365.8799999999,5540955.1699999999],[7424380.46,5540956.1899999995],[7424383.9199999999,5540972.0899999999],[7424379.2199999997,5540978.8399999999],[7424371.8899999997,5540989.3800000008],[7424368.3700000001,5540994.7400000002],[7424370.2400000002,5540995.8399999999],[7424370.0499999998,5541006.5099999998],[7424386.1500000004,5541006.25],[7424430.2999999998,5540996.6600000001],[7424463.8499999996,5540988.3000000007],[7424490.6699999999,5540984.7799999993],[7424494.0999999996,5540977.6500000004],[7424498.6100000003,5540979.8100000005],[7424496.8399999999,5540983.4800000004],[7424490.3200000003,5540997.0500000007],[7424495.9900000002,5540995.9299999997],[7424519.25,5540991.3599999994],[7424522,5540990.8200000003],[7424557.1500000004,5540983.9100000001],[7424587.7000000002,5540978.3200000003],[7424623.21,5540971.8300000001],[7424668.7000000002,5540964.1899999995],[7424711.9699999997,5540957.6500000004],[7424762.4199999999,5540951.0299999993],[7424804.6500000004,5540946.2200000007],[7424847.1500000004,5540942.5999999996],[7424852.8600000003,5540938.1699999999],[7424848.79,5540942.4700000007],[7424852.9199999999,5540942.1699999999],[7424901.4800000004,5540938.6699999999],[7424964.1600000001,5540936.1999999993],[7424981.3099999996,5540935.9499999993],[7424998.4800000004,5540935.6899999995],[7425014,5540935.6500000004],[7425030.3899999997,5540935.6400000006],[7425045.4500000002,5540935.8300000001],[7425058.8600000003,5540935.9199999999],[7425113.1100000003,5540937.5899999999],[7425125.0899999999,5540938.3000000007],[7425139.6100000003,5540939.1699999999],[7425154.9900000002,5540940.0899999999],[7425172.25,5540941.1300000008],[7425201.0999999996,5540945.9000000004],[7425219.8700000001,5540949],[7425282.46,5540959.3599999994],[7425284.0499999998,5540959.0999999996],[7425288.9500000002,5540958.3499999996],[7425290.0599999996,5540958.1799999997],[7425291.1299999999,5540958.0099999998],[7425314.9699999997,5540960.3599999994],[7425334.4699999997,5540962.2899999991],[7425364.7400000002,5540960.6799999997],[7425380.0999999996,5540959.8599999994],[7425392.4299999997,5540959.2100000009],[7425410.9699999997,5540960.4600000009],[7425424.9400000004,5540961.3800000008],[7425439.8600000003,5540962.3800000008],[7425450.0899999999,5540963.0399999991],[7425455.7400000002,5540963.4000000004],[7425463.9900000002,5540963.9399999995],[7425470.2300000004,5540964.3399999999],[7425477.7199999997,5540964.8200000003],[7425486.04,5540965.3499999996],[7425493.4000000004,5540965.8300000001],[7425499.6399999997,5540966.2300000004],[7425515.0300000003,5540967.2200000007],[7425534.1699999999,5540968.4499999993],[7425537.7400000002,5540957.6600000001],[7425538.2999999998,5540955.9900000002],[7425543.8600000003,5540958.0399999991],[7425551.2800000003,5540960.7899999991],[7425558.7199999997,5540970.0299999993],[7425566.1399999997,5540970.5099999998],[7425597.5499999998,5540968.2599999998],[7425605.6699999999,5540967.1300000008],[7425615.0099999998,5540969.3300000001],[7425613.96,5540977.6999999993],[7425613.0700000003,5540982.8699999992],[7425611.0899999999,5540994.4299999997],[7425608.7000000002,5541008.3599999994],[7425608.0899999999,5541011.9299999997],[7425600.7000000002,5541030.8599999994],[7425600.4400000004,5541032.0600000005],[7425603.3899999997,5541032.7300000004],[7425608.5999999996,5541033.9100000001],[7425631.2800000003,5541039.0700000003],[7425644.3399999999,5541042.0399999991],[7425676.2800000003,5541049.5600000005],[7425701.7300000004,5541055.5299999993],[7425726.0199999996,5541061.2400000002],[7425763.0999999996,5541069.9499999993],[7425771.21,5541071.6199999992],[7425777.8700000001,5541072.9900000002],[7425810.1299999999,5541081.8900000006],[7425829.7000000002,5541086.4900000002],[7425850.3200000003,5541091.3399999999],[7425869.5700000003,5541094.6500000004],[7425889.5599999996,5541097.1799999997],[7425889.5700000003,5541099.0899999999],[7425901.1799999997,5541100.4299999997],[7425916.4699999997,5541102.2100000009],[7425955.2400000002,5541107.2799999993],[7425963.6699999999,5541107.8100000005],[7425963.3399999999,5541094.75],[7425990.6299999999,5541098.6099999994],[7426093.0599999996,5541099.7899999991],[7426095.6500000004,5541099.8200000003],[7426095.54,5541100.4100000001],[7426097.2300000004,5541104.0500000007],[7426098.8300000001,5541103.4299999997],[7426116.6799999997,5541096.5],[7426124.3899999997,5541093.6699999999],[7426145.04,5541085.7200000007],[7426156.8700000001,5541067.0099999998],[7426172.3499999996,5541041.3399999999],[7426178.3200000003,5541031.8499999996],[7426179.9800000004,5541029.0500000007],[7426228.1100000003,5541035.5299999993],[7426248.5,5541041.0199999996],[7426246.79,5541051.5899999999],[7426294.1600000001,5541059.8499999996],[7426295.7999999998,5541049.3699999992],[7426302.6799999997,5541033.9700000007],[7426311.3099999996,5541021.4900000002],[7426311.7699999996,5541020.5600000005],[7426356.2999999998,5541044.0399999991],[7426356.5999999996,5541075.0199999996],[7426373.6399999997,5541070.1699999999],[7426377.5499999998,5541065.1400000006],[7426381.2699999996,5541058.6999999993],[7426390.6500000004,5541063.4000000004],[7426394.1200000001,5541052.1600000001],[7426405.4699999997,5541051.6099999994],[7426418.2000000002,5541051.1999999993],[7426441.9500000002,5541049.4800000004],[7426456.5599999996,5541048.6500000004],[7426491.4800000004,5541046.2300000004],[7426587.2000000002,5541039.6099999994],[7426651.1200000001,5541034.1600000001],[7426676.96,5541031.7599999998],[7426717.5800000001,5541026.75],[7426720.0199999996,5541023.6799999997],[7426722.5700000003,5541020.4800000004],[7426745.1299999999,5541029.0899999999],[7426801.3700000001,5541023.7799999993],[7426855.9299999997,5541018.4399999995],[7426912.8600000003,5541012.8900000006],[7426969.6399999997,5541007.4299999997],[7427019.4199999999,5541002.6899999995],[7427049.8300000001,5540982.3100000005],[7427058.3499999996,5540976.6400000006],[7427076.6900000004,5540938.6699999999],[7427080.2800000003,5540939.8800000008],[7427086.3399999999,5540941.9499999993],[7427095.5199999996,5540945.0600000005],[7427094.7400000002,5540951.5399999991],[7427199.71,5540940.9000000004],[7427200.1900000004,5540940.8599999994],[7427234.96,5540937.5],[7427235.8600000003,5540937.4100000001],[7427268.5899999999,5540934.2400000002],[7427269.9199999999,5540934.1099999994],[7427326.4100000001,5540928.6400000006],[7427374.6500000004,5540923.9700000007],[7427410.6399999997,5540924.4499999993],[7427411.7000000002,5540925.0899999999],[7427412.6399999997,5540925.6699999999],[7427422.6500000004,5540927.6199999992],[7427463.1900000004,5540937.9600000009],[7427466.3099999996,5540938.7599999998],[7427467.9800000004,5540939.1899999995],[7427476.3499999996,5540939.8399999999],[7427477.7300000004,5540939.9399999995],[7427484.3499999996,5540941.2699999996],[7427484.9900000002,5540944.4900000002],[7427486.9800000004,5540935.4600000009],[7427544.2599999998,5540939.3399999999],[7427607.0800000001,5540943.9299999997],[7427607.1600000001,5540941.1400000006],[7427607.8700000001,5540936.5],[7427610.5199999996,5540936.4100000001],[7427631.2699999996,5540935.4900000002],[7427661.8600000003,5540933.0899999999],[7427701.5,5540928.6899999995],[7427700.3099999996,5540923.0500000007],[7427714.3200000003,5540914.5999999996],[7427717.1299999999,5540920.5399999991],[7427728,5540920.5399999991],[7427731.1299999999,5540920.5399999991],[7427744.1200000001,5540941.6300000008],[7427748.1900000004,5540952.3300000001],[7427782.4000000004,5540945.0600000005],[7427790.8600000003,5540945.8599999994],[7427831.3300000001,5540939.3000000007],[7427849.0199999996,5540934.2400000002],[7427860.4000000004,5540932.8000000007],[7427906.0999999996,5540940.1300000008],[7427948.5099999998,5540956.7400000002],[7427971.96,5540964],[7427990.1200000001,5540965.0600000005],[7428030.7999999998,5540968.8399999999],[7428072.1600000001,5540971.5600000005],[7428107.4800000004,5540973.7300000004],[7428127.9199999999,5540975.5199999996],[7428129.2999999998,5540975.6400000006],[7428152.75,5540977.6999999993],[7428156.3600000003,5540980.3499999996],[7428190.3499999996,5540981.6699999999],[7428202.0599999996,5540982.9199999999],[7428216.6600000001,5540984.0899999999],[7428243.9299999997,5540990.3499999996],[7428251.9000000004,5540989.3900000006],[7428266.5800000001,5540992.5199999996],[7428306.96,5541002.5700000003],[7428353,5541014.0099999998],[7428398.1799999997,5541025.2400000002],[7428402.6200000001,5541046.0899999999],[7428361.5800000001,5541049.1500000004],[7428351.9000000004,5541049.8699999992],[7428317.54,5541055.3499999996],[7428318.46,5541058.5299999993],[7428321.1299999999,5541064.5],[7428327.7999999998,5541072.1699999999],[7428337.2699999996,5541083.5600000005],[7428342.4199999999,5541092.6799999997],[7428353.0999999996,5541108.4399999995],[7428360.8700000001,5541124.7200000007],[7428356.8899999997,5541126.4499999993],[7428347.0999999996,5541130.6999999993],[7428330.25,5541137.9299999997],[7428327.54,5541139.1199999992],[7428324.8499999996,5541140.2899999991],[7428329.25,5541160.4900000002],[7428342.5300000003,5541174.3699999992],[7428370.1600000001,5541175.7200000007],[7428376.9100000001,5541176.0600000005],[7428377.5800000001,5541176.0800000001],[7428388.2199999997,5541176.6099999994],[7428408.2599999998,5541180.8699999992],[7428436.1399999997,5541194.9399999995],[7428448.96,5541204.3000000007],[7428458.3799999999,5541211.1799999997],[7428492.1500000004,5541237.5199999996],[7428511.3799999999,5541251.5],[7428523.7699999996,5541260.5099999998],[7428526.9400000004,5541262.7899999991],[7428540.71,5541272.7100000009],[7428544.5499999998,5541275.0899999999],[7428543.0099999998,5541276.2200000007],[7428526.0300000003,5541287.3300000001],[7428511.2999999998,5541294.9199999999],[7428508.1399999997,5541296.1799999997],[7428504.4699999997,5541297.6300000008],[7428484.6900000004,5541303.25],[7428479.4299999997,5541304.7300000004],[7428465.8600000003,5541309.9600000009],[7428453,5541314.9000000004],[7428448.0899999999,5541316.6400000006],[7428438.8399999999,5541319.9299999997],[7428432.8300000001,5541324.1500000004],[7428429.21,5541329.0399999991],[7428426.75,5541334.9000000004],[7428423.6100000003,5541346.2300000004],[7428417.1500000004,5541368.3900000006],[7428416.4199999999,5541372.8699999992],[7428413.4299999997,5541390.6400000006],[7428413.4100000001,5541394.3800000008],[7428408.6699999999,5541426.6600000001],[7428398.6799999997,5541448.1300000008],[7428386.9699999997,5541466.8100000005],[7428365.7599999998,5541498.5],[7428340.7800000003,5541527.1199999992],[7428318.3499999996,5541557.9399999995],[7428300,5541575.9399999995],[7428278.7999999998,5541594.0999999996],[7428258.6699999999,5541608.9700000007],[7428252.8099999996,5541614.6099999994],[7428243.1399999997,5541628.1699999999],[7428238.54,5541635.8800000008],[7428233.9000000004,5541643.6600000001],[7428216.5199999996,5541662.8699999992],[7428193.54,5541683.6699999999],[7428173.9699999997,5541707.1600000001],[7428157.9800000004,5541728.1400000006],[7428151.2199999997,5541736.9499999993],[7428142.75,5541748.0600000005],[7428117.2599999998,5541778.8699999992],[7428101.4699999997,5541805.8599999994],[7428089.6299999999,5541827.4600000009],[7428086.0700000003,5541831.6999999993],[7428071.75,5541841.2300000004],[7428045.2300000004,5541857.3300000001],[7428027.0300000003,5541869.0399999991],[7428016.3499999996,5541877.0600000005],[7428010.1699999999,5541881.6899999995],[7427994.6299999999,5541891.3699999992],[7427981.6500000004,5541900.6699999999],[7427968.5,5541911.25],[7427956.0700000003,5541918.7100000009],[7427949.4199999999,5541923.7400000002],[7427943.3300000001,5541928.6699999999],[7427940.8099999996,5541930.7100000009],[7427931.54,5541937.6199999992],[7427912.0300000003,5541952.1500000004],[7427864.5700000003,5541985.4499999993],[7427860.8399999999,5541988.0700000003],[7427814.7699999996,5542020.7200000007],[7427796.8499999996,5542033.3800000008],[7427794.2699999996,5542036.0800000001],[7427790.6500000004,5542037.7599999998],[7427789.04,5542048.8800000008],[7427781.1600000001,5542061.3800000008],[7427778.0599999996,5542060.0800000001],[7427773.71,5542059.9199999999],[7427743.4100000001,5542075.5999999996],[7427741.6600000001,5542076.5],[7427737.04,5542078.9000000004],[7427726.7999999998,5542084.2200000007],[7427720.0599999996,5542087.7200000007],[7427718.1299999999,5542088.3800000008],[7427724.0499999998,5542099.7100000009],[7427722.8899999997,5542106.7200000007],[7427705.6699999999,5542119.0199999996],[7427703.75,5542120.3900000006],[7427694.9900000002,5542127.6699999999],[7427689.5999999996,5542131.6400000006],[7427679.5,5542138.8900000006],[7427679.04,5542139.3900000006],[7427674.1200000001,5542144.7799999993],[7427669.9500000002,5542150],[7427663.8600000003,5542157.6400000006],[7427661.0300000003,5542161.1899999995],[7427657.6299999999,5542172.6400000006],[7427655.8099999996,5542178.7799999993],[7427655.1900000004,5542180.9100000001],[7427654.8099999996,5542184.9499999993],[7427650.4000000004,5542187.9600000009],[7427650.1500000004,5542194.7699999996],[7427648.3799999999,5542243.2400000002],[7427658.0800000001,5542237.0999999996],[7427657.8499999996,5542244.3000000007],[7427654.5300000003,5542246.3499999996],[7427650.04,5542269.1199999992],[7427629.0300000003,5542281.6500000004],[7427634.9199999999,5542288.7799999993],[7427642.4699999997,5542304.6199999992],[7427657.46,5542322.9600000009],[7427671.0700000003,5542339.6199999992],[7427681.4000000004,5542345.4600000009],[7427673.6799999997,5542353.8100000005],[7427672.0300000003,5542386.9000000004],[7427676.2300000004,5542390.7799999993],[7427684.4100000001,5542393.5099999998],[7427694.21,5542393.8599999994],[7427697.7300000004,5542401.6600000001],[7427711.9199999999,5542399.0700000003],[7427731.7300000004,5542394.5199999996],[7427741.2300000004,5542392.1699999999],[7427770.9500000002,5542384.1699999999],[7427784.3899999997,5542379.9900000002],[7427775.1699999999,5542401.1999999993],[7427772.6699999999,5542401.8100000005],[7427756.46,5542409.3300000001],[7427742.5700000003,5542425.6699999999],[7427716.6500000004,5542468.3900000006],[7427708.96,5542480.0899999999],[7427704.75,5542486.5800000001],[7427691.0499999998,5542523.2400000002],[7427701.0499999998,5542558.25],[7427701.1399999997,5542561.2799999993],[7427702.9500000002,5542617.3300000001],[7427703.21,5542625.3900000006],[7427637.0599999996,5542599.7799999993],[7427600.8099999996,5542571.5299999993],[7427595.8700000001,5542574.1500000004],[7427593.0499999998,5542573.0199999996],[7427574.7999999998,5542579.9399999995],[7427504.4800000004,5542566.6699999999],[7427465.3099999996,5542580.9299999997],[7427432.2199999997,5542577.0600000005],[7427427.1200000001,5542576.5099999998],[7427413.4900000002,5542582.8800000008],[7427405.1299999999,5542587.6500000004],[7427373.2400000002,5542590.9299999997],[7427360.2599999998,5542589.6999999993],[7427357.7599999998,5542589.4499999993],[7427322.5800000001,5542588.3699999992],[7427312.8300000001,5542588.3499999996],[7427285.9299999997,5542581.6500000004],[7427261.5599999996,5542580.9700000007],[7427248.8099999996,5542577.6699999999],[7427237.75,5542575.2599999998],[7427225,5542578.8200000003],[7427215.5,5542580.4100000001],[7427197.9000000004,5542580.1699999999],[7427185.3799999999,5542579.9900000002],[7427168.6900000004,5542581.0999999996],[7427164.2999999998,5542581.3100000005],[7427161.5,5542581.4499999993],[7427157.1399999997,5542577.1799999997],[7427143.3600000003,5542581.0700000003],[7427135.25,5542580.2400000002],[7427114.71,5542580.8800000008],[7427105.8799999999,5542583.3900000006],[7427089.4400000004,5542582.2100000009],[7427068.2599999998,5542584.7599999998],[7427043.1100000003,5542582.5800000001],[7427023.1200000001,5542577.1600000001],[7427010.6699999999,5542576.0899999999],[7427008.2999999998,5542576.1300000008],[7426983.7199999997,5542576.6099999994],[7426977.8899999997,5542578.6699999999],[7426960.4800000004,5542583.7899999991],[7426948.2999999998,5542578.6500000004],[7426935.5899999999,5542578.9800000004],[7426927.1100000003,5542580.5600000005],[7426917.1600000001,5542580.6600000001],[7426916.0599999996,5542580.5399999991],[7426915.8399999999,5542580.5500000007],[7426904.6900000004,5542581.3699999992],[7426902.71,5542582.4199999999],[7426897.25,5542585.0399999991],[7426891.7199999997,5542585.2799999993],[7426875.9800000004,5542585.9000000004],[7426868.0199999996,5542582.8300000001],[7426862.2400000002,5542582.9499999993],[7426835.1200000001,5542583.4199999999],[7426832.4500000002,5542583.3800000008],[7426818.1900000004,5542582.5199999996],[7426803.2800000003,5542588.0700000003],[7426783.8099999996,5542582.3100000005],[7426770.8899999997,5542578.5],[7426760.6299999999,5542589.5999999996],[7426756.5700000003,5542594.0899999999],[7426747.2999999998,5542596.1400000006],[7426723.7999999998,5542598.6099999994],[7426710.5499999998,5542601.2400000002],[7426696.2999999998,5542602.3200000003],[7426678.4000000004,5542605.9000000004],[7426659.5300000003,5542605.9900000002],[7426641.2999999998,5542606.5800000001],[7426617.6600000001,5542609.4199999999],[7426590.0800000001,5542612.6600000001],[7426573.4900000002,5542613.7799999993],[7426566.21,5542614.6199999992],[7426555.9800000004,5542615.6699999999],[7426543.8600000003,5542620.1500000004],[7426526.4500000002,5542620.7899999991],[7426513.9000000004,5542626.2400000002],[7426507.4900000002,5542626.9600000009],[7426504.29,5542624.7799999993],[7426492.5099999998,5542624.0999999996],[7426482.9299999997,5542628.7300000004],[7426470.8399999999,5542631.9000000004],[7426454.7199999997,5542636.9900000002],[7426447.96,5542637.0999999996],[7426444.4299999997,5542637.5399999991],[7426440.9500000002,5542638.3900000006],[7426434.2800000003,5542640.0099999998],[7426429.4900000002,5542641.1799999997],[7426418.0599999996,5542643.9700000007],[7426406.75,5542647.7300000004],[7426393.1299999999,5542654.4100000001],[7426390.5700000003,5542655.6899999995],[7426376.6299999999,5542659.4299999997],[7426380.7699999996,5542702.8699999992],[7426385.1200000001,5542704.3399999999],[7426399.4299999997,5542709.0500000007],[7426403.2300000004,5542710.3499999996],[7426413.9000000004,5542713.9900000002],[7426420.8700000001,5542716.5099999998],[7426427.9299999997,5542719.0600000005],[7426439.9400000004,5542722.9100000001],[7426442.3799999999,5542723.6899999995],[7426456.7800000003,5542728.0700000003],[7426459.3499999996,5542728.8800000008],[7426471.21,5542732.6400000006],[7426476.8399999999,5542734.4299999997],[7426485.8600000003,5542737.2899999991],[7426499.6699999999,5542741.6899999995],[7426509.0899999999,5542744.6600000001],[7426512.5599999996,5542745.7599999998],[7426514.0300000003,5542746.2300000004],[7426528.3899999997,5542750.9399999995],[7426542.3700000001,5542755.4399999995],[7426555.8200000003,5542759.7599999998],[7426557.0300000003,5542760.1500000004],[7426571.5099999998,5542764.4600000009],[7426583.6299999999,5542768.0800000001],[7426604.5499999998,5542775.8800000008],[7426617.75,5542783.0299999993],[7426619.1100000003,5542783.9600000009],[7426630.2300000004,5542791.5199999996],[7426634.5599999996,5542795.0500000007],[7426642.4500000002,5542801.4800000004],[7426651.1200000001,5542809.5700000003],[7426653.5599999996,5542811.8499999996],[7426663.4699999997,5542822.9000000004],[7426672.6900000004,5542834.8499999996],[7426674.4100000001,5542837.6500000004],[7426678.3399999999,5542844.0399999991],[7426680.6200000001,5542847.75],[7426686.3899999997,5542861.1999999993],[7426686.9299999997,5542862.4600000009],[7426689.8600000003,5542867.9800000004],[7426690.9100000001,5542870.9199999999],[7426692.7999999998,5542876.2200000007],[7426697.1600000001,5542890.2899999991],[7426700.4100000001,5542901.2599999998],[7426702.1600000001,5542910.7699999996],[7426702.5999999996,5542913.1400000006],[7426703.5700000003,5542927.0399999991],[7426703.9000000004,5542937.5299999993],[7426703.3700000001,5542951.2799999993],[7426702.3799999999,5542972.3900000006],[7426701.9699999997,5542982.4700000007],[7426702.0700000003,5543010.9800000004],[7426702.1100000003,5543021.4700000007],[7426702.1699999999,5543037.9900000002],[7426707.1799999997,5543038.9199999999],[7426708.9400000004,5543088.8399999999],[7426709.2599999998,5543098.1300000008],[7426708.1799999997,5543112.0700000003],[7426705.3200000003,5543144.6999999993],[7426701.9800000004,5543144.5199999996],[7426701.8700000001,5543151.1099999994],[7426701.3899999997,5543180.4299999997],[7426701.2999999998,5543185.4100000001],[7426701.0199999996,5543200.0299999993],[7426700.4100000001,5543236.5199999996],[7426697.0800000001,5543267.6199999992],[7426696.0999999996,5543291.8800000008],[7426697.0899999999,5543291.8599999994],[7426699.4199999999,5543295.5500000007],[7426702.1799999997,5543299.9600000009],[7426702.1299999999,5543303.7599999998],[7426702.0499999998,5543309.5999999996],[7426702.0300000003,5543311.0700000003],[7426704.1900000004,5543321.5099999998],[7426701.1600000001,5543320.5999999996],[7426697.29,5543319.4499999993],[7426698.0899999999,5543350.5999999996],[7426702.3399999999,5543379.9100000001],[7426704.5899999999,5543411.4299999997],[7426720.9900000002,5543443.2599999998],[7426726.2400000002,5543451.7599999998],[7426729.6799999997,5543464.6300000008],[7426733.3899999997,5543469.6699999999],[7426746.3799999999,5543485.5500000007],[7426765.8099999996,5543508.5700000003],[7426802.2000000002,5543549.3800000008],[7426833.5700000003,5543584.5600000005],[7426799.5800000001,5543621.3599999994],[7426791.0199999996,5543630.6300000008],[7426788.9299999997,5543632.6699999999],[7426765.5099999998,5543655.5999999996],[7426727.3399999999,5543689.2100000009],[7426722.5999999996,5543684.6400000006],[7426717.3499999996,5543686.8599999994],[7426717.8899999997,5543699.1199999992],[7426711.46,5543708.1099999994],[7426700.5199999996,5543719.3699999992],[7426682.4500000002,5543734.6500000004],[7426670.0199999996,5543744.1799999997],[7426665.0899999999,5543748.8100000005],[7426650.3300000001,5543762.6600000001],[7426646.5800000001,5543764.7400000002],[7426602.29,5543785.6899999995],[7426526.0099999998,5543814.2200000007],[7426517.0800000001,5543817.7300000004],[7426498.5700000003,5543825],[7426497.5700000003,5543825.3300000001],[7426491.4900000002,5543826.0500000007],[7426489.0599999996,5543825.9000000004],[7426485.5700000003,5543824.5600000005],[7426483.2699999996,5543823.4399999995],[7426473.9000000004,5543815.9800000004],[7426470.4000000004,5543813.1199999992],[7426466.2800000003,5543817.4499999993],[7426464.6100000003,5543819.4399999995],[7426455.6900000004,5543830.0500000007],[7426450.3700000001,5543836.6500000004],[7426452.0599999996,5543837.9100000001],[7426450.1399999997,5543840.4199999999],[7426448.3499999996,5543839.0899999999],[7426445.5,5543842.5800000001],[7426435.1399999997,5543845.6500000004],[7426421.6699999999,5543849.6300000008],[7426397.1100000003,5543854.2699999996],[7426384.6299999999,5543856.6300000008],[7426371.3099999996,5543862.1799999997],[7426361.7400000002,5543866.1799999997],[7426361.1299999999,5543862.9299999997],[7426360.5099999998,5543862.8599999994],[7426354.7599999998,5543862.2200000007],[7426354.1399999997,5543862.1500000004],[7426349.5499999998,5543870.6500000004],[7426344.4800000004,5543872.0500000007],[7426321.3499999996,5543878.4199999999],[7426287.1399999997,5543886.9000000004],[7426274.8600000003,5543889.2400000002],[7426261.7000000002,5543891.7599999998],[7426240.75,5543897.2799999993],[7426236.8799999999,5543898.3100000005],[7426211.4699999997,5543903.8300000001],[7426206.7300000004,5543903.1199999992],[7426199.1399999997,5543901.9900000002],[7426198.9100000001,5543901.7599999998],[7426199.6100000003,5543896.1699999999],[7426198.9800000004,5543896.1099999994],[7426198.29,5543896.0500000007],[7426195.7999999998,5543895.8100000005],[7426191.1399999997,5543895.3699999992],[7426188.4900000002,5543895.1099999994],[7426187.8099999996,5543899.5299999993],[7426187.1399999997,5543903.8599999994],[7426180.8399999999,5543904.5199999996],[7426151.71,5543908.3699999992],[7426142.1100000003,5543909.4299999997],[7426124.4699999997,5543911.3800000008],[7426122.0899999999,5543911.6400000006],[7426094.8499999996,5543914.6500000004],[7426093.3099999996,5543914.8900000006],[7426071.1200000001,5543918.25],[7426061.0899999999,5543919.7699999996],[7426054.96,5543920.6999999993],[7426044.5800000001,5543922.2899999991],[7426035.1600000001,5543923.8499999996],[7426009.3700000001,5543928.1400000006],[7425998.9000000004,5543929.8800000008],[7425992.6500000004,5543929.4399999995],[7425986.6100000003,5543927.3300000001],[7425978.8700000001,5543927.5800000001],[7425927.9299999997,5543932.4199999999],[7425923.25,5543932.8599999994],[7425919.7999999998,5543933.1899999995],[7425917.2699999996,5543944.7699999996],[7425887.8099999996,5543952.9199999999],[7425840.7300000004,5543968.2699999996],[7425803.9500000002,5543980.4100000001],[7425800.9100000001,5543981.4199999999],[7425792.3899999997,5543984.2200000007],[7425789.0700000003,5543985.3399999999],[7425770.6900000004,5543991.2200000007],[7425704.9699999997,5544012.2200000007],[7425701.3200000003,5544005.8900000006],[7425699.9800000004,5544006.3000000007],[7425695.8700000001,5544007.5899999999],[7425694.2300000004,5544008.0999999996],[7425693.1900000004,5544015.1699999999],[7425692.7800000003,5544017.9800000004],[7425656.2599999998,5544031.1799999997],[7425639.1500000004,5544037.3699999992],[7425619.3899999997,5544043.1300000008],[7425585.4299999997,5544053.0399999991],[7425580.0300000003,5544054.6699999999],[7425536.2599999998,5544067.8100000005],[7425526.0300000003,5544073.3399999999],[7425487.7400000002,5544084.8699999992],[7425450.4500000002,5544096.0700000003],[7425438.3200000003,5544092.0099999998],[7425421.25,5544086.2899999991],[7425422.25,5544077.5399999991],[7425420.1600000001,5544074.8399999999],[7425421.7300000004,5544070.2100000009],[7425430.6500000004,5544042.0399999991],[7425428.6500000004,5544041.3300000001],[7425426.9400000004,5544040.7200000007],[7425414.1399999997,5544036.1400000006],[7425407.7599999998,5544033.9000000004],[7425399.4199999999,5544042.5199999996],[7425397.2800000003,5544044.7200000007],[7425345.8200000003,5544097.8399999999],[7425349.4400000004,5544113.4000000004],[7425348.6699999999,5544113.6500000004],[7425251.3200000003,5544145.2599999998],[7425224.25,5544154.0500000007],[7425216.8399999999,5544156.4499999993],[7425212.9299999997,5544154.1400000006],[7425210.4000000004,5544155.4499999993],[7425208.5700000003,5544156.3900000006],[7425202.96,5544159.2799999993],[7425200.5199999996,5544160.5399999991],[7425200.0599999996,5544160.7799999993],[7425199.2400000002,5544171.9299999997],[7425106.6299999999,5544203.7200000007],[7425025.9699999997,5544231.4100000001],[7425025.1500000004,5544231.6899999995],[7424981.0800000001,5544245.5600000005],[7424980.2400000002,5544245.8399999999],[7424967.4299999997,5544250.1300000008],[7424952.5599999996,5544254.5800000001],[7424949.2800000003,5544254.0800000001],[7424948.4100000001,5544254.4399999995],[7424908.6500000004,5544271.1899999995],[7424889.0999999996,5544280.2200000007],[7424885.46,5544281.9000000004],[7424882.5499999998,5544283.2400000002],[7424863.2199999997,5544293.4900000002],[7424844.5700000003,5544304.1300000008],[7424816.3499999996,5544320.2400000002],[7424803.5899999999,5544327.5299999993],[7424798.8099999996,5544331.2200000007],[7424750.9400000004,5544368.1999999993],[7424718.9699999997,5544392.8900000006],[7424707.3099999996,5544404.1600000001],[7424692.3899999997,5544426.7799999993],[7424687.3700000001,5544434.3900000006],[7424673.5199999996,5544445.1400000006],[7424666.3099999996,5544440.2400000002],[7424663.4100000001,5544443.6300000008],[7424657.7999999998,5544448.7799999993],[7424655.7800000003,5544450.6300000008],[7424659.25,5544466.1799999997],[7424647.2800000003,5544482.9000000004],[7424639.6100000003,5544492.0999999996],[7424607.0999999996,5544531.1300000008],[7424609.0099999998,5544533.2599999998],[7424603.3600000003,5544550.1999999993],[7424581.5300000003,5544577.5099999998],[7424566.04,5544577.6400000006],[7424560.0899999999,5544584.5800000001],[7424558.4299999997,5544584.1099999994],[7424558.1200000001,5544578.6600000001],[7424553.8799999999,5544504.7899999991],[7424554.54,5544498.3699999992],[7424551.8899999997,5544489.4900000002],[7424539.46,5544454.3300000001],[7424542.8899999997,5544453.3399999999],[7424533.04,5544409.3399999999],[7424526.04,5544379.3499999996],[7424525.1399999997,5544375.6199999992],[7424518.6200000001,5544347.9399999995],[7424513.6100000003,5544326.6600000001],[7424509.2999999998,5544309.1899999995],[7424505.6200000001,5544296.8499999996],[7424502.5499999998,5544287.2300000004],[7424500.3700000001,5544281.4199999999],[7424495.1299999999,5544268.6199999992],[7424489.8700000001,5544257.6600000001],[7424481.54,5544242.2300000004],[7424475.2699999996,5544231.6500000004],[7424474.4100000001,5544232.1600000001],[7424468.2999999998,5544223.9800000004],[7424455.46,5544206.5700000003],[7424441.46,5544188.7599999998],[7424443.1900000004,5544187.4000000004],[7424422.5999999996,5544167.0500000007],[7424419.7000000002,5544164.6300000008],[7424399.6100000003,5544149.0999999996],[7424385.29,5544139.5199999996],[7424361.7999999998,5544125.7400000002],[7424362.6600000001,5544076.0999999996],[7424366.2599999998,5544052.4700000007],[7424379.1500000004,5543974.0899999999],[7424380.7199999997,5543964.5],[7424381.6900000004,5543958.4700000007],[7424383.7000000002,5543946.1099999994],[7424385.25,5543936.6300000008],[7424393.4199999999,5543886.4499999993],[7424414.0199999996,5543761.2300000004],[7424421.3300000001,5543716.7699999996],[7424427.9199999999,5543676.6699999999],[7424436.5499999998,5543624.1600000001],[7424439.7400000002,5543604.7200000007],[7424446.9000000004,5543546.2699999996],[7424446.8799999999,5543544.0700000003],[7424444.79,5543456.9499999993],[7424438.9699999997,5543339.9700000007],[7424439.0199999996,5543339.1799999997],[7424438.8799999999,5543338.0700000003],[7424436.8899999997,5543298.2400000002],[7424434.1600000001,5543263.9800000004],[7424433.7000000002,5543258.2100000009],[7424433.4199999999,5543251.3800000008],[7424432.6299999999,5543232.6500000004],[7424429.7000000002,5543162.8699999992],[7424429.9199999999,5543143.7799999993],[7424428.1600000001,5543119.4600000009],[7424427.46,5543109.8900000006],[7424427.29,5543106.6400000006],[7424426.4699999997,5543091.6600000001],[7424425.7699999996,5543078.6199999992],[7424424.3399999999,5543047.7599999998],[7424422.8700000001,5543026.3100000005],[7424417.8899999997,5542954.8699999992],[7424416.2400000002,5542931.1899999995],[7424416.25,5542925.8599999994],[7424414.54,5542900.4100000001],[7424414.3600000003,5542892.0500000007],[7424412.5800000001,5542871.1500000004],[7424411.6200000001,5542863.9900000002],[7424410.79,5542856.3599999994],[7424410.0999999996,5542848.3200000003],[7424409.3099999996,5542839.0199999996],[7424409.0199999996,5542835.7200000007],[7424409.04,5542831.9199999999],[7424407.0800000001,5542803.9900000002],[7424404.7599999998,5542771.0700000003],[7424403.29,5542750.0700000003],[7424400.9800000004,5542714.3800000008],[7424399.5700000003,5542692.7100000009],[7424399.46,5542691.0700000003],[7424399,5542684.5299999993],[7424397.4800000004,5542662.9199999999],[7424397.1200000001,5542661.8800000008],[7424391.5800000001,5542646.0299999993],[7424388.1699999999,5542646.5199999996],[7424385.9800000004,5542636.6899999995],[7424379.4000000004,5542610.3499999996],[7424378.9699999997,5542608.6799999997],[7424381.4500000002,5542607.9399999995],[7424381.0700000003,5542605.1500000004],[7424378.8200000003,5542589.3599999994],[7424381.4199999999,5542572.9900000002],[7424381.6200000001,5542571.8100000005],[7424383.1900000004,5542563.3499999996],[7424386.5999999996,5542541.7200000007],[7424387.8399999999,5542531.7699999996],[7424393.9699999997,5542475.3300000001],[7424396.8799999999,5542448.5399999991],[7424390.4400000004,5542448.4499999993],[7424386.5099999998,5542448.4000000004],[7424387.3099999996,5542435.5999999996],[7424388.0199999996,5542424.1400000006],[7424389.1399999997,5542406.0600000005],[7424390.9500000002,5542392.9499999993],[7424391.7199999997,5542373.1799999997],[7424391.0899999999,5542361.3300000001],[7424388.6399999997,5542349.1500000004],[7424377.1399999997,5542353.6199999992],[7424373.2599999998,5542342.6500000004],[7424370.9699999997,5542337.5500000007],[7424346.4199999999,5542301.3300000001],[7424323.9900000002,5542267.0899999999],[7424318.2599999998,5542256.7699999996],[7424314.0700000003,5542246.8100000005],[7424309.2699999996,5542214.7100000009],[7424304.2800000003,5542188.0299999993],[7424302.29,5542172.9399999995],[7424301.3799999999,5542143.5800000001],[7424303.0999999996,5542126.8300000001],[7424303.5099999998,5542120.9100000001],[7424305.9800000004,5542085.6199999992],[7424309.9800000004,5542066.8300000001],[7424312.2999999998,5542055.1500000004],[7424315,5542047],[7424316.71,5542038.6500000004],[7424320.2999999998,5542019.5199999996],[7424322.8899999997,5542008.1099999994],[7424324.29,5542001.9600000009],[7424328.8300000001,5541981.9800000004],[7424335.7300000004,5541948.9100000001],[7424340.54,5541925.9199999999],[7424345.75,5541901.1899999995],[7424351.2000000002,5541875.3000000007],[7424357.6299999999,5541855],[7424360.96,5541842.5299999993],[7424365.8200000003,5541824.3499999996],[7424370.8200000003,5541808.0600000005],[7424376.2800000003,5541790.3599999994],[7424381.4699999997,5541770],[7424385.9800000004,5541751.6099999994],[7424388.9000000004,5541738.2599999998],[7424390.6299999999,5541723.2300000004],[7424390.2199999997,5541717.7899999991],[7424389.4000000004,5541712.5099999998],[7424387.5599999996,5541704.8300000001],[7424386.7400000002,5541701.6600000001],[7424384.6799999997,5541695.1799999997],[7424382.79,5541687.3800000008],[7424380.29,5541679.4199999999],[7424374.2599999998,5541664.6099999994],[7424369.8600000003,5541651.4199999999],[7424365,5541636.8100000005],[7424360.6600000001,5541624.5500000007],[7424354.8399999999,5541606.8800000008],[7424353.71,5541603.9299999997],[7424352.46,5541604.3800000008],[7424350.9500000002,5541604.5399999991],[7424350.3700000001,5541604.0299999993],[7424344.1500000004,5541602.9000000004],[7424323.4000000004,5541601.8800000008],[7424302.0199999996,5541600.5099999998],[7424293.7000000002,5541600.3000000007],[7424295.6299999999,5541598.7599999998],[7424311.2300000004,5541585.6600000001],[7424315.9500000002,5541581.5500000007],[7424305.9100000001,5541580.7799999993],[7424286.8799999999,5541579.8599999994],[7424268.0800000001,5541579.0500000007],[7424263.1600000001,5541571.1500000004],[7424247.0099999998,5541545.25],[7424242,5541537.1999999993],[7424237.6399999997,5541530.2200000007],[7424228.4800000004,5541515.5399999991],[7424228.4900000002,5541506.0999999996],[7424220.9199999999,5541496.1999999993],[7424212.71,5541489.5600000005],[7424178.0300000003,5541428.4299999997],[7424150.29,5541382.5099999998],[7424124.4299999997,5541338.4100000001],[7424099.9199999999,5541293.5199999996],[7424075.1299999999,5541247.1300000008],[7424069.0199999996,5541234.8900000006],[7424056.71,5541226.7100000009],[7424052.6299999999,5541224],[7424016.7400000002,5541198.0399999991],[7423999.6299999999,5541204.5600000005],[7423993,5541208.1699999999],[7423987.2599999998,5541221.1199999992],[7423989.9000000004,5541234.3499999996],[7423990.9699999997,5541237.7799999993],[7423977.0199999996,5541235.7400000002],[7423954.5700000003,5541232.4600000009],[7423792.6799999997,5541213.2100000009],[7423771.8300000001,5541210.7200000007],[7423659.6299999999,5541197.3800000008],[7423654.8499999996,5541197.0600000005],[7423647.25,5541196.5700000003],[7423646.9000000004,5541196.1999999993],[7423637.6900000004,5541193.8300000001],[7423654.5700000003,5541157.1699999999],[7423663.5899999999,5541131.6099999994],[7423664.3399999999,5541097.4199999999],[7423660.96,5541081.2599999998],[7423644.0499999998,5541014.3699999992],[7423634.04,5540986.8399999999]]]},"properties":{"objectid":2267742732302,"id_dzielni":11,"nr_dzielni":"XI","nazwa":"Podgórze Duchackie","nazwa_peln":"Dzielnica XI Podgórze Duchackie","opis":"UCHWAŁA NR XCIX/1505/14 RADY MIASTA KRAKOWA","powierzchn":9540011,"data_aktua":1396303200000}},{"type":"Feature","id":2267742732303,"geometry":{"type":"Polygon","coordinates":[[[7426376.6299999999,5542659.4299999997],[7426390.5700000003,5542655.6899999995],[7426393.1299999999,5542654.4100000001],[7426406.75,5542647.7300000004],[7426418.0599999996,5542643.9700000007],[7426429.4900000002,5542641.1799999997],[7426434.2800000003,5542640.0099999998],[7426440.9500000002,5542638.3900000006],[7426444.4299999997,5542637.5399999991],[7426447.96,5542637.0999999996],[7426454.7199999997,5542636.9900000002],[7426470.8399999999,5542631.9000000004],[7426482.9299999997,5542628.7300000004],[7426492.5099999998,5542624.0999999996],[7426504.29,5542624.7799999993],[7426507.4900000002,5542626.9600000009],[7426513.9000000004,5542626.2400000002],[7426526.4500000002,5542620.7899999991],[7426543.8600000003,5542620.1500000004],[7426555.9800000004,5542615.6699999999],[7426566.21,5542614.6199999992],[7426573.4900000002,5542613.7799999993],[7426590.0800000001,5542612.6600000001],[7426617.6600000001,5542609.4199999999],[7426641.2999999998,5542606.5800000001],[7426659.5300000003,5542605.9900000002],[7426678.4000000004,5542605.9000000004],[7426696.2999999998,5542602.3200000003],[7426710.5499999998,5542601.2400000002],[7426723.7999999998,5542598.6099999994],[7426747.2999999998,5542596.1400000006],[7426756.5700000003,5542594.0899999999],[7426760.6299999999,5542589.5999999996],[7426770.8899999997,5542578.5],[7426783.8099999996,5542582.3100000005],[7426803.2800000003,5542588.0700000003],[7426818.1900000004,5542582.5199999996],[7426832.4500000002,5542583.3800000008],[7426835.1200000001,5542583.4199999999],[7426862.2400000002,5542582.9499999993],[7426868.0199999996,5542582.8300000001],[7426875.9800000004,5542585.9000000004],[7426891.7199999997,5542585.2799999993],[7426897.25,5542585.0399999991],[7426902.71,5542582.4199999999],[7426904.6900000004,5542581.3699999992],[7426915.8399999999,5542580.5500000007],[7426916.0599999996,5542580.5399999991],[7426917.1600000001,5542580.6600000001],[7426927.1100000003,5542580.5600000005],[7426935.5899999999,5542578.9800000004],[7426948.2999999998,5542578.6500000004],[7426960.4800000004,5542583.7899999991],[7426977.8899999997,5542578.6699999999],[7426983.7199999997,5542576.6099999994],[7427008.2999999998,5542576.1300000008],[7427010.6699999999,5542576.0899999999],[7427023.1200000001,5542577.1600000001],[7427043.1100000003,5542582.5800000001],[7427068.2599999998,5542584.7599999998],[7427089.4400000004,5542582.2100000009],[7427105.8799999999,5542583.3900000006],[7427114.71,5542580.8800000008],[7427135.25,5542580.2400000002],[7427143.3600000003,5542581.0700000003],[7427157.1399999997,5542577.1799999997],[7427161.5,5542581.4499999993],[7427164.2999999998,5542581.3100000005],[7427168.6900000004,5542581.0999999996],[7427185.3799999999,5542579.9900000002],[7427197.9000000004,5542580.1699999999],[7427215.5,5542580.4100000001],[7427225,5542578.8200000003],[7427237.75,5542575.2599999998],[7427248.8099999996,5542577.6699999999],[7427261.5599999996,5542580.9700000007],[7427285.9299999997,5542581.6500000004],[7427312.8300000001,5542588.3499999996],[7427322.5800000001,5542588.3699999992],[7427357.7599999998,5542589.4499999993],[7427360.2599999998,5542589.6999999993],[7427373.2400000002,5542590.9299999997],[7427405.1299999999,5542587.6500000004],[7427413.4900000002,5542582.8800000008],[7427427.1200000001,5542576.5099999998],[7427432.2199999997,5542577.0600000005],[7427465.3099999996,5542580.9299999997],[7427504.4800000004,5542566.6699999999],[7427574.7999999998,5542579.9399999995],[7427593.0499999998,5542573.0199999996],[7427595.8700000001,5542574.1500000004],[7427600.8099999996,5542571.5299999993],[7427637.0599999996,5542599.7799999993],[7427674.9500000002,5542615.6699999999],[7427696.2300000004,5542622.9800000004],[7427703.21,5542625.3900000006],[7427702.9500000002,5542617.3300000001],[7427701.1399999997,5542561.2799999993],[7427701.0499999998,5542558.25],[7427691.0499999998,5542523.2400000002],[7427704.75,5542486.5800000001],[7427708.96,5542480.0899999999],[7427716.6500000004,5542468.3900000006],[7427742.5700000003,5542425.6699999999],[7427756.46,5542409.3300000001],[7427772.6699999999,5542401.8100000005],[7427775.1699999999,5542401.1999999993],[7427784.3899999997,5542379.9900000002],[7427770.9500000002,5542384.1699999999],[7427741.2300000004,5542392.1699999999],[7427731.7300000004,5542394.5199999996],[7427711.9199999999,5542399.0700000003],[7427697.7300000004,5542401.6600000001],[7427694.21,5542393.8599999994],[7427684.4100000001,5542393.5099999998],[7427676.2300000004,5542390.7799999993],[7427672.0300000003,5542386.9000000004],[7427673.6799999997,5542353.8100000005],[7427681.4000000004,5542345.4600000009],[7427671.0700000003,5542339.6199999992],[7427657.46,5542322.9600000009],[7427642.4699999997,5542304.6199999992],[7427634.9199999999,5542288.7799999993],[7427629.0300000003,5542281.6500000004],[7427650.04,5542269.1199999992],[7427654.5300000003,5542246.3499999996],[7427657.8499999996,5542244.3000000007],[7427658.0800000001,5542237.0999999996],[7427648.3799999999,5542243.2400000002],[7427650.1500000004,5542194.7699999996],[7427650.4000000004,5542187.9600000009],[7427654.8099999996,5542184.9499999993],[7427655.1900000004,5542180.9100000001],[7427655.8099999996,5542178.7799999993],[7427657.6299999999,5542172.6400000006],[7427661.0300000003,5542161.1899999995],[7427663.8600000003,5542157.6400000006],[7427669.9500000002,5542150],[7427674.1200000001,5542144.7799999993],[7427679.04,5542139.3900000006],[7427679.5,5542138.8900000006],[7427689.5999999996,5542131.6400000006],[7427694.9900000002,5542127.6699999999],[7427703.75,5542120.3900000006],[7427705.6699999999,5542119.0199999996],[7427722.8899999997,5542106.7200000007],[7427724.0499999998,5542099.7100000009],[7427718.1299999999,5542088.3800000008],[7427720.0599999996,5542087.7200000007],[7427726.7999999998,5542084.2200000007],[7427737.04,5542078.9000000004],[7427741.6600000001,5542076.5],[7427743.4100000001,5542075.5999999996],[7427773.71,5542059.9199999999],[7427778.0599999996,5542060.0800000001],[7427781.1600000001,5542061.3800000008],[7427789.04,5542048.8800000008],[7427790.6500000004,5542037.7599999998],[7427794.2699999996,5542036.0800000001],[7427796.8499999996,5542033.3800000008],[7427814.7699999996,5542020.7200000007],[7427860.8399999999,5541988.0700000003],[7427864.5700000003,5541985.4499999993],[7427912.0300000003,5541952.1500000004],[7427931.54,5541937.6199999992],[7427940.8099999996,5541930.7100000009],[7427943.3300000001,5541928.6699999999],[7427949.4199999999,5541923.7400000002],[7427956.0700000003,5541918.7100000009],[7427968.5,5541911.25],[7427981.6500000004,5541900.6699999999],[7427994.6299999999,5541891.3699999992],[7428010.1699999999,5541881.6899999995],[7428016.3499999996,5541877.0600000005],[7428027.0300000003,5541869.0399999991],[7428045.2300000004,5541857.3300000001],[7428071.75,5541841.2300000004],[7428086.0700000003,5541831.6999999993],[7428089.6299999999,5541827.4600000009],[7428101.4699999997,5541805.8599999994],[7428117.2599999998,5541778.8699999992],[7428142.75,5541748.0600000005],[7428151.2199999997,5541736.9499999993],[7428157.9800000004,5541728.1400000006],[7428173.9699999997,5541707.1600000001],[7428193.54,5541683.6699999999],[7428216.5199999996,5541662.8699999992],[7428233.9000000004,5541643.6600000001],[7428238.54,5541635.8800000008],[7428243.1399999997,5541628.1699999999],[7428252.8099999996,5541614.6099999994],[7428258.6699999999,5541608.9700000007],[7428278.7999999998,5541594.0999999996],[7428300,5541575.9399999995],[7428318.3499999996,5541557.9399999995],[7428340.7800000003,5541527.1199999992],[7428365.7599999998,5541498.5],[7428386.9699999997,5541466.8100000005],[7428398.6799999997,5541448.1300000008],[7428408.6699999999,5541426.6600000001],[7428413.4100000001,5541394.3800000008],[7428413.4299999997,5541390.6400000006],[7428416.4199999999,5541372.8699999992],[7428417.1500000004,5541368.3900000006],[7428423.6100000003,5541346.2300000004],[7428426.75,5541334.9000000004],[7428429.21,5541329.0399999991],[7428432.8300000001,5541324.1500000004],[7428438.8399999999,5541319.9299999997],[7428448.0899999999,5541316.6400000006],[7428453,5541314.9000000004],[7428465.8600000003,5541309.9600000009],[7428479.4299999997,5541304.7300000004],[7428484.6900000004,5541303.25],[7428504.4699999997,5541297.6300000008],[7428508.1399999997,5541296.1799999997],[7428511.2999999998,5541294.9199999999],[7428526.0300000003,5541287.3300000001],[7428543.0099999998,5541276.2200000007],[7428544.5499999998,5541275.0899999999],[7428540.71,5541272.7100000009],[7428526.9400000004,5541262.7899999991],[7428523.7699999996,5541260.5099999998],[7428511.3799999999,5541251.5],[7428492.1500000004,5541237.5199999996],[7428458.3799999999,5541211.1799999997],[7428448.96,5541204.3000000007],[7428436.1399999997,5541194.9399999995],[7428408.2599999998,5541180.8699999992],[7428388.2199999997,5541176.6099999994],[7428377.5800000001,5541176.0800000001],[7428376.9100000001,5541176.0600000005],[7428370.1600000001,5541175.7200000007],[7428342.5300000003,5541174.3699999992],[7428329.25,5541160.4900000002],[7428324.8499999996,5541140.2899999991],[7428327.54,5541139.1199999992],[7428330.25,5541137.9299999997],[7428347.0999999996,5541130.6999999993],[7428356.8899999997,5541126.4499999993],[7428360.8700000001,5541124.7200000007],[7428353.0999999996,5541108.4399999995],[7428342.4199999999,5541092.6799999997],[7428337.2699999996,5541083.5600000005],[7428327.7999999998,5541072.1699999999],[7428321.1299999999,5541064.5],[7428318.46,5541058.5299999993],[7428317.54,5541055.3499999996],[7428351.9000000004,5541049.8699999992],[7428361.5800000001,5541049.1500000004],[7428402.6200000001,5541046.0899999999],[7428448.3399999999,5541042.1400000006],[7428455.3600000003,5541041.7100000009],[7428476.5199999996,5541040.3900000006],[7428501.79,5541041.9600000009],[7428509.9900000002,5541042.4700000007],[7428534.5599999996,5541044.4600000009],[7428546.7999999998,5541048.0600000005],[7428551.4199999999,5541049.4199999999],[7428552.46,5541049.7200000007],[7428584.7300000004,5541048.9499999993],[7428592.1100000003,5541049.8300000001],[7428594.96,5541050.1799999997],[7428604.8300000001,5541038.7699999996],[7428609.25,5541027.7200000007],[7428612.0300000003,5541026.9499999993],[7428614.7699999996,5541026.3100000005],[7428617.5,5541025.5399999991],[7428620.8600000003,5541026.8800000008],[7428627.5999999996,5541029.5600000005],[7428650.6799999997,5541042.5899999999],[7428670.71,5541053.2300000004],[7428688.6100000003,5541064.0899999999],[7428697.2199999997,5541069.5899999999],[7428708.0999999996,5541076.1799999997],[7428725.0700000003,5541086.4900000002],[7428727.8899999997,5541090.4900000002],[7428751.5700000003,5541112.2300000004],[7428753.79,5541121.3800000008],[7428757.1900000004,5541135.4499999993],[7428766.21,5541170.3499999996],[7428784.2599999998,5541173.7400000002],[7428806.0199999996,5541179.6600000001],[7428824.4500000002,5541186.1799999997],[7428845.0700000003,5541194.1699999999],[7428876.8099999996,5541204.9000000004],[7428898.5199999996,5541212.0800000001],[7428920.5300000003,5541218.6300000008],[7428937.8499999996,5541224.0999999996],[7428954.6799999997,5541228.1699999999],[7428986.7800000003,5541237.3300000001],[7429027.4699999997,5541248.8300000001],[7429049.3799999999,5541254.3800000008],[7429070.5300000003,5541259.6400000006],[7429112.6399999997,5541267.8900000006],[7429186.3799999999,5541278.4000000004],[7429189.3600000003,5541278.8399999999],[7429195,5541281.3499999996],[7429224.5899999999,5541289.25],[7429227.4800000004,5541290.0500000007],[7429259.5099999998,5541294.9499999993],[7429267.2300000004,5541299.8100000005],[7429274.3600000003,5541296.1600000001],[7429275.9699999997,5541295.3399999999],[7429284.0199999996,5541297.4600000009],[7429293.5300000003,5541299.6999999993],[7429308.8700000001,5541304],[7429326.5499999998,5541303.1500000004],[7429340.9199999999,5541306.8699999992],[7429352.2599999998,5541308.6199999992],[7429361.1299999999,5541309.9299999997],[7429373.3099999996,5541309.1899999995],[7429377.75,5541312.5899999999],[7429388.0899999999,5541313.7899999991],[7429394.7199999997,5541312.1899999995],[7429401.7300000004,5541314.0899999999],[7429405.4199999999,5541315.0999999996],[7429409.5499999998,5541316.2200000007],[7429418.9100000001,5541314.8000000007],[7429425.8600000003,5541316.5800000001],[7429428.3700000001,5541317.0099999998],[7429436.9400000004,5541318.0299999993],[7429455.5499999998,5541320.7400000002],[7429456.1500000004,5541320.8200000003],[7429459.2599999998,5541321.0199999996],[7429461.1900000004,5541321.1500000004],[7429462.0300000003,5541320.5600000005],[7429470.3600000003,5541316.6699999999],[7429481.5999999996,5541318.1300000008],[7429515.5700000003,5541322.8699999992],[7429526.1399999997,5541329.75],[7429530.2300000004,5541332.1199999992],[7429569.46,5541354.8200000003],[7429596.9000000004,5541357.4299999997],[7429619.4400000004,5541362.1199999992],[7429627.2699999996,5541363.4499999993],[7429630.7599999998,5541360.0800000001],[7429641.96,5541346.8599999994],[7429640.9900000002,5541321.0500000007],[7429645.75,5541306.6999999993],[7429649.6500000004,5541294.9800000004],[7429658.8399999999,5541267.4000000004],[7429659.2400000002,5541263.8599999994],[7429662.7000000002,5541249.7100000009],[7429663.0800000001,5541247.8300000001],[7429664.6299999999,5541237.2799999993],[7429663.6900000004,5541228.2200000007],[7429675.8600000003,5541225.0800000001],[7429681.5300000003,5541224.4600000009],[7429685.0199999996,5541224.2200000007],[7429688.4900000002,5541224.3399999999],[7429693.3300000001,5541224.2300000004],[7429703.1900000004,5541224.4100000001],[7429708.0999999996,5541224.3900000006],[7429714.54,5541224.4399999995],[7429716.7199999997,5541224.5299999993],[7429719.6299999999,5541224.6600000001],[7429731.8700000001,5541224.4499999993],[7429763.1900000004,5541225.1600000001],[7429769.6900000004,5541226.4000000004],[7429773.1399999997,5541227.0600000005],[7429791.1200000001,5541230.4900000002],[7429791.9100000001,5541230.6400000006],[7429792.29,5541230.6899999995],[7429820.2800000003,5541233.4800000004],[7429848.4100000001,5541236.8900000006],[7429864.3700000001,5541239.3599999994],[7429877.3799999999,5541239.9900000002],[7429877.7199999997,5541240],[7429890.4000000004,5541240.1899999995],[7429903.2199999997,5541240.3699999992],[7429903.6900000004,5541240.3100000005],[7429925.5099999998,5541237.5099999998],[7429935.3899999997,5541235.4700000007],[7429941.6299999999,5541233.3399999999],[7429944.5700000003,5541232.3399999999],[7429962.9000000004,5541225.9700000007],[7429989.6100000003,5541215.9700000007],[7429993.8399999999,5541212.8399999999],[7430001,5541211.8300000001],[7430006.2800000003,5541212.5899999999],[7430122.2000000002,5541079.6699999999],[7430136.5999999996,5541061.8499999996],[7430157.7300000004,5541036.2400000002],[7430165.2999999998,5541026.5],[7430171.96,5541017.9299999997],[7430190.4199999999,5540994.1999999993],[7430191.2400000002,5540993.1400000006],[7430204.4500000002,5540976.1699999999],[7430219.4199999999,5540957.0999999996],[7430232.9800000004,5540939.8200000003],[7430246.9199999999,5540918.7899999991],[7430262.7999999998,5540897],[7430267,5540891.3100000005],[7430285.1600000001,5540866.6799999997],[7430313.1299999999,5540833.1099999994],[7430319.71,5540825.2200000007],[7430326.7199999997,5540816.8100000005],[7430331.5899999999,5540810.9600000009],[7430339.9199999999,5540800.9700000007],[7430345.5300000003,5540791.2100000009],[7430351.1699999999,5540781.3900000006],[7430382.3099999996,5540788.2699999996],[7430388.0300000003,5540789.6099999994],[7430402.2800000003,5540792.9700000007],[7430405.6600000001,5540804.8300000001],[7430406.6299999999,5540814.3800000008],[7430410.3899999997,5540823.6799999997],[7430411.8499999996,5540830.2599999998],[7430412.4900000002,5540836.0800000001],[7430413.1299999999,5540842.4399999995],[7430411.1500000004,5540852.0700000003],[7430409.2000000002,5540861.0700000003],[7430407.6200000001,5540868.3499999996],[7430406.1200000001,5540876.9000000004],[7430407.4900000002,5540888.6400000006],[7430405.0099999998,5540897.0899999999],[7430404.3399999999,5540903.3599999994],[7430403.8799999999,5540906.9100000001],[7430403.3399999999,5540911.2100000009],[7430402.9000000004,5540917.4499999993],[7430398.2800000003,5540924.0899999999],[7430395.7599999998,5540936.8499999996],[7430391.3399999999,5540948.0399999991],[7430390.6699999999,5540949.1400000006],[7430389.1299999999,5540951.7100000009],[7430387.7300000004,5540954.0199999996],[7430383.1200000001,5540961.6799999997],[7430376.1200000001,5540974.3900000006],[7430379.1600000001,5540982.4700000007],[7430376.1399999997,5540990.6799999997],[7430383.3300000001,5540994.9499999993],[7430388.1299999999,5540994.1699999999],[7430403.1900000004,5540991.7300000004],[7430430.3700000001,5540990.0199999996],[7430453.3700000001,5540984.2799999993],[7430457.9100000001,5540983.1400000006],[7430473.75,5540979.5600000005],[7430493.21,5540981.2400000002],[7430514.6900000004,5540983.0800000001],[7430519.1399999997,5540980.6999999993],[7430525.8399999999,5540977.0999999996],[7430534.6399999997,5540972.3900000006],[7430560.6299999999,5540974.2799999993],[7430569.0800000001,5540975.9600000009],[7430574.4199999999,5540976.2200000007],[7430580.5099999998,5540976.6699999999],[7430588.5199999996,5540984.4499999993],[7430595.46,5540986.4800000004],[7430604.21,5540986.75],[7430614.5099999998,5540984.3599999994],[7430618.54,5540984.0700000003],[7430642.4199999999,5540987.4800000004],[7430652.7699999996,5540992.2100000009],[7430667.29,5540995.4100000001],[7430684.1600000001,5540999.25],[7430685.6399999997,5540999.4800000004],[7430698.4000000004,5541001.4900000002],[7430717.0300000003,5541003.9499999993],[7430736.4199999999,5541005.8300000001],[7430748.9900000002,5541007.4600000009],[7430759.8600000003,5541008.9800000004],[7430763.6500000004,5541009.3800000008],[7430780.1799999997,5541011.1699999999],[7430782.04,5541011.3599999994],[7430795.5800000001,5541014.2300000004],[7430805.5800000001,5541016.1300000008],[7430823.2699999996,5541016.3900000006],[7430844.1299999999,5541017.2599999998],[7430851.0800000001,5541018.3000000007],[7430857.6900000004,5541019.2100000009],[7430871.6399999997,5541022.7699999996],[7430872.7400000002,5541022.7799999993],[7430875.4699999997,5541022.7799999993],[7430894.6699999999,5541019.3399999999],[7430915.6299999999,5541014.6400000006],[7430925.3399999999,5541012.2699999996],[7430933.7699999996,5541010.2100000009],[7430953.0499999998,5541003.5800000001],[7430969.5800000001,5540997.1899999995],[7430971.0599999996,5540996.4600000009],[7430986.2999999998,5540988.9399999995],[7431004.5300000003,5540980.3000000007],[7431016.1100000003,5540975.7799999993],[7431018.8399999999,5540972.75],[7431033.6100000003,5540956.3399999999],[7431034.0999999996,5540955.7899999991],[7431038.4100000001,5540949.6899999995],[7431044.0499999998,5540941.7400000002],[7431047.9500000002,5540933.8499999996],[7431048.5499999998,5540932.6400000006],[7431062.96,5540917.0600000005],[7431069.3399999999,5540907.8100000005],[7431074.0199999996,5540901.0099999998],[7431074.4100000001,5540900.4399999995],[7431075.3600000003,5540899.5399999991],[7431083.7599999998,5540891.5600000005],[7431086.0800000001,5540889.3599999994],[7431087.8899999997,5540887.6300000008],[7431088.96,5540885.1600000001],[7431096.0499999998,5540868.7799999993],[7431097.9699999997,5540858.0899999999],[7431098.3300000001,5540856.0500000007],[7431104.1299999999,5540850.5700000003],[7431109.5300000003,5540847.1799999997],[7431117.25,5540843.8900000006],[7431127.0300000003,5540840.8800000008],[7431142.6299999999,5540836.2699999996],[7431154.7300000004,5540833.9000000004],[7431165.71,5540833.5800000001],[7431175.0099999998,5540833.7200000007],[7431186.04,5540832.9100000001],[7431195.6200000001,5540831.6799999997],[7431198.1100000003,5540830.9100000001],[7431206.8200000003,5540828.2100000009],[7431207.54,5540827.9199999999],[7431217.71,5540823.8100000005],[7431218.54,5540823.4700000007],[7431231.0700000003,5540819.5299999993],[7431234.2300000004,5540818.5399999991],[7431257.5700000003,5540813.8900000006],[7431271.1900000004,5540811.2100000009],[7431280.2800000003,5540809.1999999993],[7431288.9100000001,5540807.2899999991],[7431307.1399999997,5540802.7100000009],[7431324.4400000004,5540799.0500000007],[7431326.9299999997,5540798.4299999997],[7431332.25,5540797.0999999996],[7431338.1900000004,5540796.7100000009],[7431350.4000000004,5540792.3300000001],[7431352.9100000001,5540793.4299999997],[7431358.9900000002,5540791.4000000004],[7431386.9500000002,5540780.5299999993],[7431398.9400000004,5540778.8800000008],[7431404.4400000004,5540778.1199999992],[7431418.3099999996,5540774.1899999995],[7431429.2999999998,5540771.1799999997],[7431442.3799999999,5540768.1999999993],[7431442.7699999996,5540768.1099999994],[7431444.9699999997,5540767.8300000001],[7431452.6699999999,5540765.9700000007],[7431456.9900000002,5540765.0700000003],[7431458.5999999996,5540764.7400000002],[7431462.0800000001,5540764.0099999998],[7431468.9299999997,5540763.7300000004],[7431475.8300000001,5540763.1199999992],[7431476.2599999998,5540763.0800000001],[7431489.9400000004,5540762.2599999998],[7431508.1100000003,5540760.3100000005],[7431510.79,5540760.1300000008],[7431512.7999999998,5540759.9900000002],[7431533.5899999999,5540757.6199999992],[7431538.7000000002,5540756.6999999993],[7431544.9000000004,5540755.5700000003],[7431562.4100000001,5540756.6999999993],[7431568.54,5540758.5800000001],[7431572.7300000004,5540761.8699999992],[7431579.9000000004,5540762.6799999997],[7431587.9800000004,5540761.6799999997],[7431596.0499999998,5540759.0899999999],[7431599.96,5540758.5299999993],[7431601.4800000004,5540758.4600000009],[7431617.7800000003,5540757.75],[7431628.4800000004,5540757.3499999996],[7431632.1799999997,5540759.0500000007],[7431638.6600000001,5540759.7799999993],[7431639.3700000001,5540758.0700000003],[7431639.9699999997,5540756.6500000004],[7431643.9500000002,5540759.2400000002],[7431648.9000000004,5540760.9499999993],[7431654.9800000004,5540762.1400000006],[7431662.1500000004,5540761.5899999999],[7431668.5800000001,5540756.8499999996],[7431674.2199999997,5540754.1500000004],[7431675.5599999996,5540753.75],[7431681.0800000001,5540752.1199999992],[7431684.71,5540749.8100000005],[7431686.96,5540745.8200000003],[7431690.2300000004,5540743.9000000004],[7431698.2400000002,5540741.8800000008],[7431704.9500000002,5540741.8699999992],[7431706.7699999996,5540741.7799999993],[7431715.79,5540743.1600000001],[7431716.5999999996,5540743.3200000003],[7431720.3899999997,5540744.0099999998],[7431732.6600000001,5540747.3200000003],[7431743.6799999997,5540751.9299999997],[7431744.3600000003,5540752.2100000009],[7431746.4500000002,5540753.0899999999],[7431746.7800000003,5540753.2300000004],[7431747.8499999996,5540753.6699999999],[7431743.1399999997,5540764.6899999995],[7431740.9699999997,5540773.1799999997],[7431738.04,5540783.6400000006],[7431736.7400000002,5540793.8100000005],[7431735.7199999997,5540817.4700000007],[7431734.5199999996,5540833.5899999999],[7431734.5099999998,5540833.8200000003],[7431732.5,5540862.9100000001],[7431732.5199999996,5540863.5],[7431732.8200000003,5540877.4100000001],[7431733.2400000002,5540889.3100000005],[7431733.3300000001,5540891.8900000006],[7431733.6699999999,5540894.4000000004],[7431734.8099999996,5540902.9000000004],[7431735.8799999999,5540919.0800000001],[7431735.9299999997,5540919.8599999994],[7431736.5599999996,5540928.3499999996],[7431736.6900000004,5540937.9499999993],[7431736.7599999998,5540939.6600000001],[7431736.9400000004,5540944.2100000009],[7431736.9800000004,5540951.5999999996],[7431737,5540952.25],[7431737.3099999996,5540961.7599999998],[7431737.3300000001,5540962.6199999992],[7431737.5300000003,5540971.2599999998],[7431737.9000000004,5540979.6300000008],[7431738.1200000001,5540989.3699999992],[7431738.5700000003,5540999.6600000001],[7431738.75,5541003.6400000006],[7431738.8099999996,5541004.6600000001],[7431739.54,5541016.4700000007],[7431739.9800000004,5541028.8100000005],[7431739.8200000003,5541030.4100000001],[7431739.21,5541036.1099999994],[7431739,5541038.0600000005],[7431739.04,5541038.7599999998],[7431739.5800000001,5541051.6199999992],[7431739.6600000001,5541052.1999999993],[7431740.6699999999,5541060.0999999996],[7431740.8700000001,5541061.4900000002],[7431741.1399999997,5541063.4000000004],[7431742.3399999999,5541071.7699999996],[7431744.54,5541083.3300000001],[7431744.7300000004,5541084.5700000003],[7431747.4000000004,5541101.9100000001],[7431747.8399999999,5541104.8100000005],[7431748.4400000004,5541108.5899999999],[7431749.5700000003,5541115.7200000007],[7431749.9900000002,5541118.3000000007],[7431750.5800000001,5541122.1400000006],[7431751.5800000001,5541128.5700000003],[7431753.9400000004,5541141.2599999998],[7431755.0099999998,5541147.9000000004],[7431755.04,5541148.0999999996],[7431756.1100000003,5541153.4499999993],[7431757.8600000003,5541158.6400000006],[7431757.9500000002,5541158.9499999993],[7431760.7000000002,5541167.3900000006],[7431762.6900000004,5541173.3900000006],[7431765.1500000004,5541183.8499999996],[7431766.8300000001,5541195.4499999993],[7431767.3200000003,5541208.3800000008],[7431768.0899999999,5541222.8100000005],[7431766.9500000002,5541237.5899999999],[7431766.0700000003,5541250.7799999993],[7431765.8300000001,5541262.3900000006],[7431765.7000000002,5541268.4700000007],[7431765.5499999998,5541275.3300000001],[7431765.71,5541284.7300000004],[7431767.1399999997,5541298.1899999995],[7431769.3300000001,5541309.75],[7431771.0800000001,5541312.4600000009],[7431771.6600000001,5541313.0399999991],[7431777.6900000004,5541318.2100000009],[7431783.4100000001,5541321.3300000001],[7431790.4299999997,5541324.4299999997],[7431797,5541326.4199999999],[7431808.2599999998,5541329.6899999995],[7431810.3499999996,5541330.2899999991],[7431810.8600000003,5541330.4100000001],[7431823.6299999999,5541333.3599999994],[7431833.2699999996,5541333.8900000006],[7431842.3099999996,5541334.1899999995],[7431847.7800000003,5541333.8800000008],[7431851.1299999999,5541333.6899999995],[7431859.7000000002,5541332.8399999999],[7431872.5099999998,5541330.75],[7431873.1600000001,5541330.5800000001],[7431877.54,5541329.4800000004],[7431879.4100000001,5541329.0099999998],[7431885.7800000003,5541326.9700000007],[7431886.2699999996,5541326.7599999998],[7431892.0499999998,5541324.3900000006],[7431898.9400000004,5541321.3699999992],[7431899.4400000004,5541321.1799999997],[7431914.2699999996,5541315.5299999993],[7431925.6799999997,5541310.9800000004],[7431937.6100000003,5541306.2200000007],[7431954.8399999999,5541299.3399999999],[7431955.7999999998,5541298.9299999997],[7431970.9400000004,5541292.4900000002],[7431971.5300000003,5541292.1199999992],[7431980.4000000004,5541286.6099999994],[7431987.8499999996,5541282.8300000001],[7431988.5599999996,5541282.6199999992],[7432000.8899999997,5541278.9700000007],[7432009.0800000001,5541277.6999999993],[7432016.0700000003,5541276.9100000001],[7432022.5800000001,5541276.9000000004],[7432023.29,5541277.0500000007],[7432041.8899999997,5541280.8599999994],[7432056.75,5541284.8200000003],[7432057.5899999999,5541284.9499999993],[7432064.4100000001,5541286],[7432066.1500000004,5541286.2599999998],[7432067.8099999996,5541286.4399999995],[7432079.21,5541287.7699999996],[7432090.5,5541288.9700000007],[7432090.75,5541288.9900000002],[7432106.0899999999,5541290.1400000006],[7432114.6799999997,5541291.5700000003],[7432121.8899999997,5541292.9700000007],[7432122.4000000004,5541293.0899999999],[7432126.7999999998,5541294.1500000004],[7432132.5499999998,5541295.5099999998],[7432136.8499999996,5541296.5299999993],[7432148.7699999996,5541299.7699999996],[7432152.4199999999,5541300.7599999998],[7432153.0099999998,5541300.8699999992],[7432167.4900000002,5541303.6199999992],[7432179.7199999997,5541305.5899999999],[7432187.8300000001,5541306.4199999999],[7432188.9400000004,5541306.4700000007],[7432207.0199999996,5541307.3499999996],[7432212.7199999997,5541306.9600000009],[7432234.9299999997,5541307.9600000009],[7432246.6500000004,5541307.4100000001],[7432259.8700000001,5541306.3000000007],[7432271.0999999996,5541305.6999999993],[7432271.9100000001,5541330.9800000004],[7432271.1699999999,5541359.5],[7432281.75,5541355.8900000006],[7432296.4900000002,5541359.6300000008],[7432302.2800000003,5541360.2400000002],[7432319.6900000004,5541361.5],[7432345.6100000003,5541361.9900000002],[7432368.2800000003,5541361.9700000007],[7432383.9199999999,5541363.0199999996],[7432401.4400000004,5541363.75],[7432408.25,5541364.9700000007],[7432412.7199999997,5541365.9900000002],[7432423.6399999997,5541369.9199999999],[7432430.0999999996,5541373.6600000001],[7432435.6600000001,5541378.1799999997],[7432440.8600000003,5541383.5],[7432445.1100000003,5541389.8800000008],[7432455.9299999997,5541411.8200000003],[7432459.1100000003,5541417.0899999999],[7432462.6299999999,5541424.5],[7432467.5499999998,5541435.6799999997],[7432472.8499999996,5541444.5700000003],[7432473.4900000002,5541446.2300000004],[7432476.7999999998,5541451.7100000009],[7432482.5899999999,5541460.0700000003],[7432495.0899999999,5541473.3499999996],[7432496.8499999996,5541474.5800000001],[7432514.0599999996,5541471.8499999996],[7432526.1600000001,5541470.3300000001],[7432545.0599999996,5541466.6999999993],[7432547.2999999998,5541466.2699999996],[7432556.8700000001,5541464.4100000001],[7432562.1900000004,5541464.0600000005],[7432571.0899999999,5541462.1999999993],[7432577.2999999998,5541460.5399999991],[7432588.3099999996,5541457.6199999992],[7432594.8899999997,5541457.2200000007],[7432604.5300000003,5541455.2100000009],[7432610.6399999997,5541453.4700000007],[7432618.8899999997,5541451.1099999994],[7432626.9299999997,5541449.4000000004],[7432629.0700000003,5541448.9399999995],[7432642.8300000001,5541444.3599999994],[7432649.0099999998,5541442.9800000004],[7432657.7599999998,5541439.8200000003],[7432659.0099999998,5541439.3699999992],[7432666.3300000001,5541436.7699999996],[7432673.1200000001,5541436.2400000002],[7432676.0499999998,5541438.9600000009],[7432677.29,5541440.1199999992],[7432685.04,5541448.0999999996],[7432689.1200000001,5541452.3100000005],[7432694.2000000002,5541457.5500000007],[7432700.4400000004,5541462.1999999993],[7432707.8200000003,5541468.2100000009],[7432716.1699999999,5541474.3599999994],[7432719.1100000003,5541491.2100000009],[7432719.8700000001,5541490.9299999997],[7432734,5541485.6799999997],[7432737.8499999996,5541497.5999999996],[7432740.9699999997,5541506.0600000005],[7432746.1699999999,5541504.7599999998],[7432748.0300000003,5541513.0600000005],[7432750.6600000001,5541524.9399999995],[7432750.75,5541537.4199999999],[7432760.2300000004,5541534.9000000004],[7432766.0300000003,5541535.6600000001],[7432771.5700000003,5541539.6600000001],[7432776.9199999999,5541543.9000000004],[7432781.4299999997,5541545.0399999991],[7432787.5899999999,5541544.9499999993],[7432789.9699999997,5541551.1300000008],[7432791.7400000002,5541558.4800000004],[7432791.0199999996,5541567.9600000009],[7432791.5999999996,5541575.5],[7432792.75,5541584.1699999999],[7432794.5599999996,5541592.75],[7432797.6799999997,5541592.4800000004],[7432801.2599999998,5541597.5],[7432804.8600000003,5541602.4100000001],[7432804.9699999997,5541607.1600000001],[7432805.0999999996,5541613.8900000006],[7432804.1699999999,5541620.7599999998],[7432798.8300000001,5541628.2200000007],[7432794.4100000001,5541636.0500000007],[7432792.6399999997,5541639.7400000002],[7432790.1900000004,5541644.7200000007],[7432787.1399999997,5541652.5999999996],[7432787.6699999999,5541660.0199999996],[7432788.3399999999,5541669.4499999993],[7432789.9100000001,5541680.2599999998],[7432791.0599999996,5541688.6899999995],[7432793.8300000001,5541693.9000000004],[7432799.1200000001,5541700],[7432804.8099999996,5541707.0399999991],[7432811.8799999999,5541712.3200000003],[7432815.3600000003,5541715.6899999995],[7432817.6399999997,5541719.5099999998],[7432821.5499999998,5541725.2899999991],[7432827.3099999996,5541733.3300000001],[7432832.4699999997,5541740.1999999993],[7432837.5700000003,5541742.6099999994],[7432840.5800000001,5541745.5700000003],[7432848.8799999999,5541748.6500000004],[7432854.0099999998,5541750.1199999992],[7432856.9100000001,5541750.8499999996],[7432861.1900000004,5541751.3499999996],[7432870.0300000003,5541750.0399999991],[7432876.9699999997,5541748.25],[7432888.5599999996,5541747.0399999991],[7432890.9500000002,5541746.5399999991],[7432933.6100000003,5541740.2699999996],[7432935.5499999998,5541739.3399999999],[7432942.8499999996,5541735.8300000001],[7432947.8799999999,5541734.1199999992],[7432955.0199999996,5541732.9800000004],[7432957.3099999996,5541732.6099999994],[7432964.3499999996,5541732.3100000005],[7432968.4199999999,5541733.3000000007],[7432975.5300000003,5541727.2899999991],[7432981.4900000002,5541724.4199999999],[7432994.1600000001,5541719.8800000008],[7433011.5999999996,5541712.8000000007],[7433023.75,5541707.1300000008],[7433025.2599999998,5541706.4299999997],[7433028.7599999998,5541704.8000000007],[7433036.8099999996,5541734.0700000003],[7433040.9199999999,5541750.4900000002],[7433053.1900000004,5541783.6099999994],[7433053.9400000004,5541785.6400000006],[7433059.0499999998,5541799.4199999999],[7433065.2800000003,5541817.7400000002],[7433070.1299999999,5541832.0099999998],[7433071.8499999996,5541837.0500000007],[7433073.04,5541842.2899999991],[7433080.5,5541841.6999999993],[7433086.2000000002,5541841.7599999998],[7433091.2300000004,5541841.8900000006],[7433094.25,5541844.2599999998],[7433101.5899999999,5541849.4299999997],[7433109.2699999996,5541855.1199999992],[7433122.6200000001,5541871.3399999999],[7433125.9299999997,5541875.3699999992],[7433142.7000000002,5541898.0199999996],[7433150.6799999997,5541915.3200000003],[7433154.0499999998,5541922.6500000004],[7433154.75,5541925.6699999999],[7433156.21,5541931.9199999999],[7433157.7400000002,5541945.9800000004],[7433161.71,5541967.1600000001],[7433163.3099999996,5541975.6799999997],[7433167.8399999999,5541994.8100000005],[7433172.1900000004,5542013.1600000001],[7433172.4000000004,5542014.2799999993],[7433175.5,5542030.9499999993],[7433175.6200000001,5542031.8800000008],[7433176.0199999996,5542035.1799999997],[7433176.6200000001,5542040.1400000006],[7433176.7800000003,5542041.4299999997],[7433177.3499999996,5542048.5999999996],[7433177.9699999997,5542058.4000000004],[7433178.6799999997,5542065.4100000001],[7433179.5099999998,5542073.5700000003],[7433179.9100000001,5542077.5500000007],[7433180.0199999996,5542078.5600000005],[7433184.8600000003,5542099.3100000005],[7433187.2800000003,5542109.6699999999],[7433189.04,5542117.2300000004],[7433189.7599999998,5542121.1699999999],[7433192.79,5542138.0999999996],[7433193.6100000003,5542158.75],[7433194.4000000004,5542178.5399999991],[7433194.8200000003,5542189.0299999993],[7433194.7000000002,5542198.3300000001],[7433193.7599999998,5542207.1999999993],[7433193.1399999997,5542213],[7433191.8700000001,5542218.5],[7433190.8099999996,5542223.8200000003],[7433189.1600000001,5542228.1300000008],[7433184.21,5542236.5600000005],[7433185.3300000001,5542251.5500000007],[7433175.3200000003,5542255.2200000007],[7433175.6500000004,5542267.3399999999],[7433176.3200000003,5542278.1500000004],[7433177.3300000001,5542283.9399999995],[7433178.8600000003,5542292.5700000003],[7433183.8200000003,5542316.8100000005],[7433185.4400000004,5542323.2899999991],[7433188.8200000003,5542337.2100000009],[7433189.3799999999,5542339.5],[7433190.1900000004,5542342.8100000005],[7433193.3799999999,5542353.8399999999],[7433200.9900000002,5542378.5299999993],[7433203.6200000001,5542391.8499999996],[7433206.9000000004,5542402.2699999996],[7433213.0599999996,5542416.9900000002],[7433216.5700000003,5542425.5600000005],[7433226.1500000004,5542446.4700000007],[7433228.3200000003,5542452.2799999993],[7433232.9299999997,5542466.6699999999],[7433234.5599999996,5542471.5500000007],[7433237.1699999999,5542479.3900000006],[7433241.4900000002,5542489.9000000004],[7433243.2199999997,5542494.9499999993],[7433248.8799999999,5542508.3699999992],[7433252.6100000003,5542516.9600000009],[7433256.8399999999,5542521.8499999996],[7433262.9199999999,5542528.6199999992],[7433267.6600000001,5542534.5999999996],[7433270.6299999999,5542543.1799999997],[7433272.1699999999,5542554.1799999997],[7433274.96,5542565.4700000007],[7433283.4500000002,5542583.9000000004],[7433285.2199999997,5542594.1199999992],[7433286.3200000003,5542600.4399999995],[7433290.6100000003,5542625.1400000006],[7433292.9699999997,5542638.7200000007],[7433294.0499999998,5542652.1600000001],[7433295.04,5542663.2699999996],[7433294.6600000001,5542674.2200000007],[7433300.29,5542687.3300000001],[7433301.1900000004,5542689.4100000001],[7433302.7599999998,5542697.75],[7433305.1900000004,5542710.6199999992],[7433304.9900000002,5542723.2699999996],[7433304.8799999999,5542730.0399999991],[7433307.0300000003,5542747.3800000008],[7433313.8399999999,5542772.7799999993],[7433315.5599999996,5542778.9000000004],[7433315.9100000001,5542781.0500000007],[7433319.25,5542794.3699999992],[7433321.4900000002,5542806.2599999998],[7433324.1699999999,5542818.1600000001],[7433328.8799999999,5542839.0199999996],[7433329.4000000004,5542841.8100000005],[7433329.6699999999,5542843.3000000007],[7433332.2599999998,5542857.2799999993],[7433336.5499999998,5542875.5199999996],[7433330.3399999999,5542903.5399999991],[7433326.7300000004,5542920.4199999999],[7433324.6200000001,5542930.2899999991],[7433320.3099999996,5542950.8699999992],[7433316.3099999996,5542969.1099999994],[7433310.3099999996,5542997.7799999993],[7433306.8300000001,5543013.0399999991],[7433302.5800000001,5543033.2699999996],[7433302.54,5543033.4900000002],[7433297.71,5543054.6600000001],[7433294.9199999999,5543069.1400000006],[7433290.8799999999,5543087.9399999995],[7433290.6100000003,5543089.2200000007],[7433290.4400000004,5543089.9600000009],[7433290,5543091.8800000008],[7433289.8899999997,5543092.3499999996],[7433289.5199999996,5543093.9399999995],[7433287.6500000004,5543102.0999999996],[7433282.3799999999,5543123.9000000004],[7433280.6699999999,5543131.25],[7433277.1500000004,5543146.4000000004],[7433273.4100000001,5543163.0099999998],[7433271.7300000004,5543172.1600000001],[7433267.4299999997,5543190.5299999993],[7433262.4000000004,5543212.5199999996],[7433257.3099999996,5543234.8200000003],[7433254.4699999997,5543246.5500000007],[7433250.6900000004,5543262.2200000007],[7433247.8899999997,5543275.9499999993],[7433247.4400000004,5543278.4800000004],[7433246.7199999997,5543282.5899999999],[7433220.8300000001,5543283.0899999999],[7433194.9500000002,5543287.5899999999],[7433173.8600000003,5543293.7100000009],[7433162.0599999996,5543299.4700000007],[7433156.0300000003,5543305.1199999992],[7433150.8200000003,5543314.7699999996],[7433136.0300000003,5543335.8200000003],[7433134.1900000004,5543338.4299999997],[7433116.54,5543360.4600000009],[7433101.54,5543383.3599999994],[7433086.5999999996,5543403.0899999999],[7433069.9299999997,5543423.0299999993],[7433053.6600000001,5543441.0899999999],[7433028.6900000004,5543473.3900000006],[7433006.4299999997,5543505.5099999998],[7432998.2000000002,5543523.5700000003],[7432998.2400000002,5543532.8399999999],[7432994.1900000004,5543538.7899999991],[7433006.1900000004,5543550.8200000003],[7433020.7999999998,5543558.1300000008],[7433048.4800000004,5543576.6199999992],[7433052.4500000002,5543578.7799999993],[7433060.0599999996,5543582.9199999999],[7433069.9800000004,5543588.3200000003],[7433090.8700000001,5543600.7200000007],[7433114.0099999998,5543612.3100000005],[7433123.2800000003,5543617.2899999991],[7433142.6900000004,5543627.7100000009],[7433164.25,5543641.0399999991],[7433168.9000000004,5543644.0299999993],[7433175.9800000004,5543648.5800000001],[7433187.5999999996,5543658.3499999996],[7433198.1699999999,5543667.3200000003],[7433207.1699999999,5543680.7300000004],[7433208.3799999999,5543682.5199999996],[7433215.9299999997,5543698.7200000007],[7433220.4699999997,5543708.4600000009],[7433221.1600000001,5543709.9299999997],[7433224.3499999996,5543718.3100000005],[7433231.0199999996,5543735.8100000005],[7433232.9900000002,5543740.9900000002],[7433237.8799999999,5543751.6899999995],[7433240.6100000003,5543757.6600000001],[7433252.46,5543781.5700000003],[7433255.6200000001,5543786.0399999991],[7433267.4100000001,5543802.6899999995],[7433271.1100000003,5543807.8499999996],[7433278.3300000001,5543817.9600000009],[7433283.29,5543824.9000000004],[7433286.4000000004,5543829.5600000005],[7433295.0999999996,5543842.6500000004],[7433301.1299999999,5543851.6999999993],[7433327.0999999996,5543885.9700000007],[7433339.6100000003,5543901.0099999998],[7433343.2300000004,5543905.3499999996],[7433359.75,5543925.2100000009],[7433374.7599999998,5543943.4299999997],[7433381.4500000002,5543951.5399999991],[7433389.2300000004,5543962.2899999991],[7433393.7800000003,5543968.5700000003],[7433403.1299999999,5543979.5500000007],[7433408.8300000001,5543986.2400000002],[7433410.8799999999,5543988.6400000006],[7433419.9100000001,5543999.5399999991],[7433420.96,5544000.8000000007],[7433430.5800000001,5544012.3900000006],[7433447.9100000001,5544033.2699999996],[7433457.6500000004,5544045.0099999998],[7433461.3600000003,5544049.7699999996],[7433463.1200000001,5544052.0199999996],[7433466.79,5544056.7400000002],[7433475,5544067.2799999993],[7433488.9299999997,5544085.0700000003],[7433496.4400000004,5544094.6799999997],[7433501.8700000001,5544101.2300000004],[7433508.6900000004,5544109.4600000009],[7433516.79,5544119.2400000002],[7433524.7000000002,5544131],[7433532.9000000004,5544143.1999999993],[7433533.0499999998,5544143.5800000001],[7433533.2400000002,5544144.0399999991],[7433534.2599999998,5544146.6400000006],[7433538.8399999999,5544158.1600000001],[7433539.4400000004,5544159.6799999997],[7433545.6500000004,5544174.7300000004],[7433549.0499999998,5544185.1999999993],[7433553.5,5544198.8699999992],[7433554.1799999997,5544205.0999999996],[7433563.0300000003,5544233.9199999999],[7433569.4299999997,5544255.5299999993],[7433571.0499999998,5544261.0099999998],[7433571.6500000004,5544263.0199999996],[7433572.7300000004,5544268.8300000001],[7433572.7199999997,5544282.9299999997],[7433572.7199999997,5544298.9299999997],[7433572.7199999997,5544321.0199999996],[7433574.2000000002,5544328.5099999998],[7433567.6799999997,5544331.0600000005],[7433539.2800000003,5544342.0700000003],[7433516.46,5544350.9000000004],[7433513.9000000004,5544351.9100000001],[7433468.7999999998,5544369.5899999999],[7433464.0999999996,5544371.4299999997],[7433428.71,5544385.2599999998],[7433412.1299999999,5544391.7300000004],[7433409.8899999997,5544392.5999999996],[7433401.3700000001,5544395.9199999999],[7433365.5999999996,5544409.8399999999],[7433357.5,5544412.9900000002],[7433356.8899999997,5544413.2300000004],[7433339.0499999998,5544420.1899999995],[7433320.6299999999,5544427.3599999994],[7433315.0899999999,5544429.5099999998],[7433300.7400000002,5544435.1099999994],[7433300.04,5544435.3800000008],[7433297.3799999999,5544436.4100000001],[7433247.5800000001,5544455.7100000009],[7433244.7599999998,5544456.8100000005],[7433238.2599999998,5544459.3300000001],[7433233.5999999996,5544461.1400000006],[7433159.5800000001,5544489.9900000002],[7433077.1799999997,5544522.6699999999],[7433075.3200000003,5544523.4000000004],[7433058.8300000001,5544529.8399999999],[7433025.6900000004,5544542.7799999993],[7432973.1500000004,5544563.0099999998],[7432933.71,5544578.5500000007],[7432915.75,5544585.6199999992],[7432908.21,5544588.5800000001],[7432899.6699999999,5544591.9299999997],[7432894.7000000002,5544593.8699999992],[7432875.8300000001,5544600.0500000007],[7432861.1500000004,5544603.6999999993],[7432859.1299999999,5544604.1999999993],[7432856.46,5544604.8599999994],[7432846.9100000001,5544606.0099999998],[7432838.3700000001,5544607.0299999993],[7432827.4100000001,5544608.3499999996],[7432819.8899999997,5544608.4600000009],[7432805.3200000003,5544608.6899999995],[7432784.5,5544608.0700000003],[7432731.8600000003,5544604.9100000001],[7432729.3499999996,5544604.75],[7432726.8600000003,5544604.6099999994],[7432720.4400000004,5544604.3100000005],[7432691.2199999997,5544602.8499999996],[7432683.8799999999,5544602.4900000002],[7432671.25,5544601.8599999994],[7432660.2999999998,5544601.3200000003],[7432573.5499999998,5544595.9299999997],[7432572.8499999996,5544595.9000000004],[7432540.0700000003,5544594.2200000007],[7432522.1399999997,5544593.3200000003],[7432520.5499999998,5544593.2300000004],[7432499.04,5544594.4299999997],[7432497.9199999999,5544594.5],[7432480.5999999996,5544597.6799999997],[7432457.0199999996,5544603.3200000003],[7432438,5544608.6600000001],[7432431.3099999996,5544610.5399999991],[7432424.1500000004,5544612.6099999994],[7432408.8799999999,5544617.0199999996],[7432404.9000000004,5544618.1300000008],[7432332.5800000001,5544638.3499999996],[7432292.5300000003,5544649.5600000005],[7432288.9400000004,5544650.5299999993],[7432271.7999999998,5544655.1799999997],[7432254.5199999996,5544659.8499999996],[7432220.54,5544669.0700000003],[7432213.8200000003,5544670.8900000006],[7432190.1699999999,5544675.0600000005],[7432178.1799999997,5544677.1799999997],[7432163.1799999997,5544678.2599999998],[7432152.3799999999,5544679.0399999991],[7432150.4000000004,5544679.0199999996],[7432131.5300000003,5544678.8800000008],[7432116.7599999998,5544677.4399999995],[7432109.8899999997,5544676.7699999996],[7432100.2599999998,5544675.8300000001],[7432091.8700000001,5544675.0099999998],[7432083.4699999997,5544674.1899999995],[7432079.6200000001,5544673.6999999993],[7432053.8399999999,5544670.4600000009],[7432039.2300000004,5544668.6199999992],[7432035.2800000003,5544668.1300000008],[7432023.3200000003,5544666.6199999992],[7432003.0899999999,5544664.2599999998],[7431979.9000000004,5544661.5600000005],[7431961.8799999999,5544659.4499999993],[7431926.3499999996,5544655.3100000005],[7431925.8200000003,5544655.25],[7431889.46,5544650.8000000007],[7431883.4100000001,5544650.0600000005],[7431879.75,5544649.6199999992],[7431874.5599999996,5544648.9800000004],[7431812.6200000001,5544641.4199999999],[7431794.7300000004,5544637.6199999992],[7431753.4199999999,5544632.2200000007],[7431652.0499999998,5544633.2100000009],[7431650.8799999999,5544631.5],[7431636.4500000002,5544631.9000000004],[7431613.7000000002,5544632.5099999998],[7431584.9100000001,5544633.3100000005],[7431566.8899999997,5544633.8000000007],[7431555.6600000001,5544634.1300000008],[7431549.5700000003,5544634.3100000005],[7431543.5800000001,5544634.5],[7431492.4900000002,5544636.0299999993],[7431412.2800000003,5544638.2799999993],[7431411.6200000001,5544638.3100000005],[7431399.3300000001,5544637.2100000009],[7431364.7199999997,5544639.1400000006],[7431353.7999999998,5544639.4299999997],[7431273.8099999996,5544643.3200000003],[7431235.6299999999,5544644.5700000003],[7431192.75,5544645.9800000004],[7431188.6299999999,5544646.4800000004],[7431142.1900000004,5544652.2599999998],[7431122.9900000002,5544658.1500000004],[7431069.96,5544678.5899999999],[7431065.5199999996,5544681.6899999995],[7431058.21,5544686.5899999999],[7431004.0099999998,5544722.9199999999],[7430969.1799999997,5544742.4399999995],[7430953.46,5544748.3599999994],[7430937.6399999997,5544754.3300000001],[7430900.8300000001,5544763.5800000001],[7430893.1399999997,5544765.8399999999],[7430870.9299999997,5544771.7899999991],[7430861.5700000003,5544770.2799999993],[7430847.5800000001,5544771.6500000004],[7430830.1799999997,5544771.5999999996],[7430810.0599999996,5544771.5500000007],[7430777.3200000003,5544767.1400000006],[7430770.7800000003,5544765.6500000004],[7430733.5899999999,5544757.1199999992],[7430691.8399999999,5544737.75],[7430680.5499999998,5544732.5],[7430653.2999999998,5544715.9800000004],[7430649.8899999997,5544714.1400000006],[7430621.3600000003,5544698.6999999993],[7430588.9299999997,5544678.4900000002],[7430568.9000000004,5544671.0299999993],[7430540.2999999998,5544663.4199999999],[7430538.3200000003,5544663.1300000008],[7430515.9400000004,5544660.8399999999],[7430488.2999999998,5544662.0500000007],[7430465.79,5544665.0099999998],[7430459.3099999996,5544645.6300000008],[7430457.0899999999,5544639],[7430450.7400000002,5544620.0500000007],[7430447.5700000003,5544596.8900000006],[7430448.1699999999,5544576.5199999996],[7430454.9900000002,5544536.25],[7430466.4299999997,5544478.4100000001],[7430468.7000000002,5544466.9499999993],[7430474.3700000001,5544441.4700000007],[7430485.96,5544389.4299999997],[7430488.2000000002,5544338.8900000006],[7430483.04,5544290.1799999997],[7430475.04,5544228.5700000003],[7430473.2199999997,5544214.5199999996],[7430464.79,5544199.3200000003],[7430453.6399999997,5544186.0600000005],[7430375.8200000003,5544093.4900000002],[7430347.5,5544039.9499999993],[7430348.8200000003,5544021.9800000004],[7430351.3099999996,5543988.1799999997],[7430352.3899999997,5543973.4000000004],[7430352.9199999999,5543966.1699999999],[7430353.2199999997,5543962.0800000001],[7430353.6500000004,5543956.9800000004],[7430354.3399999999,5543951.1699999999],[7430358.6100000003,5543915.2200000007],[7430358.4800000004,5543909.7799999993],[7430360.6100000003,5543891.9299999997],[7430360.25,5543879.6999999993],[7430360.2699999996,5543874.0299999993],[7430360.2999999998,5543866.6899999995],[7430360.7300000004,5543862.5399999991],[7430360.5300000003,5543852.1600000001],[7430359.5800000001,5543803.1400000006],[7430359.4900000002,5543798.4800000004],[7430359.1200000001,5543779.4800000004],[7430358.9199999999,5543769.25],[7430358.9199999999,5543768.8300000001],[7430358.6900000004,5543735.0800000001],[7430356.6100000003,5543723.3800000008],[7430355.6399999997,5543717.9100000001],[7430352.8700000001,5543700.4499999993],[7430350.5700000003,5543689.2699999996],[7430304.2599999998,5543702.6199999992],[7430245,5543719.7100000009],[7430243.1200000001,5543721.7100000009],[7430229.1100000003,5543736.5199999996],[7430221.5300000003,5543728.8900000006],[7430186.7599999998,5543730.3800000008],[7430146.8600000003,5543731.4199999999],[7430083.21,5543733.0800000001],[7430033.8899999997,5543751.3800000008],[7429978.3399999999,5543764.6699999999],[7429976.2800000003,5543757.5299999993],[7429864.4299999997,5543796.4199999999],[7429769.9299999997,5543829.2899999991],[7429684,5543866.9900000002],[7429684.9699999997,5543869.8200000003],[7429687.25,5543876.3699999992],[7429670.1500000004,5543883.75],[7429604.5999999996,5543912.0399999991],[7429521.96,5543947.7100000009],[7429474.5999999996,5543968.1500000004],[7429444.3600000003,5543981.2100000009],[7429380.8099999996,5543997.0999999996],[7429389.04,5544004.4800000004],[7429402.3700000001,5544016.4199999999],[7429414.9100000001,5544016.1300000008],[7429412.0499999998,5544018.3399999999],[7429403.8700000001,5544025.9499999993],[7429396.1900000004,5544034.8100000005],[7429395,5544036.6899999995],[7429393.3399999999,5544026.2300000004],[7429374.21,5544009.1400000006],[7429362.5199999996,5544001.5],[7429332.5199999996,5544011.9900000002],[7429330.2000000002,5544003.8399999999],[7429219.1100000003,5544032.8900000006],[7429166.46,5544046.6699999999],[7429083.71,5544068.3100000005],[7429068.8600000003,5544072.1899999995],[7428986.9900000002,5544093.5999999996],[7428986.46,5544091.4700000007],[7428976.04,5544094.2799999993],[7428976.5700000003,5544096.4100000001],[7428860.7999999998,5544127.5199999996],[7428854.0099999998,5544130],[7428760.75,5544154.0399999991],[7428703.7300000004,5544168.2400000002],[7428702.8399999999,5544168.2899999991],[7428668.5099999998,5544170.0399999991],[7428633.7800000003,5544168.9299999997],[7428584.7199999997,5544172.1899999995],[7428525.4000000004,5544180.0399999991],[7428464.8099999996,5544184.5500000007],[7428414.4100000001,5544190.5700000003],[7428364.6100000003,5544199.0899999999],[7428332.9299999997,5544203.75],[7428333.1799999997,5544208.5399999991],[7428297.2699999996,5544213.9100000001],[7428264.1799999997,5544221.1300000008],[7428246.2599999998,5544225.0500000007],[7428227.6500000004,5544229.8200000003],[7428211.1799999997,5544234.0299999993],[7428207.8099999996,5544234.9100000001],[7428164.2199999997,5544246.3200000003],[7428099.5800000001,5544257.9800000004],[7428101.2999999998,5544278.7699999996],[7428101.54,5544281.6899999995],[7427969.7199999997,5544302.5],[7427953.1299999999,5544305.1199999992],[7427950.0899999999,5544305.5999999996],[7427936.8099999996,5544308.0700000003],[7427910.5099999998,5544312.7100000009],[7427898.96,5544315.1099999994],[7427886.5700000003,5544317.4100000001],[7427873.21,5544319.9000000004],[7427860.0499999998,5544322.3499999996],[7427837.2199999997,5544326.5999999996],[7427822.5800000001,5544329.3200000003],[7427809.0099999998,5544331.8399999999],[7427794.7800000003,5544334.4900000002],[7427781.6600000001,5544336.9199999999],[7427786.1900000004,5544286.1799999997],[7427783.8399999999,5544286.6400000006],[7427404.54,5543911.3300000001],[7427397.04,5543909.1899999995],[7427392.1900000004,5543907.9900000002],[7427353.71,5543897.1400000006],[7427336.8799999999,5543884.0099999998],[7427316.3799999999,5543867.6799999997],[7427305.8399999999,5543859.0800000001],[7427304.9900000002,5543858.5500000007],[7427302.2999999998,5543856.8900000006],[7427296.0599999996,5543853.0199999996],[7427289.0800000001,5543849.0600000005],[7427282.7599999998,5543845.4800000004],[7427296.9900000002,5543821.1699999999],[7427301.9100000001,5543819.8399999999],[7427304.2400000002,5543815.3499999996],[7427311.6799999997,5543801],[7427311.9199999999,5543800.5299999993],[7427267.7000000002,5543779.4499999993],[7427266.7000000002,5543778.9600000009],[7427260.1799999997,5543788.2300000004],[7427257.9500000002,5543791.4100000001],[7427241.2400000002,5543808.7200000007],[7427237.0099999998,5543813.1099999994],[7427215.6500000004,5543801.6699999999],[7427193.8799999999,5543845.1999999993],[7427182.7300000004,5543867.5099999998],[7427175.1500000004,5543863.7599999998],[7427150.2699999996,5543851.4499999993],[7427144.4800000004,5543863.3200000003],[7427141.8499999996,5543872.0099999998],[7427133.7599999998,5543881.8499999996],[7427127.6100000003,5543889.3300000001],[7427125.8399999999,5543890.3000000007],[7427124.0999999996,5543891.2599999998],[7427114.9699999997,5543896.3000000007],[7427105.2199999997,5543901.6799999997],[7427103.2599999998,5543902.7599999998],[7427102.8099999996,5543903.0099999998],[7427091.3600000003,5543909.3200000003],[7427074.3200000003,5543918.7200000007],[7427056.1100000003,5543928.7699999996],[7427035.7400000002,5543908.0999999996],[7427026.46,5543898.3900000006],[7427016.71,5543888.1699999999],[7427010.71,5543885.1099999994],[7426996.3799999999,5543874.8900000006],[7426984.9500000002,5543870.4100000001],[7426973.1299999999,5543865.7699999996],[7426963.8899999997,5543862.1500000004],[7426954.6399999997,5543858.5299999993],[7426943.1399999997,5543853.6099999994],[7426935.3099999996,5543851.0500000007],[7426926.6500000004,5543847.4499999993],[7426916.6600000001,5543843.2899999991],[7426903.3099999996,5543838.7400000002],[7426888.8499999996,5543832.8200000003],[7426881.7400000002,5543829.9100000001],[7426865.6200000001,5543823.1999999993],[7426864.5499999998,5543822.7599999998],[7426854.2800000003,5543818.4800000004],[7426844.1500000004,5543814.2699999996],[7426834.9000000004,5543810.4700000007],[7426809.7999999998,5543799.7699999996],[7426806.4299999997,5543798.3300000001],[7426787.4800000004,5543828.6999999993],[7426777.9199999999,5543844.0399999991],[7426729.8499999996,5543919.9600000009],[7426710.1500000004,5543910.3000000007],[7426687.5499999998,5543899.2100000009],[7426677.79,5543894.4199999999],[7426698.7699999996,5543861.6600000001],[7426721.5800000001,5543826.0299999993],[7426731.54,5543812.0600000005],[7426725.8300000001,5543807.3900000006],[7426717.9100000001,5543799.5899999999],[7426704.4100000001,5543786.5399999991],[7426696.4199999999,5543778.8699999992],[7426677.6699999999,5543760.8800000008],[7426668.6100000003,5543752.1899999995],[7426665.0899999999,5543748.8100000005],[7426670.0199999996,5543744.1799999997],[7426682.4500000002,5543734.6500000004],[7426700.5199999996,5543719.3699999992],[7426711.46,5543708.1099999994],[7426717.8899999997,5543699.1199999992],[7426717.3499999996,5543686.8599999994],[7426722.5999999996,5543684.6400000006],[7426727.3399999999,5543689.2100000009],[7426765.5099999998,5543655.5999999996],[7426788.9299999997,5543632.6699999999],[7426791.0199999996,5543630.6300000008],[7426799.5800000001,5543621.3599999994],[7426833.5700000003,5543584.5600000005],[7426802.2000000002,5543549.3800000008],[7426765.8099999996,5543508.5700000003],[7426746.3799999999,5543485.5500000007],[7426733.3899999997,5543469.6699999999],[7426729.6799999997,5543464.6300000008],[7426726.2400000002,5543451.7599999998],[7426720.9900000002,5543443.2599999998],[7426704.5899999999,5543411.4299999997],[7426702.3399999999,5543379.9100000001],[7426698.0899999999,5543350.5999999996],[7426697.29,5543319.4499999993],[7426701.1600000001,5543320.5999999996],[7426704.1900000004,5543321.5099999998],[7426702.0300000003,5543311.0700000003],[7426702.0499999998,5543309.5999999996],[7426702.1299999999,5543303.7599999998],[7426702.1799999997,5543299.9600000009],[7426699.4199999999,5543295.5500000007],[7426697.0899999999,5543291.8599999994],[7426696.0999999996,5543291.8800000008],[7426697.0800000001,5543267.6199999992],[7426700.4100000001,5543236.5199999996],[7426701.0199999996,5543200.0299999993],[7426701.2999999998,5543185.4100000001],[7426701.3899999997,5543180.4299999997],[7426701.8700000001,5543151.1099999994],[7426701.9800000004,5543144.5199999996],[7426705.3200000003,5543144.6999999993],[7426708.1799999997,5543112.0700000003],[7426709.2599999998,5543098.1300000008],[7426708.9400000004,5543088.8399999999],[7426707.1799999997,5543038.9199999999],[7426702.1699999999,5543037.9900000002],[7426702.1100000003,5543021.4700000007],[7426702.0700000003,5543010.9800000004],[7426701.9699999997,5542982.4700000007],[7426702.3799999999,5542972.3900000006],[7426703.3700000001,5542951.2799999993],[7426703.9000000004,5542937.5299999993],[7426703.5700000003,5542927.0399999991],[7426702.5999999996,5542913.1400000006],[7426702.1600000001,5542910.7699999996],[7426700.4100000001,5542901.2599999998],[7426697.1600000001,5542890.2899999991],[7426692.7999999998,5542876.2200000007],[7426690.9100000001,5542870.9199999999],[7426689.8600000003,5542867.9800000004],[7426686.9299999997,5542862.4600000009],[7426686.3899999997,5542861.1999999993],[7426680.6200000001,5542847.75],[7426678.3399999999,5542844.0399999991],[7426674.4100000001,5542837.6500000004],[7426672.6900000004,5542834.8499999996],[7426663.4699999997,5542822.9000000004],[7426653.5599999996,5542811.8499999996],[7426651.1200000001,5542809.5700000003],[7426642.4500000002,5542801.4800000004],[7426634.5599999996,5542795.0500000007],[7426630.2300000004,5542791.5199999996],[7426619.1100000003,5542783.9600000009],[7426617.75,5542783.0299999993],[7426604.5499999998,5542775.8800000008],[7426583.6299999999,5542768.0800000001],[7426571.5099999998,5542764.4600000009],[7426557.0300000003,5542760.1500000004],[7426555.8200000003,5542759.7599999998],[7426542.3700000001,5542755.4399999995],[7426528.3899999997,5542750.9399999995],[7426514.0300000003,5542746.2300000004],[7426512.5599999996,5542745.7599999998],[7426509.0899999999,5542744.6600000001],[7426499.6699999999,5542741.6899999995],[7426485.8600000003,5542737.2899999991],[7426476.8399999999,5542734.4299999997],[7426471.21,5542732.6400000006],[7426459.3499999996,5542728.8800000008],[7426456.7800000003,5542728.0700000003],[7426442.3799999999,5542723.6899999995],[7426439.9400000004,5542722.9100000001],[7426427.9299999997,5542719.0600000005],[7426420.8700000001,5542716.5099999998],[7426413.9000000004,5542713.9900000002],[7426403.2300000004,5542710.3499999996],[7426399.4299999997,5542709.0500000007],[7426385.1200000001,5542704.3399999999],[7426380.7699999996,5542702.8699999992],[7426376.6299999999,5542659.4299999997]]]},"properties":{"objectid":2267742732303,"id_dzielni":12,"nr_dzielni":"XII","nazwa":"Bieżanów-Prokocim","nazwa_peln":"Dzielnica XII Bieżanów-Prokocim","opis":"UCHWAŁA NR XCIX/1506/14 RADY MIASTA KRAKOWA","powierzchn":18473911,"data_aktua":1396303200000}},{"type":"Feature","id":2267742732304,"geometry":{"type":"Polygon","coordinates":[[[7423146.8700000001,5544680.2699999996],[7423152.1299999999,5544655.0899999999],[7423178.4400000004,5544610.3699999992],[7423230.29,5544535.5899999999],[7423232.9199999999,5544511.5399999991],[7423224.6600000001,5544471.7100000009],[7423167.21,5544332.1500000004],[7423184.2000000002,5544331.8200000003],[7423200.46,5544331.5],[7423203.1699999999,5544339.7699999996],[7423235,5544338.9900000002],[7423244.7000000002,5544338.75],[7423248.4299999997,5544338.6500000004],[7423278.9299999997,5544337.6999999993],[7423278.5700000003,5544333.0099999998],[7423287.6900000004,5544330.25],[7423294.7300000004,5544330.1500000004],[7423316.9299999997,5544329.6799999997],[7423362.0199999996,5544329.6799999997],[7423365.3200000003,5544329.6199999992],[7423416.5,5544328.1699999999],[7423422.1799999997,5544328.2699999996],[7423457.7000000002,5544328.3599999994],[7423480.4299999997,5544328.4600000009],[7423505.5999999996,5544327.3399999999],[7423510.8600000003,5544326.7899999991],[7423513.7199999997,5544333.1600000001],[7423538.3899999997,5544322.5600000005],[7423556.7999999998,5544314.1999999993],[7423560.3099999996,5544312.5199999996],[7423575.3300000001,5544305.3800000008],[7423592.1299999999,5544295.9900000002],[7423609.6500000004,5544286.0500000007],[7423632.1799999997,5544272.1500000004],[7423635.4800000004,5544270.9100000001],[7423650.4400000004,5544259.8499999996],[7423670.3399999999,5544245.1300000008],[7423672.7800000003,5544243.3100000005],[7423677.9400000004,5544239.4800000004],[7423685.3399999999,5544233.9800000004],[7423711.4000000004,5544213.1300000008],[7423722.6799999997,5544204.1099999994],[7423721.3499999996,5544194.6099999994],[7423719.7999999998,5544183.6099999994],[7423722.7400000002,5544184.5700000003],[7423726.4400000004,5544184.2400000002],[7423731.1500000004,5544181.8800000008],[7423752.0099999998,5544165.0399999991],[7423752.9299999997,5544164.3000000007],[7423757.0999999996,5544160.9199999999],[7423759.5099999998,5544158.9800000004],[7423762.4400000004,5544156.6199999992],[7423767.8600000003,5544152.3000000007],[7423777.2000000002,5544144.7699999996],[7423792.71,5544139.4100000001],[7423798.5300000003,5544137.3699999992],[7423808.1900000004,5544164.3300000001],[7423816.6500000004,5544161.2400000002],[7423819.4699999997,5544168.8399999999],[7423821.6299999999,5544172.2799999993],[7423824.4299999997,5544174.8000000007],[7423828.0899999999,5544175.8499999996],[7423831.96,5544175.0199999996],[7423858.4000000004,5544166.6400000006],[7423892.4699999997,5544155.7699999996],[7423901.4800000004,5544152.9000000004],[7423922.2000000002,5544147.7400000002],[7423968.4100000001,5544132.8000000007],[7423981.3200000003,5544128.6199999992],[7423987.5999999996,5544127.0299999993],[7424032.9500000002,5544115.5399999991],[7424036.1299999999,5544114.7400000002],[7424063.6500000004,5544107.5800000001],[7424076.0199999996,5544104.3599999994],[7424099.3399999999,5544098.2899999991],[7424110.0999999996,5544089.6199999992],[7424107.8600000003,5544067.5899999999],[7424116.4699999997,5544061.3300000001],[7424122.3600000003,5544063.4199999999],[7424122.4699999997,5544056.0899999999],[7424124.7800000003,5544043.5800000001],[7424128.0700000003,5544031.6999999993],[7424139.8799999999,5544036.4800000004],[7424161.2400000002,5544045.6500000004],[7424194.9299999997,5544060.1099999994],[7424214.0499999998,5544068.3200000003],[7424239.3200000003,5544078.5],[7424260.7199999997,5544087.1199999992],[7424292.1600000001,5544098.1199999992],[7424314.5,5544105.9199999999],[7424345.7599999998,5544117.3000000007],[7424351.3799999999,5544120.0399999991],[7424355.5800000001,5544122.0999999996],[7424361.7999999998,5544125.7400000002],[7424385.29,5544139.5199999996],[7424399.6100000003,5544149.0999999996],[7424419.7000000002,5544164.6300000008],[7424422.5999999996,5544167.0500000007],[7424443.1900000004,5544187.4000000004],[7424441.46,5544188.7599999998],[7424455.46,5544206.5700000003],[7424468.2999999998,5544223.9800000004],[7424474.4100000001,5544232.1600000001],[7424475.2699999996,5544231.6500000004],[7424481.54,5544242.2300000004],[7424489.8700000001,5544257.6600000001],[7424495.1299999999,5544268.6199999992],[7424500.3700000001,5544281.4199999999],[7424502.5499999998,5544287.2300000004],[7424505.6200000001,5544296.8499999996],[7424509.2999999998,5544309.1899999995],[7424513.6100000003,5544326.6600000001],[7424518.6200000001,5544347.9399999995],[7424525.1399999997,5544375.6199999992],[7424526.04,5544379.3499999996],[7424533.04,5544409.3399999999],[7424542.8899999997,5544453.3399999999],[7424539.46,5544454.3300000001],[7424551.8899999997,5544489.4900000002],[7424554.54,5544498.3699999992],[7424553.8799999999,5544504.7899999991],[7424558.1200000001,5544578.6600000001],[7424558.4299999997,5544584.1099999994],[7424560.0899999999,5544584.5800000001],[7424566.04,5544577.6400000006],[7424581.5300000003,5544577.5099999998],[7424603.3600000003,5544550.1999999993],[7424609.0099999998,5544533.2599999998],[7424607.0999999996,5544531.1300000008],[7424639.6100000003,5544492.0999999996],[7424647.2800000003,5544482.9000000004],[7424659.25,5544466.1799999997],[7424655.7800000003,5544450.6300000008],[7424657.7999999998,5544448.7799999993],[7424663.4100000001,5544443.6300000008],[7424666.3099999996,5544440.2400000002],[7424673.5199999996,5544445.1400000006],[7424687.3700000001,5544434.3900000006],[7424692.3899999997,5544426.7799999993],[7424707.3099999996,5544404.1600000001],[7424718.9699999997,5544392.8900000006],[7424750.9400000004,5544368.1999999993],[7424798.8099999996,5544331.2200000007],[7424803.5899999999,5544327.5299999993],[7424816.3499999996,5544320.2400000002],[7424844.5700000003,5544304.1300000008],[7424863.2199999997,5544293.4900000002],[7424882.5499999998,5544283.2400000002],[7424885.46,5544281.9000000004],[7424889.0999999996,5544280.2200000007],[7424908.6500000004,5544271.1899999995],[7424948.4100000001,5544254.4399999995],[7424949.2800000003,5544254.0800000001],[7424952.5599999996,5544254.5800000001],[7424967.4299999997,5544250.1300000008],[7424980.2400000002,5544245.8399999999],[7424981.0800000001,5544245.5600000005],[7425025.1500000004,5544231.6899999995],[7425025.9699999997,5544231.4100000001],[7425106.6299999999,5544203.7200000007],[7425199.2400000002,5544171.9299999997],[7425200.0599999996,5544160.7799999993],[7425200.5199999996,5544160.5399999991],[7425202.96,5544159.2799999993],[7425208.5700000003,5544156.3900000006],[7425210.4000000004,5544155.4499999993],[7425212.9299999997,5544154.1400000006],[7425216.8399999999,5544156.4499999993],[7425224.25,5544154.0500000007],[7425251.3200000003,5544145.2599999998],[7425348.6699999999,5544113.6500000004],[7425349.4400000004,5544113.4000000004],[7425345.8200000003,5544097.8399999999],[7425397.2800000003,5544044.7200000007],[7425399.4199999999,5544042.5199999996],[7425407.7599999998,5544033.9000000004],[7425414.1399999997,5544036.1400000006],[7425426.9400000004,5544040.7200000007],[7425428.6500000004,5544041.3300000001],[7425430.6500000004,5544042.0399999991],[7425421.7300000004,5544070.2100000009],[7425420.1600000001,5544074.8399999999],[7425422.25,5544077.5399999991],[7425421.25,5544086.2899999991],[7425438.3200000003,5544092.0099999998],[7425450.4500000002,5544096.0700000003],[7425487.7400000002,5544084.8699999992],[7425526.0300000003,5544073.3399999999],[7425536.2599999998,5544067.8100000005],[7425580.0300000003,5544054.6699999999],[7425585.4299999997,5544053.0399999991],[7425619.3899999997,5544043.1300000008],[7425639.1500000004,5544037.3699999992],[7425656.2599999998,5544031.1799999997],[7425692.7800000003,5544017.9800000004],[7425693.1900000004,5544015.1699999999],[7425694.2300000004,5544008.0999999996],[7425695.8700000001,5544007.5899999999],[7425699.9800000004,5544006.3000000007],[7425701.3200000003,5544005.8900000006],[7425704.9699999997,5544012.2200000007],[7425770.6900000004,5543991.2200000007],[7425789.0700000003,5543985.3399999999],[7425792.3899999997,5543984.2200000007],[7425800.9100000001,5543981.4199999999],[7425803.9500000002,5543980.4100000001],[7425840.7300000004,5543968.2699999996],[7425887.8099999996,5543952.9199999999],[7425917.2699999996,5543944.7699999996],[7425919.7999999998,5543933.1899999995],[7425923.25,5543932.8599999994],[7425927.9299999997,5543932.4199999999],[7425978.8700000001,5543927.5800000001],[7425986.6100000003,5543927.3300000001],[7425992.6500000004,5543929.4399999995],[7425998.9000000004,5543929.8800000008],[7426009.3700000001,5543928.1400000006],[7426035.1600000001,5543923.8499999996],[7426044.5800000001,5543922.2899999991],[7426054.96,5543920.6999999993],[7426061.0899999999,5543919.7699999996],[7426071.1200000001,5543918.25],[7426093.3099999996,5543914.8900000006],[7426094.8499999996,5543914.6500000004],[7426122.0899999999,5543911.6400000006],[7426124.4699999997,5543911.3800000008],[7426142.1100000003,5543909.4299999997],[7426151.71,5543908.3699999992],[7426180.8399999999,5543904.5199999996],[7426187.1399999997,5543903.8599999994],[7426187.8099999996,5543899.5299999993],[7426188.4900000002,5543895.1099999994],[7426191.1399999997,5543895.3699999992],[7426195.7999999998,5543895.8100000005],[7426198.29,5543896.0500000007],[7426198.9800000004,5543896.1099999994],[7426199.6100000003,5543896.1699999999],[7426198.9100000001,5543901.7599999998],[7426199.1399999997,5543901.9900000002],[7426206.7300000004,5543903.1199999992],[7426211.4699999997,5543903.8300000001],[7426236.8799999999,5543898.3100000005],[7426240.75,5543897.2799999993],[7426261.7000000002,5543891.7599999998],[7426274.8600000003,5543889.2400000002],[7426287.1399999997,5543886.9000000004],[7426321.3499999996,5543878.4199999999],[7426344.4800000004,5543872.0500000007],[7426349.5499999998,5543870.6500000004],[7426354.1399999997,5543862.1500000004],[7426354.7599999998,5543862.2200000007],[7426360.5099999998,5543862.8599999994],[7426361.1299999999,5543862.9299999997],[7426361.7400000002,5543866.1799999997],[7426371.3099999996,5543862.1799999997],[7426384.6299999999,5543856.6300000008],[7426397.1100000003,5543854.2699999996],[7426421.6699999999,5543849.6300000008],[7426435.1399999997,5543845.6500000004],[7426445.5,5543842.5800000001],[7426448.3499999996,5543839.0899999999],[7426450.1399999997,5543840.4199999999],[7426452.0599999996,5543837.9100000001],[7426450.3700000001,5543836.6500000004],[7426455.6900000004,5543830.0500000007],[7426464.6100000003,5543819.4399999995],[7426466.2800000003,5543817.4499999993],[7426470.4000000004,5543813.1199999992],[7426473.9000000004,5543815.9800000004],[7426483.2699999996,5543823.4399999995],[7426485.5700000003,5543824.5600000005],[7426489.0599999996,5543825.9000000004],[7426491.4900000002,5543826.0500000007],[7426497.5700000003,5543825.3300000001],[7426498.5700000003,5543825],[7426517.0800000001,5543817.7300000004],[7426526.0099999998,5543814.2200000007],[7426602.29,5543785.6899999995],[7426646.5800000001,5543764.7400000002],[7426650.3300000001,5543762.6600000001],[7426665.0899999999,5543748.8100000005],[7426668.6100000003,5543752.1899999995],[7426677.6699999999,5543760.8800000008],[7426696.4199999999,5543778.8699999992],[7426704.4100000001,5543786.5399999991],[7426717.9100000001,5543799.5899999999],[7426725.8300000001,5543807.3900000006],[7426731.54,5543812.0600000005],[7426721.5800000001,5543826.0299999993],[7426698.7699999996,5543861.6600000001],[7426677.79,5543894.4199999999],[7426687.5499999998,5543899.2100000009],[7426710.1500000004,5543910.3000000007],[7426729.8499999996,5543919.9600000009],[7426777.9199999999,5543844.0399999991],[7426787.4800000004,5543828.6999999993],[7426806.4299999997,5543798.3300000001],[7426809.7999999998,5543799.7699999996],[7426834.9000000004,5543810.4700000007],[7426844.1500000004,5543814.2699999996],[7426854.2800000003,5543818.4800000004],[7426864.5499999998,5543822.7599999998],[7426865.6200000001,5543823.1999999993],[7426881.7400000002,5543829.9100000001],[7426888.8499999996,5543832.8200000003],[7426903.3099999996,5543838.7400000002],[7426916.6600000001,5543843.2899999991],[7426926.6500000004,5543847.4499999993],[7426935.3099999996,5543851.0500000007],[7426943.1399999997,5543853.6099999994],[7426954.6399999997,5543858.5299999993],[7426963.8899999997,5543862.1500000004],[7426973.1299999999,5543865.7699999996],[7426984.9500000002,5543870.4100000001],[7426996.3799999999,5543874.8900000006],[7427010.71,5543885.1099999994],[7427016.71,5543888.1699999999],[7427026.46,5543898.3900000006],[7427035.7400000002,5543908.0999999996],[7427056.1100000003,5543928.7699999996],[7427074.3200000003,5543918.7200000007],[7427091.3600000003,5543909.3200000003],[7427102.8099999996,5543903.0099999998],[7427103.2599999998,5543902.7599999998],[7427105.2199999997,5543901.6799999997],[7427114.9699999997,5543896.3000000007],[7427124.0999999996,5543891.2599999998],[7427125.8399999999,5543890.3000000007],[7427127.6100000003,5543889.3300000001],[7427133.7599999998,5543881.8499999996],[7427141.8499999996,5543872.0099999998],[7427144.4800000004,5543863.3200000003],[7427150.2699999996,5543851.4499999993],[7427175.1500000004,5543863.7599999998],[7427182.7300000004,5543867.5099999998],[7427193.8799999999,5543845.1999999993],[7427215.6500000004,5543801.6699999999],[7427237.0099999998,5543813.1099999994],[7427241.2400000002,5543808.7200000007],[7427257.9500000002,5543791.4100000001],[7427260.1799999997,5543788.2300000004],[7427266.7000000002,5543778.9600000009],[7427267.7000000002,5543779.4499999993],[7427311.9199999999,5543800.5299999993],[7427311.6799999997,5543801],[7427304.2400000002,5543815.3499999996],[7427301.9100000001,5543819.8399999999],[7427296.9900000002,5543821.1699999999],[7427282.7599999998,5543845.4800000004],[7427289.0800000001,5543849.0600000005],[7427296.0599999996,5543853.0199999996],[7427302.2999999998,5543856.8900000006],[7427304.9900000002,5543858.5500000007],[7427305.8399999999,5543859.0800000001],[7427316.3799999999,5543867.6799999997],[7427336.8799999999,5543884.0099999998],[7427353.71,5543897.1400000006],[7427392.1900000004,5543907.9900000002],[7427397.04,5543909.1899999995],[7427404.54,5543911.3300000001],[7427783.8399999999,5544286.6400000006],[7427786.1900000004,5544286.1799999997],[7427781.6600000001,5544336.9199999999],[7427794.7800000003,5544334.4900000002],[7427809.0099999998,5544331.8399999999],[7427822.5800000001,5544329.3200000003],[7427837.2199999997,5544326.5999999996],[7427860.0499999998,5544322.3499999996],[7427873.21,5544319.9000000004],[7427886.5700000003,5544317.4100000001],[7427898.96,5544315.1099999994],[7427910.5099999998,5544312.7100000009],[7427936.8099999996,5544308.0700000003],[7427950.0899999999,5544305.5999999996],[7427953.1299999999,5544305.1199999992],[7427969.7199999997,5544302.5],[7428101.54,5544281.6899999995],[7428101.2999999998,5544278.7699999996],[7428099.5800000001,5544257.9800000004],[7428164.2199999997,5544246.3200000003],[7428207.8099999996,5544234.9100000001],[7428211.1799999997,5544234.0299999993],[7428227.6500000004,5544229.8200000003],[7428246.2599999998,5544225.0500000007],[7428264.1799999997,5544221.1300000008],[7428297.2699999996,5544213.9100000001],[7428333.1799999997,5544208.5399999991],[7428332.9299999997,5544203.75],[7428364.6100000003,5544199.0899999999],[7428414.4100000001,5544190.5700000003],[7428464.8099999996,5544184.5500000007],[7428525.4000000004,5544180.0399999991],[7428584.7199999997,5544172.1899999995],[7428633.7800000003,5544168.9299999997],[7428668.5099999998,5544170.0399999991],[7428702.8399999999,5544168.2899999991],[7428703.7300000004,5544168.2400000002],[7428760.75,5544154.0399999991],[7428854.0099999998,5544130],[7428860.7999999998,5544127.5199999996],[7428976.5700000003,5544096.4100000001],[7428976.04,5544094.2799999993],[7428986.46,5544091.4700000007],[7428986.9900000002,5544093.5999999996],[7429068.8600000003,5544072.1899999995],[7429083.71,5544068.3100000005],[7429166.46,5544046.6699999999],[7429219.1100000003,5544032.8900000006],[7429330.2000000002,5544003.8399999999],[7429332.5199999996,5544011.9900000002],[7429362.5199999996,5544001.5],[7429374.21,5544009.1400000006],[7429393.3399999999,5544026.2300000004],[7429395,5544036.6899999995],[7429396.1900000004,5544034.8100000005],[7429403.8700000001,5544025.9499999993],[7429412.0499999998,5544018.3399999999],[7429414.9100000001,5544016.1300000008],[7429402.3700000001,5544016.4199999999],[7429389.04,5544004.4800000004],[7429380.8099999996,5543997.0999999996],[7429444.3600000003,5543981.2100000009],[7429474.5999999996,5543968.1500000004],[7429521.96,5543947.7100000009],[7429604.5999999996,5543912.0399999991],[7429670.1500000004,5543883.75],[7429687.25,5543876.3699999992],[7429684.9699999997,5543869.8200000003],[7429684,5543866.9900000002],[7429769.9299999997,5543829.2899999991],[7429864.4299999997,5543796.4199999999],[7429976.2800000003,5543757.5299999993],[7429978.3399999999,5543764.6699999999],[7430033.8899999997,5543751.3800000008],[7430083.21,5543733.0800000001],[7430146.8600000003,5543731.4199999999],[7430186.7599999998,5543730.3800000008],[7430221.5300000003,5543728.8900000006],[7430229.1100000003,5543736.5199999996],[7430243.1200000001,5543721.7100000009],[7430245,5543719.7100000009],[7430304.2599999998,5543702.6199999992],[7430350.5700000003,5543689.2699999996],[7430352.8700000001,5543700.4499999993],[7430355.6399999997,5543717.9100000001],[7430356.6100000003,5543723.3800000008],[7430358.6900000004,5543735.0800000001],[7430358.9199999999,5543768.8300000001],[7430358.9199999999,5543769.25],[7430359.1200000001,5543779.4800000004],[7430359.4900000002,5543798.4800000004],[7430359.5800000001,5543803.1400000006],[7430360.5300000003,5543852.1600000001],[7430360.7300000004,5543862.5399999991],[7430360.2999999998,5543866.6899999995],[7430360.2699999996,5543874.0299999993],[7430360.25,5543879.6999999993],[7430360.6100000003,5543891.9299999997],[7430358.4800000004,5543909.7799999993],[7430358.6100000003,5543915.2200000007],[7430354.3399999999,5543951.1699999999],[7430353.6500000004,5543956.9800000004],[7430353.2199999997,5543962.0800000001],[7430352.9199999999,5543966.1699999999],[7430352.3899999997,5543973.4000000004],[7430351.3099999996,5543988.1799999997],[7430348.8200000003,5544021.9800000004],[7430347.5,5544039.9499999993],[7430375.8200000003,5544093.4900000002],[7430453.6399999997,5544186.0600000005],[7430464.79,5544199.3200000003],[7430473.2199999997,5544214.5199999996],[7430475.04,5544228.5700000003],[7430483.04,5544290.1799999997],[7430488.2000000002,5544338.8900000006],[7430485.96,5544389.4299999997],[7430474.3700000001,5544441.4700000007],[7430468.7000000002,5544466.9499999993],[7430466.4299999997,5544478.4100000001],[7430454.9900000002,5544536.25],[7430448.1699999999,5544576.5199999996],[7430447.5700000003,5544596.8900000006],[7430450.7400000002,5544620.0500000007],[7430457.0899999999,5544639],[7430459.3099999996,5544645.6300000008],[7430465.79,5544665.0099999998],[7430488.2999999998,5544662.0500000007],[7430515.9400000004,5544660.8399999999],[7430538.3200000003,5544663.1300000008],[7430540.2999999998,5544663.4199999999],[7430568.9000000004,5544671.0299999993],[7430588.9299999997,5544678.4900000002],[7430621.3600000003,5544698.6999999993],[7430649.8899999997,5544714.1400000006],[7430653.2999999998,5544715.9800000004],[7430680.5499999998,5544732.5],[7430691.8399999999,5544737.75],[7430733.5899999999,5544757.1199999992],[7430770.7800000003,5544765.6500000004],[7430777.3200000003,5544767.1400000006],[7430810.0599999996,5544771.5500000007],[7430830.1799999997,5544771.5999999996],[7430847.5800000001,5544771.6500000004],[7430861.5700000003,5544770.2799999993],[7430870.9299999997,5544771.7899999991],[7430893.1399999997,5544765.8399999999],[7430900.8300000001,5544763.5800000001],[7430937.6399999997,5544754.3300000001],[7430953.46,5544748.3599999994],[7430969.1799999997,5544742.4399999995],[7431004.0099999998,5544722.9199999999],[7431058.21,5544686.5899999999],[7431065.5199999996,5544681.6899999995],[7431069.96,5544678.5899999999],[7431122.9900000002,5544658.1500000004],[7431142.1900000004,5544652.2599999998],[7431188.6299999999,5544646.4800000004],[7431192.75,5544645.9800000004],[7431235.6299999999,5544644.5700000003],[7431273.8099999996,5544643.3200000003],[7431353.7999999998,5544639.4299999997],[7431364.7199999997,5544639.1400000006],[7431399.3300000001,5544637.2100000009],[7431411.6200000001,5544638.3100000005],[7431412.2800000003,5544638.2799999993],[7431492.4900000002,5544636.0299999993],[7431543.5800000001,5544634.5],[7431549.5700000003,5544634.3100000005],[7431555.6600000001,5544634.1300000008],[7431566.8899999997,5544633.8000000007],[7431584.9100000001,5544633.3100000005],[7431613.7000000002,5544632.5099999998],[7431636.4500000002,5544631.9000000004],[7431650.8799999999,5544631.5],[7431652.0499999998,5544633.2100000009],[7431753.4199999999,5544632.2200000007],[7431794.7300000004,5544637.6199999992],[7431812.6200000001,5544641.4199999999],[7431874.5599999996,5544648.9800000004],[7431879.75,5544649.6199999992],[7431883.4100000001,5544650.0600000005],[7431889.46,5544650.8000000007],[7431925.8200000003,5544655.25],[7431926.3499999996,5544655.3100000005],[7431961.8799999999,5544659.4499999993],[7431979.9000000004,5544661.5600000005],[7432003.0899999999,5544664.2599999998],[7432023.3200000003,5544666.6199999992],[7432035.2800000003,5544668.1300000008],[7432039.2300000004,5544668.6199999992],[7432053.8399999999,5544670.4600000009],[7432079.6200000001,5544673.6999999993],[7432083.4699999997,5544674.1899999995],[7432091.8700000001,5544675.0099999998],[7432100.2599999998,5544675.8300000001],[7432109.8899999997,5544676.7699999996],[7432116.7599999998,5544677.4399999995],[7432131.5300000003,5544678.8800000008],[7432150.4000000004,5544679.0199999996],[7432152.3799999999,5544679.0399999991],[7432163.1799999997,5544678.2599999998],[7432178.1799999997,5544677.1799999997],[7432190.1699999999,5544675.0600000005],[7432213.8200000003,5544670.8900000006],[7432220.54,5544669.0700000003],[7432254.5199999996,5544659.8499999996],[7432271.7999999998,5544655.1799999997],[7432288.9400000004,5544650.5299999993],[7432292.5300000003,5544649.5600000005],[7432332.5800000001,5544638.3499999996],[7432404.9000000004,5544618.1300000008],[7432408.8799999999,5544617.0199999996],[7432424.1500000004,5544612.6099999994],[7432431.3099999996,5544610.5399999991],[7432438,5544608.6600000001],[7432457.0199999996,5544603.3200000003],[7432480.5999999996,5544597.6799999997],[7432497.9199999999,5544594.5],[7432499.04,5544594.4299999997],[7432520.5499999998,5544593.2300000004],[7432522.1399999997,5544593.3200000003],[7432540.0700000003,5544594.2200000007],[7432572.8499999996,5544595.9000000004],[7432573.5499999998,5544595.9299999997],[7432660.2999999998,5544601.3200000003],[7432671.25,5544601.8599999994],[7432683.8799999999,5544602.4900000002],[7432691.2199999997,5544602.8499999996],[7432720.4400000004,5544604.3100000005],[7432726.8600000003,5544604.6099999994],[7432729.3499999996,5544604.75],[7432731.8600000003,5544604.9100000001],[7432784.5,5544608.0700000003],[7432805.3200000003,5544608.6899999995],[7432819.8899999997,5544608.4600000009],[7432827.4100000001,5544608.3499999996],[7432838.3700000001,5544607.0299999993],[7432846.9100000001,5544606.0099999998],[7432856.46,5544604.8599999994],[7432859.1299999999,5544604.1999999993],[7432861.1500000004,5544603.6999999993],[7432875.8300000001,5544600.0500000007],[7432894.7000000002,5544593.8699999992],[7432899.6699999999,5544591.9299999997],[7432908.21,5544588.5800000001],[7432915.75,5544585.6199999992],[7432933.71,5544578.5500000007],[7432973.1500000004,5544563.0099999998],[7433025.6900000004,5544542.7799999993],[7433058.8300000001,5544529.8399999999],[7433075.3200000003,5544523.4000000004],[7433077.1799999997,5544522.6699999999],[7433159.5800000001,5544489.9900000002],[7433233.5999999996,5544461.1400000006],[7433238.2599999998,5544459.3300000001],[7433244.7599999998,5544456.8100000005],[7433247.5800000001,5544455.7100000009],[7433297.3799999999,5544436.4100000001],[7433300.04,5544435.3800000008],[7433300.7400000002,5544435.1099999994],[7433315.0899999999,5544429.5099999998],[7433320.6299999999,5544427.3599999994],[7433339.0499999998,5544420.1899999995],[7433356.8899999997,5544413.2300000004],[7433357.5,5544412.9900000002],[7433365.5999999996,5544409.8399999999],[7433401.3700000001,5544395.9199999999],[7433409.8899999997,5544392.5999999996],[7433412.1299999999,5544391.7300000004],[7433428.71,5544385.2599999998],[7433464.0999999996,5544371.4299999997],[7433468.7999999998,5544369.5899999999],[7433513.9000000004,5544351.9100000001],[7433516.46,5544350.9000000004],[7433539.2800000003,5544342.0700000003],[7433567.6799999997,5544331.0600000005],[7433574.2000000002,5544328.5099999998],[7433576.0300000003,5544337.8000000007],[7433577.3300000001,5544341.5099999998],[7433581.9400000004,5544354.6699999999],[7433582.3399999999,5544355.8100000005],[7433587.4100000001,5544364.0700000003],[7433594,5544372.9600000009],[7433605.7599999998,5544388.2400000002],[7433618.5599999996,5544402.8699999992],[7433619.4100000001,5544403.7599999998],[7433624.8600000003,5544409.4700000007],[7433626.8200000003,5544411.5199999996],[7433644.8099999996,5544422.4499999993],[7433646.4199999999,5544423.3499999996],[7433647.4800000004,5544423.9299999997],[7433661.9299999997,5544431.9600000009],[7433681.29,5544441],[7433708,5544455.3100000005],[7433734.8300000001,5544465.3300000001],[7433763.29,5544477.9000000004],[7433786.6200000001,5544487.9299999997],[7433803.7599999998,5544495.8200000003],[7433821.2300000004,5544502.9600000009],[7433835.0300000003,5544509.6600000001],[7433851.6399999997,5544516.0600000005],[7433855.3499999996,5544517.5600000005],[7433869.25,5544523.1799999997],[7433887.0199999996,5544529],[7433889.7400000002,5544529.8900000006],[7433900.6200000001,5544533.9700000007],[7433912.7000000002,5544538.4800000004],[7433932.96,5544545.8599999994],[7433933.6399999997,5544546.1099999994],[7433946.1299999999,5544549.9499999993],[7433951.4699999997,5544552.3699999992],[7433958.1200000001,5544555.3699999992],[7433972.3499999996,5544561.1199999992],[7433984.9199999999,5544566.1099999994],[7433991.0800000001,5544568.5700000003],[7433994.5999999996,5544569.9700000007],[7433997.1799999997,5544571.1400000006],[7434003.3899999997,5544573.9600000009],[7434013.1299999999,5544577.0199999996],[7434034.3899999997,5544583.25],[7434035.7599999998,5544584.5500000007],[7434040.1200000001,5544586.0099999998],[7434049.6699999999,5544589.1999999993],[7434065.8700000001,5544595.0899999999],[7434076.5,5544598.7899999991],[7434082.1699999999,5544600.7699999996],[7434094.1600000001,5544605.4499999993],[7434097,5544605.8800000008],[7434099.0800000001,5544606.1799999997],[7434105.5,5544608.5800000001],[7434111.71,5544610.5],[7434119.3600000003,5544612.8499999996],[7434131.3300000001,5544615.4299999997],[7434143.1500000004,5544618.1699999999],[7434154.0099999998,5544620.1699999999],[7434172.3700000001,5544624.7100000009],[7434181.5499999998,5544624.2200000007],[7434195.8899999997,5544628.1400000006],[7434200.2800000003,5544629.9499999993],[7434206.7199999997,5544632.6300000008],[7434208.6900000004,5544633.4399999995],[7434214.6399999997,5544634.8699999992],[7434208.4500000002,5544648.4800000004],[7434209.4500000002,5544661.3900000006],[7434211.0700000003,5544670.3699999992],[7434211.5700000003,5544677.2400000002],[7434209.5999999996,5544681.6500000004],[7434205.4400000004,5544685.5199999996],[7434200.3499999996,5544689.1999999993],[7434191.3200000003,5544694.6199999992],[7434178.3300000001,5544701.9600000009],[7434165.7199999997,5544710.0299999993],[7434151.75,5544721.1400000006],[7434130.5999999996,5544741.0700000003],[7434110.5099999998,5544761.8699999992],[7434101.8700000001,5544775.0600000005],[7434094.3600000003,5544786.9100000001],[7434084.5899999999,5544796.4199999999],[7434075.2000000002,5544808.0099999998],[7434077.9400000004,5544811.1199999992],[7434080.29,5544815.0899999999],[7434082.4299999997,5544818.6799999997],[7434131.2199999997,5544853.8300000001],[7434165.4699999997,5544869.3599999994],[7434186.2300000004,5544879.5700000003],[7434190.6200000001,5544881.7300000004],[7434194.0599999996,5544883.4199999999],[7434224.1799999997,5544899.1099999994],[7434228.6299999999,5544901.4800000004],[7434236.5,5544906.1799999997],[7434251.8899999997,5544918.1999999993],[7434265.3200000003,5544928.4499999993],[7434271.6799999997,5544933.6899999995],[7434277.1100000003,5544939.4700000007],[7434281.6399999997,5544944.4399999995],[7434286.2400000002,5544951.0999999996],[7434291.9500000002,5544959.6300000008],[7434297.3600000003,5544968.3499999996],[7434301.4400000004,5544974.6400000006],[7434304.75,5544979.3300000001],[7434309.7599999998,5544985.0199999996],[7434316.4199999999,5544992.75],[7434317.8499999996,5544994.4000000004],[7434320.6299999999,5544997.9499999993],[7434324.6100000003,5545004.6500000004],[7434327.3300000001,5545010.8200000003],[7434329.7400000002,5545014.75],[7434333.9500000002,5545020.6500000004],[7434337.5599999996,5545024.2799999993],[7434344.5700000003,5545028.6699999999],[7434353.4299999997,5545031.6999999993],[7434357.9400000004,5545032.2400000002],[7434363.9400000004,5545034.5500000007],[7434370.0300000003,5545037.5399999991],[7434367.04,5545046.2400000002],[7434361.3600000003,5545055.8699999992],[7434355.25,5545065.0500000007],[7434348.2300000004,5545074.3599999994],[7434340.1299999999,5545081.9900000002],[7434328.7300000004,5545088.8000000007],[7434322.5300000003,5545089.9499999993],[7434316.2000000002,5545091.8300000001],[7434305.9100000001,5545099.5899999999],[7434295.9299999997,5545111.3000000007],[7434287.6699999999,5545115.0099999998],[7434281.9100000001,5545118.6699999999],[7434268.4199999999,5545132.3800000008],[7434267.6600000001,5545133.0600000005],[7434254.6900000004,5545144.7400000002],[7434253.4000000004,5545145.9100000001],[7434248.96,5545148.2200000007],[7434241.1900000004,5545152.2599999998],[7434239.1799999997,5545151.3900000006],[7434227.4400000004,5545146.3399999999],[7434216.3200000003,5545141.8200000003],[7434204.79,5545137.4900000002],[7434187.9100000001,5545132.9399999995],[7434180.9800000004,5545132.4600000009],[7434171.0800000001,5545130.8000000007],[7434165.4800000004,5545147.6400000006],[7434159.5,5545162.9900000002],[7434157.46,5545174.9700000007],[7434154.9400000004,5545192.0199999996],[7434152.3700000001,5545210.5999999996],[7434148.4500000002,5545228.8000000007],[7434143.2300000004,5545249.5999999996],[7434136.7800000003,5545272.6999999993],[7434132.9699999997,5545285.9700000007],[7434130.8200000003,5545295.8300000001],[7434129.5899999999,5545306.1600000001],[7434129.2300000004,5545309.2300000004],[7434131.6200000001,5545319.8499999996],[7434132.3799999999,5545323.1899999995],[7434124.4199999999,5545352.75],[7434126.3099999996,5545355.1799999997],[7434135.8200000003,5545354.6199999992],[7434140.1200000001,5545352.9399999995],[7434146.0899999999,5545354.6300000008],[7434153.9199999999,5545355.0099999998],[7434155.2400000002,5545354.75],[7434162.21,5545353.4100000001],[7434167.8700000001,5545351.9900000002],[7434171.7999999998,5545350.3699999992],[7434177.1500000004,5545345.8000000007],[7434179.8300000001,5545346.9900000002],[7434181.4900000002,5545350.5700000003],[7434184.7300000004,5545357.5399999991],[7434185.1399999997,5545358.0399999991],[7434188.46,5545362.0600000005],[7434193.3200000003,5545367.9399999995],[7434198.3600000003,5545369.6199999992],[7434204.3799999999,5545369.8200000003],[7434208.75,5545368.2699999996],[7434214.7699999996,5545364.4800000004],[7434223.1900000004,5545360.1699999999],[7434229.7199999997,5545365.6600000001],[7434230.7400000002,5545366.5199999996],[7434235.5899999999,5545373.1899999995],[7434241.7699999996,5545382.1999999993],[7434243.0800000001,5545384.0999999996],[7434247.2400000002,5545390.6500000004],[7434255.6399999997,5545403.7799999993],[7434257.8499999996,5545407.2300000004],[7434259.4199999999,5545408.5999999996],[7434267.1500000004,5545415.3399999999],[7434276.5899999999,5545419.9199999999],[7434284.9299999997,5545424.5500000007],[7434290.4900000002,5545425.2599999998],[7434296.9900000002,5545426.0800000001],[7434307.1600000001,5545425.0399999991],[7434317.4400000004,5545423.0399999991],[7434329.25,5545426.3300000001],[7434339.2199999997,5545430.5899999999],[7434346.5099999998,5545433.3000000007],[7434355.9100000001,5545436.9399999995],[7434366.0599999996,5545445.5199999996],[7434371.5,5545452.2300000004],[7434374.6399999997,5545456.0999999996],[7434381.2300000004,5545461.5299999993],[7434383.8600000003,5545463.6899999995],[7434391.4699999997,5545468.6899999995],[7434395.75,5545472.1300000008],[7434399.9000000004,5545475.4800000004],[7434404.1600000001,5545479.4000000004],[7434404.9199999999,5545480.0899999999],[7434406,5545481.2699999996],[7434412.1600000001,5545487.9600000009],[7434420.0199999996,5545496.7100000009],[7434422.1500000004,5545499.8000000007],[7434424.9500000002,5545503.8499999996],[7434428.8600000003,5545508.9900000002],[7434434.1299999999,5545514.7100000009],[7434439.0199999996,5545520.2699999996],[7434440.3300000001,5545522.5899999999],[7434448.25,5545536.6400000006],[7434451.9199999999,5545542.0299999993],[7434455.8899999997,5545547.8499999996],[7434465.1799999997,5545558.5700000003],[7434476.4299999997,5545569.9100000001],[7434478.2300000004,5545578.1999999993],[7434484.3300000001,5545581.6799999997],[7434489.5999999996,5545583.2899999991],[7434495.5,5545586.5099999998],[7434500.1399999997,5545592.6400000006],[7434501.6500000004,5545594.6300000008],[7434506.71,5545599.1899999995],[7434510.9500000002,5545609.5800000001],[7434514.5099999998,5545619.2699999996],[7434518.0499999998,5545627.8699999992],[7434518.3799999999,5545629.0199999996],[7434520.6100000003,5545636.5899999999],[7434522.5499999998,5545643.7899999991],[7434523.0800000001,5545645.7699999996],[7434526.25,5545657.8800000008],[7434533.2000000002,5545663.1999999993],[7434539,5545669.5899999999],[7434541.9500000002,5545676.1999999993],[7434543.2400000002,5545683.1600000001],[7434546.8399999999,5545688.8499999996],[7434550.4500000002,5545692.75],[7434553.7400000002,5545696.7100000009],[7434558.7999999998,5545699.7599999998],[7434566.8200000003,5545705.5600000005],[7434576.1699999999,5545710.4000000004],[7434579.8499999996,5545710.9499999993],[7434584.1500000004,5545711.8699999992],[7434592.4299999997,5545713.9600000009],[7434599.1100000003,5545716.0500000007],[7434603.3799999999,5545723.0600000005],[7434602.4699999997,5545727.0500000007],[7434601.7699999996,5545728.4100000001],[7434598.4400000004,5545734.8900000006],[7434602,5545738.2799999993],[7434605.3499999996,5545743.3200000003],[7434609.7300000004,5545750.2200000007],[7434612.9900000002,5545756.1500000004],[7434619.6799999997,5545766.4499999993],[7434624.1900000004,5545772.5800000001],[7434625.5499999998,5545774.4399999995],[7434641.1600000001,5545785.7899999991],[7434656.3200000003,5545797.0999999996],[7434668.1200000001,5545805.0700000003],[7434680.2400000002,5545812.4499999993],[7434693.0899999999,5545817.1699999999],[7434693.5499999998,5545817.2899999991],[7434698.6200000001,5545818.6400000006],[7434711.1299999999,5545818.7300000004],[7434721.9299999997,5545818.1999999993],[7434733.7699999996,5545815.6500000004],[7434734.9400000004,5545815.2100000009],[7434743.9000000004,5545811.8300000001],[7434752.3099999996,5545806.6999999993],[7434758.9400000004,5545801.6899999995],[7434760.7199999997,5545800.3499999996],[7434768.0499999998,5545790.9399999995],[7434768.2599999998,5545778.1999999993],[7434769.0300000003,5545769.2599999998],[7434770.8899999997,5545763.1999999993],[7434771.8899999997,5545759.9100000001],[7434781.4400000004,5545757.6199999992],[7434789.3899999997,5545755.4800000004],[7434793.2999999998,5545754.4299999997],[7434796.1100000003,5545753.6699999999],[7434797.8899999997,5545751.8900000006],[7434803.0199999996,5545746.7899999991],[7434807.4699999997,5545742.4900000002],[7434809.5700000003,5545740.4600000009],[7434814.6100000003,5545735.25],[7434818.6299999999,5545731.2300000004],[7434821.9000000004,5545727.9700000007],[7434826.7400000002,5545721.7200000007],[7434831.6600000001,5545716.3399999999],[7434838.7699999996,5545709.0099999998],[7434841.9100000001,5545705.7599999998],[7434856.6799999997,5545693.3200000003],[7434871.3499999996,5545682.9399999995],[7434883.7400000002,5545671.6899999995],[7434884.5499999998,5545669.6400000006],[7434887.25,5545662.8000000007],[7434888.54,5545658.6400000006],[7434890.0700000003,5545653.7100000009],[7434891.0099999998,5545647.5800000001],[7434893.3799999999,5545642.3499999996],[7434897.7400000002,5545637.6099999994],[7434901.6900000004,5545631.7599999998],[7434907.7199999997,5545626.1999999993],[7434908.1900000004,5545625.7699999996],[7434914.6200000001,5545618.2699999996],[7434922.0999999996,5545610.5299999993],[7434926.0099999998,5545602.6999999993],[7434928.6200000001,5545591.2699999996],[7434926.5,5545581.8000000007],[7434926.5800000001,5545576.3900000006],[7434929.0800000001,5545571.5099999998],[7434935.7999999998,5545565.9499999993],[7434942.4199999999,5545555.4199999999],[7434941.8700000001,5545548.8300000001],[7434940.5,5545543.5],[7434937.0300000003,5545537.1199999992],[7434933.9100000001,5545532.5899999999],[7434938.6900000004,5545526.2599999998],[7434936.7000000002,5545514.2799999993],[7434941.6699999999,5545516.1300000008],[7434946.7300000004,5545521.2100000009],[7434947.3600000003,5545518.5299999993],[7434948.1299999999,5545515.3499999996],[7434950.8200000003,5545504.2100000009],[7434982.8399999999,5545494.4900000002],[7434986.4199999999,5545462.0600000005],[7434963.6399999997,5545411.5],[7434963.6100000003,5545411.4399999995],[7434962.96,5545408.7799999993],[7434934.6399999997,5545292.6099999994],[7434927.2300000004,5545219.1999999993],[7434932.4100000001,5545160.0399999991],[7434936.0499999998,5545118.3699999992],[7434947.2599999998,5545093.5700000003],[7434969.7199999997,5545043.8699999992],[7435005.1399999997,5545017.2599999998],[7435050.75,5544982.9900000002],[7435055.4100000001,5544979.4900000002],[7435074.71,5544964.9800000004],[7435100.54,5544945.5800000001],[7435158.0599999996,5544927.4700000007],[7435227.3399999999,5544923.2799999993],[7435239.3700000001,5544922.5500000007],[7435311.3700000001,5544936.8699999992],[7435323.9199999999,5544939.3699999992],[7435386.6500000004,5544956.3800000008],[7435451.4299999997,5544994.4399999995],[7435452.8499999996,5544995.2799999993],[7435456.9299999997,5544997.6799999997],[7435484.2800000003,5545013.7400000002],[7435508.2800000003,5545038.6899999995],[7435508.7699999996,5545039.1899999995],[7435511.4500000002,5545041.9800000004],[7435536.2999999998,5545067.8100000005],[7435611.8499999996,5545183.5399999991],[7435614.8799999999,5545187.7400000002],[7435615.8700000001,5545189.1300000008],[7435616.79,5545190.3900000006],[7435622.3200000003,5545198.0600000005],[7435626.9699999997,5545204.5199999996],[7435716.6900000004,5545328.9800000004],[7435762.7599999998,5545386.2899999991],[7435696.2400000002,5545388.0899999999],[7435671.7999999998,5545390.9499999993],[7435608.2999999998,5545399.7699999996],[7435584.4900000002,5545403.0700000003],[7435495.8700000001,5545433.0999999996],[7435491.6500000004,5545434.5299999993],[7435444.5899999999,5545447.3300000001],[7435397.79,5545458.7899999991],[7435324.6600000001,5545508.8100000005],[7435266.8899999997,5545547.6999999993],[7435218.8499999996,5545597.2400000002],[7435198.9100000001,5545623.7599999998],[7435183.6200000001,5545644.0999999996],[7435170.5700000003,5545670.0899999999],[7435158.96,5545693.1799999997],[7435136.0700000003,5545754.25],[7435130.6299999999,5545783.3499999996],[7435121.6100000003,5545854.0399999991],[7435126.0199999996,5545883.3399999999],[7435128.4800000004,5545918.5600000005],[7435128.8099999996,5545923.2799999993],[7435140.7300000004,5545950.0899999999],[7435143.71,5546004.9499999993],[7435145.8899999997,5546108.8100000005],[7435140.9400000004,5546134.9399999995],[7435134.5,5546169],[7435130.9900000002,5546187.4700000007],[7435114.3799999999,5546246.6400000006],[7435076.5899999999,5546329.6699999999],[7435054.0999999996,5546373.3399999999],[7435029.4400000004,5546414.9199999999],[7435014.6699999999,5546439.8399999999],[7434982.0300000003,5546487.0999999996],[7434952.3700000001,5546523.8800000008],[7434930.5,5546543.6999999993],[7434889.75,5546583.6300000008],[7434847.3200000003,5546619.3900000006],[7434779.8499999996,5546654.9800000004],[7434761,5546664.9199999999],[7434756.2599999998,5546667.0800000001],[7434715.4800000004,5546685.6899999995],[7434662.9100000001,5546706.1199999992],[7434594.7300000004,5546721.5199999996],[7434513.1200000001,5546713.0099999998],[7434426.5800000001,5546697.5800000001],[7434355.0499999998,5546689.5700000003],[7434328.5999999996,5546686.5999999996],[7434209.7999999998,5546651.2100000009],[7434126.1600000001,5546630.8000000007],[7434116.5199999996,5546628.0600000005],[7434020.25,5546600.6799999997],[7433958.96,5546585.7100000009],[7433939.4400000004,5546580.9399999995],[7433877.2000000002,5546570.8599999994],[7433792.9900000002,5546553.5800000001],[7433765.5899999999,5546546.8699999992],[7433734.9500000002,5546541.6500000004],[7433717.3399999999,5546538.6500000004],[7433665.9400000004,5546529.1099999994],[7433607.8799999999,5546522.0500000007],[7433561.9000000004,5546505.8900000006],[7433559.7300000004,5546505.1400000006],[7433500.75,5546496.1899999995],[7433435.1299999999,5546478.2599999998],[7433390.96,5546469.2100000009],[7433325.2000000002,5546457.1400000006],[7433261.8600000003,5546451.3699999992],[7433192.29,5546447.6400000006],[7433164.0300000003,5546445.9900000002],[7433123.1500000004,5546443.6300000008],[7433079.4500000002,5546449.0199999996],[7433016.2599999998,5546452.4100000001],[7432919.8799999999,5546450.1999999993],[7432820.6699999999,5546451.0199999996],[7432763.46,5546452.7100000009],[7432751.3300000001,5546453.0600000005],[7432678.54,5546456.6099999994],[7432601.0199999996,5546469.0800000001],[7432526.29,5546488.2100000009],[7432487.1900000004,5546498.6400000006],[7432485.1500000004,5546492.0999999996],[7432376.8799999999,5546534.9399999995],[7432337.4299999997,5546555.8599999994],[7432333.8700000001,5546557.7400000002],[7432260.46,5546578.5],[7432130.6500000004,5546621.0800000001],[7432116.0099999998,5546624.2899999991],[7432065.3200000003,5546635.3800000008],[7432009.1500000004,5546643.6099999994],[7431955.1799999997,5546641.8699999992],[7431925.6600000001,5546640.9199999999],[7431849.4500000002,5546628.25],[7431782.5099999998,5546605.3900000006],[7431670.6200000001,5546559.1600000001],[7431579.8600000003,5546497.2200000007],[7431561.4800000004,5546479.1999999993],[7431520.4900000002,5546439.0399999991],[7431455.5099999998,5546382.6199999992],[7431363.8799999999,5546310.1899999995],[7431294.7800000003,5546263.3499999996],[7431275.3499999996,5546250.1799999997],[7431199.6600000001,5546218.8599999994],[7431172.1200000001,5546209.6099999994],[7431138.0499999998,5546198.1600000001],[7431100.6799999997,5546189.3200000003],[7431034.8200000003,5546184.8499999996],[7430942.1600000001,5546187.0399999991],[7430870.4500000002,5546208.0999999996],[7430770.7599999998,5546235.5899999999],[7430750.2300000004,5546241.25],[7430692.9800000004,5546257.0399999991],[7430628.3099999996,5546290.8399999999],[7430627.79,5546291.3200000003],[7430552.2400000002,5546335.6300000008],[7430460.1299999999,5546412.2200000007],[7430393.0199999996,5546476.9399999995],[7430359.3399999999,5546509.4299999997],[7430345.5300000003,5546522.75],[7430241.1900000004,5546589.8699999992],[7430182.3099999996,5546611.9199999999],[7430136.3799999999,5546625.6899999995],[7430022.1100000003,5546625.8599999994],[7429955.4400000004,5546598.1199999992],[7429920.8200000003,5546583.7200000007],[7429824.2800000003,5546508.4100000001],[7429783.1900000004,5546452.1899999995],[7429752.1399999997,5546409.7200000007],[7429678.2599999998,5546289.8800000008],[7429652.8300000001,5546204.7200000007],[7429649.6600000001,5546196.5899999999],[7429632.7599999998,5546153.3399999999],[7429595.9100000001,5546064.0099999998],[7429579.3399999999,5546032.3399999999],[7429578.1799999997,5546030.2699999996],[7429558.6600000001,5545995.4199999999],[7429542.3099999996,5545977.0700000003],[7429513.3300000001,5545949.4000000004],[7429501.3600000003,5545940.3800000008],[7429463.0099999998,5545911.4800000004],[7429428.5300000003,5545898.75],[7429386.6799999997,5545885.6799999997],[7429314.9000000004,5545879.9299999997],[7429282.7400000002,5545882.2699999996],[7429231.4800000004,5545887.6099999994],[7429183.3099999996,5545896.4000000004],[7429178.1500000004,5545897.2699999996],[7429133.2199999997,5545915.0299999993],[7429110.6200000001,5545924.5199999996],[7429069.9900000002,5545941.5800000001],[7428995.1799999997,5545979.8800000008],[7428886.5099999998,5546043.7200000007],[7428800.3300000001,5546103.1699999999],[7428775.6399999997,5546119.8800000008],[7428773.8799999999,5546121.3000000007],[7428727,5546159.1400000006],[7428707.8700000001,5546174.5800000001],[7428611.5499999998,5546254.5299999993],[7428511.6799999997,5546350.5500000007],[7428467.6100000003,5546398.8000000007],[7428462.1399999997,5546404.7899999991],[7428428.0499999998,5546447.2400000002],[7428375.6100000003,5546514.9600000009],[7428357.4000000004,5546544.4399999995],[7428356.3200000003,5546546.3800000008],[7428333.4900000002,5546587.3100000005],[7428310.3799999999,5546642.6099999994],[7428295.3700000001,5546692.0399999991],[7428267.0599999996,5546772.9600000009],[7428245.3200000003,5546840.1300000008],[7428231.3899999997,5546889.5999999996],[7428219.9500000002,5546930.1600000001],[7428181.0700000003,5547019.1600000001],[7428178.6799999997,5547032.3399999999],[7428178.0300000003,5547035.9000000004],[7428170.8399999999,5547079.9900000002],[7428144.2400000002,5547136.25],[7428129.1600000001,5547160.1600000001],[7428080.75,5547235.8499999996],[7428044.3099999996,5547275.6099999994],[7428012.04,5547308.9199999999],[7427964.0800000001,5547356.2100000009],[7427937.75,5547378.0600000005],[7427921.7199999997,5547391.3399999999],[7427921.4100000001,5547391.6099999994],[7427861.8300000001,5547443.3300000001],[7427782.5099999998,5547499.9600000009],[7427704.5700000003,5547534.0500000007],[7427639.46,5547550.3599999994],[7427594.6200000001,5547560.4900000002],[7427571.2000000002,5547564.0899999999],[7427514.1500000004,5547570.4299999997],[7427457.9500000002,5547569.3499999996],[7427428.1200000001,5547567.2400000002],[7427381.0999999996,5547554.5199999996],[7427344.6399999997,5547544.8399999999],[7427309.6900000004,5547523.6999999993],[7427268.8300000001,5547487.5199999996],[7427181.2400000002,5547392.4000000004],[7427158.7199999997,5547356.4100000001],[7427150.3799999999,5547346.1099999994],[7427131.1100000003,5547322.3100000005],[7427124.54,5547306.8599999994],[7427115.6100000003,5547285.8499999996],[7427090.7199999997,5547237.6099999994],[7427039.1200000001,5547131.7100000009],[7427006.4199999999,5547090.0800000001],[7426974.8499999996,5547049.8599999994],[7426883.6699999999,5546955.2100000009],[7426817.8700000001,5546918.1300000008],[7426744.1500000004,5546874.7400000002],[7426741.7999999998,5546874.1099999994],[7426684.7699999996,5546858.8599999994],[7426651.1799999997,5546842.6799999997],[7426611.4699999997,5546823.8599999994],[7426586.9900000002,5546812.25],[7426506.1500000004,5546774.75],[7426407.3200000003,5546744.0199999996],[7426346.9400000004,5546739.9900000002],[7426284.2599999998,5546735.8200000003],[7426203.2599999998,5546750.25],[7426106.9100000001,5546780.5899999999],[7426040.71,5546796.5899999999],[7426017.4000000004,5546799.75],[7425943.7999999998,5546809.7200000007],[7425931.5700000003,5546811.3800000008],[7425828.1200000001,5546814.3300000001],[7425724.0499999998,5546809.3599999994],[7425623.6900000004,5546789.1099999994],[7425602.7300000004,5546782.9199999999],[7425545.2699999996,5546765.9299999997],[7425530.29,5546761.5],[7425432.3499999996,5546712.5899999999],[7425356.2199999997,5546671.3900000006],[7425261.8300000001,5546617.3499999996],[7425154.5300000003,5546530.0800000001],[7425138.1299999999,5546516.7300000004],[7425137.0199999996,5546515.8300000001],[7425088,5546476.0099999998],[7425045.6299999999,5546441],[7425007.54,5546410.5999999996],[7424931.4100000001,5546350.3100000005],[7424899.2199999997,5546324.6400000006],[7424863.8600000003,5546294.6999999993],[7424815.4199999999,5546255.2899999991],[7424766.9299999997,5546216.9900000002],[7424718.3499999996,5546181.1400000006],[7424669.6399999997,5546148.3100000005],[7424620.8200000003,5546118.3900000006],[7424572.0199999996,5546087.8399999999],[7424523.1500000004,5546059.0800000001],[7424454.8499999996,5546015.7799999993],[7424451.5999999996,5546014.0500000007],[7424428.6600000001,5546001.7899999991],[7424425.4699999997,5546000.0800000001],[7424376.4800000004,5545974.1699999999],[7424327.1299999999,5545957.25],[7424277.4699999997,5545947.9299999997],[7424227.6299999999,5545943.0099999998],[7424151.3200000003,5545861.2699999996],[7423967.1900000004,5545710.2200000007],[7423846.5700000003,5545595.9900000002],[7423787.5700000003,5545554.6600000001],[7423759.0099999998,5545527.2300000004],[7423746.2300000004,5545443.0600000005],[7423729.7000000002,5545387.4499999993],[7423701.1399999997,5545341.2300000004],[7423493.7199999997,5545161.6199999992],[7423308.0800000001,5545010.9399999995],[7423276.1399999997,5544988.7699999996],[7423247.5800000001,5544957.5800000001],[7423217.5199999996,5544894.0800000001],[7423217.1500000004,5544874.5399999991],[7423247.5800000001,5544830.1999999993],[7423254.3499999996,5544809.5299999993],[7423248.3300000001,5544771.9499999993],[7423221.2699999996,5544736.2599999998],[7423174.6799999997,5544717.4700000007],[7423152.1299999999,5544697.1799999997],[7423146.8700000001,5544680.2699999996]]]},"properties":{"objectid":2267742732304,"id_dzielni":13,"nr_dzielni":"XIII","nazwa":"Podgórze","nazwa_peln":"Dzielnica XIII Podgórze","opis":"UCHWAŁA NR XCIX/1507/14 RADY MIASTA KRAKOWA","powierzchn":25667082,"data_aktua":1396303200000}},{"type":"Feature","id":2267742732305,"geometry":{"type":"Polygon","coordinates":[[[7426972.5300000003,5550489.2599999998],[7426978.6500000004,5550489.8000000007],[7426995.2999999998,5550491.8200000003],[7427017.8499999996,5550494.5600000005],[7427017.8200000003,5550495.2899999991],[7427110.21,5550505.5399999991],[7427111.0700000003,5550498.4199999999],[7427148.1900000004,5550504.8499999996],[7427183.3499999996,5550510.9600000009],[7427178.7300000004,5550470.9000000004],[7427177.5300000003,5550460.5],[7427174.8300000001,5550437.0600000005],[7427174.6500000004,5550435.5999999996],[7427174.0700000003,5550430.6600000001],[7427289.2800000003,5550428.6199999992],[7427293.4500000002,5550426.3000000007],[7427330.1100000003,5550405.8800000008],[7427341.1100000003,5550388.8599999994],[7427361.71,5550356.9800000004],[7427371.4500000002,5550341.8800000008],[7427390.2400000002,5550325.8599999994],[7427397.6299999999,5550319.5500000007],[7427404.0999999996,5550314.0399999991],[7427464.3899999997,5550290.1999999993],[7427483.75,5550265.2100000009],[7427489.04,5550221.9900000002],[7427446.21,5550224.0500000007],[7427449.8300000001,5550213.5700000003],[7427459.7800000003,5550184.75],[7427467.2199999997,5550163.1400000006],[7427471.9900000002,5550171.9900000002],[7427516.8799999999,5550187.7200000007],[7427522.4400000004,5550187.4800000004],[7427531.3200000003,5550187.3000000007],[7427539.0800000001,5550186.6699999999],[7427541.9800000004,5550184.7300000004],[7427549.3600000003,5550177.4700000007],[7427570.5800000001,5550115.2599999998],[7427570.9299999997,5550114.2300000004],[7427590.46,5550101.3300000001],[7427593.71,5550097],[7427603.2400000002,5550067.7200000007],[7427620.0099999998,5550016.9199999999],[7427629.0800000001,5549990.4100000001],[7427640.3700000001,5549957.4399999995],[7427656.0800000001,5549909.7599999998],[7427669.75,5549869.0899999999],[7427671.1600000001,5549864.8800000008],[7427638.0999999996,5549854.0500000007],[7427639.2800000003,5549846.6999999993],[7427578.21,5549827.4800000004],[7427554.4500000002,5549822.5700000003],[7427545.0700000003,5549820.6400000006],[7427542.0099999998,5549815.9000000004],[7427540.3200000003,5549813.2300000004],[7427530.6900000004,5549798.0099999998],[7427526.1799999997,5549789.8699999992],[7427523.0700000003,5549782.7100000009],[7427515.6699999999,5549772.3300000001],[7427518.3799999999,5549763.7699999996],[7427522.0700000003,5549752.1899999995],[7427526.2000000002,5549739.2899999991],[7427530.1500000004,5549726.9399999995],[7427559.3099999996,5549640.0800000001],[7427568.1399999997,5549614.7799999993],[7427583.79,5549569.8699999992],[7427585.6399999997,5549564.5800000001],[7427607.3700000001,5549501.8599999994],[7427611.2400000002,5549491.5299999993],[7427615.6200000001,5549483.3399999999],[7427620.1900000004,5549475.6600000001],[7427625.0599999996,5549468.2400000002],[7427631.8600000003,5549459.8800000008],[7427638.8200000003,5549453.2200000007],[7427647.0300000003,5549444.9000000004],[7427654.0199999996,5549439.5999999996],[7427658.71,5549434.3800000008],[7427660.4800000004,5549430.8499999996],[7427661.6399999997,5549427.0399999991],[7427662.0199999996,5549422.7799999993],[7427661.5599999996,5549418.9399999995],[7427660.1900000004,5549415.5999999996],[7427640.6299999999,5549370.9100000001],[7427632.6900000004,5549367.2100000009],[7427608.25,5549355.8000000007],[7427573.6100000003,5549318.7699999996],[7427572.6200000001,5549303.2400000002],[7427576.9299999997,5549258.4199999999],[7427579.5599999996,5549232.8399999999],[7427582.1200000001,5549207.6699999999],[7427586.3899999997,5549165.9499999993],[7427587.8600000003,5549151.8599999994],[7427587.9000000004,5549151.3300000001],[7427591.5999999996,5549115.6899999995],[7427591.6399999997,5549115.3499999996],[7427592.8600000003,5549102.2100000009],[7427594.1699999999,5549088.0899999999],[7427596.8600000003,5549059.4000000004],[7427518.75,5549053.9600000009],[7427517.6299999999,5549050.6799999997],[7427516.7199999997,5549047.25],[7427513.7800000003,5549038.6400000006],[7427513.3700000001,5549037.3200000003],[7427508.6299999999,5549023.5299999993],[7427507.3499999996,5549019.5199999996],[7427506.0899999999,5549015.6999999993],[7427494.9800000004,5548979.8599999994],[7427473.9699999997,5548980.3699999992],[7427456.5099999998,5548990.8800000008],[7427453.8200000003,5548992.4900000002],[7427434.96,5548994.9199999999],[7427421.4299999997,5548988.6999999993],[7427414.4400000004,5548979.8000000007],[7427407.0199999996,5548985.8200000003],[7427392.9500000002,5548964.8599999994],[7427376.6500000004,5548940.6199999992],[7427376.1299999999,5548939.8599999994],[7427395.9500000002,5548924.8699999992],[7427398.5300000003,5548917.6699999999],[7427402.8300000001,5548905.7200000007],[7427375.54,5548870.9800000004],[7427362.9299999997,5548874.1400000006],[7427347.4299999997,5548855.25],[7427341.9299999997,5548848.5500000007],[7427338.2400000002,5548843.0099999998],[7427322.9000000004,5548819.3200000003],[7427315.6799999997,5548809.1899999995],[7427313.46,5548806.2599999998],[7427312.0800000001,5548804.4499999993],[7427293.9800000004,5548778.0600000005],[7427289.5599999996,5548772.0500000007],[7427282.1900000004,5548762.0099999998],[7427289.1500000004,5548756.2699999996],[7427293.9199999999,5548752.3399999999],[7427300.5099999998,5548746.9000000004],[7427310.7300000004,5548739.5099999998],[7427328.8600000003,5548724.7699999996],[7427335.4100000001,5548719.4000000004],[7427342.7400000002,5548713.3699999992],[7427344.5199999996,5548711.9100000001],[7427357.4000000004,5548701.3100000005],[7427373.9000000004,5548687.7300000004],[7427389.4699999997,5548674.8900000006],[7427400.3700000001,5548665.9000000004],[7427401.0800000001,5548665.3200000003],[7427416.0899999999,5548652.8800000008],[7427432.4800000004,5548639.1899999995],[7427446.7999999998,5548627.4600000009],[7427460.5300000003,5548616.6899999995],[7427475.9400000004,5548604.0199999996],[7427488.5999999996,5548591.3499999996],[7427502.7999999998,5548574.9299999997],[7427522.3300000001,5548551.8200000003],[7427548.0199999996,5548514.8300000001],[7427557.4699999997,5548495.7599999998],[7427566.0300000003,5548472.7899999991],[7427570.9000000004,5548455.6400000006],[7427571.8700000001,5548442.6999999993],[7427568.7999999998,5548419.6600000001],[7427560.0099999998,5548419.4499999993],[7427561.29,5548387.8599999994],[7427573.9000000004,5548388.8000000007],[7427583.2300000004,5548375.0999999996],[7427585.1600000001,5548342.6899999995],[7427588.5700000003,5548292.4399999995],[7427588.7599999998,5548289.4399999995],[7427591.8499999996,5548243.9399999995],[7427594.1100000003,5548212.8399999999],[7427600.4800000004,5548119.6600000001],[7427597.25,5548099],[7427596.3899999997,5548093.4399999995],[7427591.9299999997,5548087.6600000001],[7427593.3700000001,5548080.6199999992],[7427585.0300000003,5548078.5999999996],[7427561.1299999999,5548072.8100000005],[7427550.7300000004,5548070.2899999991],[7427544.7999999998,5548068.8399999999],[7427520.3600000003,5548062.9100000001],[7427512.4199999999,5548063.1600000001],[7427494.3700000001,5548057.8599999994],[7427493.4100000001,5548057.5800000001],[7427427.0099999998,5548038.0700000003],[7427368.9400000004,5548022.5099999998],[7427318.7199999997,5548005.3699999992],[7427298.0499999998,5547998.3100000005],[7427233.6299999999,5547952.7699999996],[7427221.8499999996,5547944.4299999997],[7427216.75,5547940.1699999999],[7427211.2400000002,5547935.5600000005],[7427210.6299999999,5547935.0600000005],[7427199.6600000001,5547925.8900000006],[7427198.2300000004,5547924.6899999995],[7427194.9299999997,5547921.9499999993],[7427170.75,5547903.7400000002],[7427155.0300000003,5547891.9000000004],[7427154.7699999996,5547891.5800000001],[7427125.0999999996,5547862.3900000006],[7427144.7300000004,5547846.2599999998],[7427160.8399999999,5547833.0299999993],[7427169.1900000004,5547826.1699999999],[7427188.6399999997,5547816.9199999999],[7427208.7300000004,5547807.8699999992],[7427226.96,5547800.4600000009],[7427252.5300000003,5547793.5899999999],[7427271.7300000004,5547787.0299999993],[7427293.9299999997,5547775.0399999991],[7427309.7400000002,5547763.3900000006],[7427315.5999999996,5547759.0700000003],[7427322.8200000003,5547752.3100000005],[7427326.7400000002,5547747.6899999995],[7427334.7199999997,5547737.9499999993],[7427337.0199999996,5547735.1500000004],[7427345.8600000003,5547724.3000000007],[7427351,5547716.7599999998],[7427354,5547714.5700000003],[7427358.9000000004,5547710.9900000002],[7427361.8799999999,5547709.3800000008],[7427367.79,5547699.3300000001],[7427366.5899999999,5547694.4100000001],[7427374.0099999998,5547682.0700000003],[7427381.5,5547673.1899999995],[7427384.2599999998,5547669.9399999995],[7427397.7300000004,5547659.5800000001],[7427407.7199999997,5547650.4700000007],[7427411.5599999996,5547646.9600000009],[7427417.3200000003,5547641.6999999993],[7427427.6500000004,5547632.0600000005],[7427432.2400000002,5547628.2899999991],[7427438.1500000004,5547614.7599999998],[7427440.1399999997,5547610.1899999995],[7427441.0599999996,5547608.0999999996],[7427457.9500000002,5547569.3499999996],[7427514.1500000004,5547570.4299999997],[7427571.2000000002,5547564.0899999999],[7427594.6200000001,5547560.4900000002],[7427639.46,5547550.3599999994],[7427704.5700000003,5547534.0500000007],[7427782.5099999998,5547499.9600000009],[7427861.8300000001,5547443.3300000001],[7427921.4100000001,5547391.6099999994],[7427921.7199999997,5547391.3399999999],[7427937.75,5547378.0600000005],[7427964.0800000001,5547356.2100000009],[7428012.04,5547308.9199999999],[7428044.3099999996,5547275.6099999994],[7428080.75,5547235.8499999996],[7428129.1600000001,5547160.1600000001],[7428144.2400000002,5547136.25],[7428170.8399999999,5547079.9900000002],[7428178.0300000003,5547035.9000000004],[7428178.6799999997,5547032.3399999999],[7428181.0700000003,5547019.1600000001],[7428219.9500000002,5546930.1600000001],[7428231.3899999997,5546889.5999999996],[7428245.3200000003,5546840.1300000008],[7428267.0599999996,5546772.9600000009],[7428295.3700000001,5546692.0399999991],[7428310.3799999999,5546642.6099999994],[7428333.4900000002,5546587.3100000005],[7428356.3200000003,5546546.3800000008],[7428357.4000000004,5546544.4399999995],[7428375.6100000003,5546514.9600000009],[7428428.0499999998,5546447.2400000002],[7428462.1399999997,5546404.7899999991],[7428467.6100000003,5546398.8000000007],[7428511.6799999997,5546350.5500000007],[7428611.5499999998,5546254.5299999993],[7428707.8700000001,5546174.5800000001],[7428727,5546159.1400000006],[7428773.8799999999,5546121.3000000007],[7428775.6399999997,5546119.8800000008],[7428800.3300000001,5546103.1699999999],[7428886.5099999998,5546043.7200000007],[7428995.1799999997,5545979.8800000008],[7429069.9900000002,5545941.5800000001],[7429110.6200000001,5545924.5199999996],[7429133.2199999997,5545915.0299999993],[7429178.1500000004,5545897.2699999996],[7429183.3099999996,5545896.4000000004],[7429231.4800000004,5545887.6099999994],[7429282.7400000002,5545882.2699999996],[7429314.9000000004,5545879.9299999997],[7429386.6799999997,5545885.6799999997],[7429428.5300000003,5545898.75],[7429463.0099999998,5545911.4800000004],[7429501.3600000003,5545940.3800000008],[7429513.3300000001,5545949.4000000004],[7429542.3099999996,5545977.0700000003],[7429558.6600000001,5545995.4199999999],[7429578.1799999997,5546030.2699999996],[7429579.3399999999,5546032.3399999999],[7429595.9100000001,5546064.0099999998],[7429632.7599999998,5546153.3399999999],[7429649.6600000001,5546196.5899999999],[7429652.8300000001,5546204.7200000007],[7429678.2599999998,5546289.8800000008],[7429752.1399999997,5546409.7200000007],[7429783.1900000004,5546452.1899999995],[7429824.2800000003,5546508.4100000001],[7429920.8200000003,5546583.7200000007],[7429955.4400000004,5546598.1199999992],[7430022.1100000003,5546625.8599999994],[7430136.3799999999,5546625.6899999995],[7430182.3099999996,5546611.9199999999],[7430241.1900000004,5546589.8699999992],[7430345.5300000003,5546522.75],[7430359.3399999999,5546509.4299999997],[7430393.0199999996,5546476.9399999995],[7430460.1299999999,5546412.2200000007],[7430552.2400000002,5546335.6300000008],[7430627.79,5546291.3200000003],[7430628.3099999996,5546290.8399999999],[7430692.9800000004,5546257.0399999991],[7430750.2300000004,5546241.25],[7430770.7599999998,5546235.5899999999],[7430870.4500000002,5546208.0999999996],[7430942.1600000001,5546187.0399999991],[7431034.8200000003,5546184.8499999996],[7431100.6799999997,5546189.3200000003],[7431138.0499999998,5546198.1600000001],[7431172.1200000001,5546209.6099999994],[7431199.6600000001,5546218.8599999994],[7431275.3499999996,5546250.1799999997],[7431294.7800000003,5546263.3499999996],[7431363.8799999999,5546310.1899999995],[7431455.5099999998,5546382.6199999992],[7431520.4900000002,5546439.0399999991],[7431561.4800000004,5546479.1999999993],[7431579.8600000003,5546497.2200000007],[7431670.6200000001,5546559.1600000001],[7431782.5099999998,5546605.3900000006],[7431849.4500000002,5546628.25],[7431835.4100000001,5546683.8499999996],[7431834.4000000004,5546691.3699999992],[7431833.3300000001,5546697.9600000009],[7431829.9699999997,5546703.5700000003],[7431828.0499999998,5546707.0800000001],[7431824.8099999996,5546712.5700000003],[7431821.0300000003,5546715.5999999996],[7431814.3799999999,5546719.0500000007],[7431809.2300000004,5546720.1500000004],[7431796.8300000001,5546722.3399999999],[7431793.9699999997,5546723.2699999996],[7431792.0499999998,5546724.9800000004],[7431788.8799999999,5546729.6099999994],[7431787.6600000001,5546730.8499999996],[7431785.9699999997,5546731.7599999998],[7431785.8200000003,5546733.7599999998],[7431785.2199999997,5546741.8699999992],[7431785.0999999996,5546754.1199999992],[7431784.7999999998,5546764.1600000001],[7431785.7999999998,5546772.3900000006],[7431791.3600000003,5546784.5],[7431792.75,5546791.6099999994],[7431794.5,5546802.25],[7431788.5999999996,5546800.4700000007],[7431778.5899999999,5546803.3900000006],[7431738.1699999999,5546806.4299999997],[7431735.1299999999,5546808.6300000008],[7431692.0800000001,5546815.9100000001],[7431672.7999999998,5546811.75],[7431663.0700000003,5546815.3699999992],[7431658.9299999997,5546817.5399999991],[7431656.4199999999,5546818.5999999996],[7431628.9299999997,5546819.75],[7431613.0999999996,5546820.8699999992],[7431595.4699999997,5546822.2899999991],[7431576.5,5546823.9800000004],[7431574.8499999996,5546824.1300000008],[7431558.5899999999,5546825.6300000008],[7431552.6500000004,5546826.2200000007],[7431535.7300000004,5546827.8499999996],[7431518.6799999997,5546829.4900000002],[7431517.5,5546829.5999999996],[7431478.9900000002,5546833.3100000005],[7431474.8099999996,5546837.0999999996],[7431460.6900000004,5546839.5899999999],[7431440.4000000004,5546845.8699999992],[7431423.1500000004,5546852.8800000008],[7431403.9100000001,5546862.1799999997],[7431382.7999999998,5546874.3699999992],[7431362.9299999997,5546886.9299999997],[7431348.5700000003,5546895.9499999993],[7431310.6100000003,5546919.9399999995],[7431309.3600000003,5546921.0199999996],[7431306.6399999997,5546923.3800000008],[7431305.5,5546924.3699999992],[7431295.0999999996,5546928.7599999998],[7431294.0300000003,5546929.0500000007],[7431283.0999999996,5546932.0999999996],[7431272.3300000001,5546939.5199999996],[7431244.3600000003,5546958.6999999993],[7431240.6100000003,5546961.3300000001],[7431184.0899999999,5546998.3699999992],[7431125.6299999999,5547033.7200000007],[7431121.6900000004,5547036.0999999996],[7431119.9800000004,5547036.1799999997],[7431117.6399999997,5547035.6500000004],[7431115.2199999997,5547035.4600000009],[7431112.1299999999,5547043.0700000003],[7431088.6799999997,5547058.1400000006],[7431046.7000000002,5547084.4100000001],[7430996.5199999996,5547115.9600000009],[7430986.1299999999,5547122.1699999999],[7430983.0300000003,5547119.4800000004],[7430981.3499999996,5547120.8300000001],[7430984.04,5547124.8200000003],[7430989.4400000004,5547131.5999999996],[7430994.1900000004,5547137.8499999996],[7430999.1100000003,5547144.3300000001],[7431000.25,5547145.8699999992],[7431009.8300000001,5547158.7699999996],[7431017.7300000004,5547169.0099999998],[7431026.8700000001,5547181.0500000007],[7431032.5800000001,5547189.0700000003],[7431042.6600000001,5547204.9199999999],[7431043.1699999999,5547205.7100000009],[7431047.75,5547214.2300000004],[7431050.7599999998,5547221.3200000003],[7431053.21,5547228.3900000006],[7431054.2000000002,5547231.4000000004],[7431055.3700000001,5547234.9499999993],[7431057.2599999998,5547241.9600000009],[7431058.7999999998,5547247.9900000002],[7431059.7599999998,5547254.5700000003],[7431061.0099999998,5547263.0899999999],[7431062.25,5547276.6999999993],[7431063.1100000003,5547280.8300000001],[7431066.2300000004,5547287.9399999995],[7431068.7199999997,5547283.7599999998],[7431072.0300000003,5547280.6300000008],[7431074.79,5547278.6199999992],[7431076.5199999996,5547278.5800000001],[7431078.1200000001,5547279.9600000009],[7431081.3300000001,5547280.4299999997],[7431084.7000000002,5547282.7300000004],[7431133.1399999997,5547321.5999999996],[7431138.2000000002,5547325.6699999999],[7431172.3899999997,5547353.1500000004],[7431175.7000000002,5547355.8000000007],[7431197.7199999997,5547373.4199999999],[7431202.3899999997,5547377.8499999996],[7431204.9699999997,5547380.2799999993],[7431208.5,5547382.9600000009],[7431213.4500000002,5547385.7200000007],[7431202.6799999997,5547391.6400000006],[7431200.2800000003,5547392.9299999997],[7431195.7999999998,5547395.3300000001],[7431188.6900000004,5547400.0099999998],[7431171.2800000003,5547409.4800000004],[7431168.6799999997,5547410.7899999991],[7431163.0199999996,5547410.8699999992],[7431156.54,5547411.9900000002],[7431153.3600000003,5547413.2200000007],[7431151.7000000002,5547414.3599999994],[7431148.5,5547418.2699999996],[7431154.5999999996,5547421.5],[7431164.3499999996,5547426.6799999997],[7431175.2000000002,5547433.5099999998],[7431185.5499999998,5547441.4800000004],[7431197.25,5547450.1500000004],[7431208.3700000001,5547457.7799999993],[7431220.21,5547465.5899999999],[7431233.0499999998,5547473.1099999994],[7431245.9100000001,5547481.6799999997],[7431246.9000000004,5547482.2400000002],[7431261.4100000001,5547490.4700000007],[7431271.4800000004,5547496.5099999998],[7431272.5800000001,5547497.1600000001],[7431280.0099999998,5547503.2300000004],[7431287.2699999996,5547510.5],[7431288.1299999999,5547511.4199999999],[7431297.4699999997,5547521.2899999991],[7431301.29,5547524.5999999996],[7431303.79,5547526.7699999996],[7431308.25,5547529.2699999996],[7431316.7800000003,5547532.9499999993],[7431327.5099999998,5547535.8800000008],[7431335.0199999996,5547536.8900000006],[7431343.2800000003,5547537.2100000009],[7431351.2000000002,5547536.4299999997],[7431352.0300000003,5547536.3499999996],[7431355.8600000003,5547535.9499999993],[7431364.9400000004,5547535.0199999996],[7431380.5099999998,5547531.4800000004],[7431377.2000000002,5547536.0999999996],[7431376.1799999997,5547539.4700000007],[7431376.1900000004,5547543.9100000001],[7431386.8399999999,5547573.1799999997],[7431390.1299999999,5547584.8800000008],[7431394.7000000002,5547604.4199999999],[7431403.0199999996,5547632.8599999994],[7431409.3600000003,5547652.4900000002],[7431413.9100000001,5547668.0700000003],[7431416.7000000002,5547680.5600000005],[7431418.3099999996,5547691.1500000004],[7431418.1900000004,5547694.3399999999],[7431401.7699999996,5547699.7599999998],[7431392.9000000004,5547702.6799999997],[7431386.6399999997,5547703.7200000007],[7431370.5899999999,5547706.3800000008],[7431375.3899999997,5547750.1999999993],[7431377.4100000001,5547767.8399999999],[7431380.46,5547794.4900000002],[7431380.5,5547795.1699999999],[7431357.46,5547797.5099999998],[7431333.9900000002,5547799.8900000006],[7431309.9299999997,5547802.3399999999],[7431290.3899999997,5547804.3300000001],[7431291.96,5547810.1999999993],[7431311.4800000004,5547883.0299999993],[7431312.2400000002,5547887.6400000006],[7431304.3799999999,5547887.0700000003],[7431295.9100000001,5547887.5199999996],[7431288.1100000003,5547889.2200000007],[7431283.5800000001,5547890.4399999995],[7431277.9800000004,5547892.5299999993],[7431255.9000000004,5547902.0299999993],[7431240.8799999999,5547907.9499999993],[7431226.0800000001,5547914.4299999997],[7431211.4699999997,5547920.3599999994],[7431189.5700000003,5547929.1999999993],[7431172.3700000001,5547936.5600000005],[7431138.9299999997,5547950.6300000008],[7431114.54,5547963.9600000009],[7431105.0599999996,5547969.0999999996],[7431080.6799999997,5547982.1699999999],[7431065.4500000002,5547989.5199999996],[7431059.6200000001,5547991.9199999999],[7431055.6500000004,5547993.3100000005],[7431043.4800000004,5547996.0299999993],[7430967.0300000003,5548012.9399999995],[7430944.8399999999,5548019.0899999999],[7430935.3899999997,5548024.6999999993],[7430932.5099999998,5548024.0700000003],[7430933.3399999999,5548020.2799999993],[7430948.9299999997,5547980.8800000008],[7430930.5499999998,5547982.3699999992],[7430922,5547983.5299999993],[7430913.6299999999,5547986.0500000007],[7430833.2599999998,5548014.2599999998],[7430820.6699999999,5548016.6999999993],[7430808.1799999997,5548019.6400000006],[7430801.8600000003,5548017.3800000008],[7430787.1799999997,5548018.7599999998],[7430775.25,5548025.4600000009],[7430747.2800000003,5548048.0999999996],[7430739.9299999997,5548052.9000000004],[7430734.6799999997,5548055.1600000001],[7430726.1900000004,5548057.4600000009],[7430686.0599999996,5548063.1400000006],[7430672.1900000004,5548066.5899999999],[7430658.0099999998,5548073.1699999999],[7430645.6200000001,5548082.3300000001],[7430636.0999999996,5548093.0500000007],[7430610.8200000003,5548126.75],[7430602.1799999997,5548137.5800000001],[7430590.0199999996,5548148.8000000007],[7430579.2599999998,5548155.2699999996],[7430568.4900000002,5548160.0700000003],[7430550.5700000003,5548166.4199999999],[7430547.0899999999,5548172.4100000001],[7430537.0700000003,5548187.7699999996],[7430525.9699999997,5548204.0399999991],[7430521.5899999999,5548208.6500000004],[7430513.9500000002,5548214.0500000007],[7430508.1100000003,5548217.1099999994],[7430500.71,5548218.9199999999],[7430486.0899999999,5548220.0899999999],[7430488.2199999997,5548243.5399999991],[7430498.21,5548274.6699999999],[7430500.4400000004,5548299.8300000001],[7430501.6200000001,5548345.9600000009],[7430498.2000000002,5548354.1400000006],[7430490.2300000004,5548393.6400000006],[7430485.0700000003,5548412.2400000002],[7430485.1100000003,5548426.2599999998],[7430493.2000000002,5548446.3000000007],[7430509.1399999997,5548455.4499999993],[7430520.6600000001,5548471.1300000008],[7430531.8200000003,5548488.4000000004],[7430543.5300000003,5548498.1799999997],[7430551.54,5548508.1099999994],[7430573.7400000002,5548540.5399999991],[7430577.6100000003,5548556.0999999996],[7430586.96,5548566.1400000006],[7430590.2300000004,5548578.1799999997],[7430598.2699999996,5548589.4700000007],[7430615.6900000004,5548611.6899999995],[7430625.2599999998,5548627.2400000002],[7430569.2699999996,5548652.7200000007],[7430560.0099999998,5548656.5299999993],[7430529.3600000003,5548669.0500000007],[7430529.5199999996,5548673.0700000003],[7430509.8499999996,5548712.4800000004],[7430471.6799999997,5548769.4199999999],[7430476.1699999999,5548777.3200000003],[7430481.04,5548785.8900000006],[7430485.4800000004,5548794.8800000008],[7430489.0800000001,5548804.3599999994],[7430491.46,5548810.3599999994],[7430493.9199999999,5548817.4800000004],[7430496.6699999999,5548828],[7430498.9500000002,5548835.2799999993],[7430501.21,5548851.8499999996],[7430502.8499999996,5548862.7899999991],[7430505.7699999996,5548862.4100000001],[7430509.46,5548883.1899999995],[7430497.7400000002,5548888.8900000006],[7430491.1200000001,5548889.5700000003],[7430449.9699999997,5548896.3399999999],[7430429.8700000001,5548899.9499999993],[7430370.0099999998,5548909.9499999993],[7430311.6200000001,5548919.6799999997],[7430311.2599999998,5548917.6099999994],[7430275.3499999996,5548924.3100000005],[7430261.2599999998,5548926.4000000004],[7430239.2400000002,5548929.6600000001],[7430240.29,5548938.0399999991],[7430086.5,5548963.7300000004],[7430074.1100000003,5548965.9000000004],[7429927.1900000004,5548991.6199999992],[7429913.8600000003,5548991.2699999996],[7429898.7000000002,5548992.5099999998],[7429870.9900000002,5548993.5299999993],[7429858.1900000004,5548994.4000000004],[7429856.6399999997,5548994.5],[7429851.4500000002,5548994.1899999995],[7429836.29,5548995.4299999997],[7429836.2400000002,5548996.4800000004],[7429834.0300000003,5548996.8399999999],[7429834.0700000003,5548995.6400000006],[7429829.71,5548996.0099999998],[7429829.8099999996,5548997.1199999992],[7429827.7999999998,5548997.3900000006],[7429827.8700000001,5548995.5899999999],[7429821.8099999996,5548995.8399999999],[7429819.6100000003,5548996.9000000004],[7429812.46,5548998.1099999994],[7429806.7000000002,5548998.4700000007],[7429804.3300000001,5548984.9199999999],[7429795.2199999997,5548986.7400000002],[7429788.8399999999,5548987.8399999999],[7429748.7599999998,5548994.2599999998],[7429721.5300000003,5548986.1500000004],[7429715.8799999999,5548982.4700000007],[7429693.3399999999,5548968.2100000009],[7429683.9500000002,5548953.0500000007],[7429672.0300000003,5548954.1799999997],[7429631,5548958.0600000005],[7429621.0199999996,5548962.6699999999],[7429610.0499999998,5548967.3699999992],[7429609.3200000003,5548964.0600000005],[7429606.0800000001,5548964.7300000004],[7429608.4299999997,5548979.5],[7429605.9100000001,5548983.4100000001],[7429600.5300000003,5548991.4700000007],[7429593.8700000001,5549001.75],[7429592.9000000004,5549003.2100000009],[7429581.4100000001,5549020.5600000005],[7429581.0700000003,5549021.2599999998],[7429574.46,5549023.6799999997],[7429578.2199999997,5549050.1300000008],[7429586.1799999997,5549107.9199999999],[7429586.4699999997,5549108.3800000008],[7429602.3899999997,5549115.4299999997],[7429619.9100000001,5549122.6199999992],[7429623.9900000002,5549124.6199999992],[7429643.8700000001,5549132.7300000004],[7429653.8600000003,5549136.9399999995],[7429663.21,5549142.0700000003],[7429666.1500000004,5549144.4000000004],[7429677.7999999998,5549153.6199999992],[7429687.8700000001,5549161.8399999999],[7429701.6500000004,5549173.0500000007],[7429716.96,5549182.5899999999],[7429720.9800000004,5549185.2300000004],[7429736.8300000001,5549196.2400000002],[7429740.3099999996,5549198.6400000006],[7429746.3399999999,5549202.7899999991],[7429754.2400000002,5549208.2599999998],[7429794.5099999998,5549239.4499999993],[7429810.1600000001,5549251.3599999994],[7429825.4500000002,5549263.5700000003],[7429828.6100000003,5549266.1699999999],[7429843.6100000003,5549278.5099999998],[7429846.5800000001,5549280.5399999991],[7429864.5300000003,5549294.9700000007],[7429902.6500000004,5549326.4700000007],[7429908.1900000004,5549330.8200000003],[7429917.6100000003,5549338.2200000007],[7429934.7400000002,5549352.25],[7429952.5199999996,5549367.5700000003],[7429955.2000000002,5549381.2799999993],[7429973.04,5549395.8200000003],[7429981.3399999999,5549402.5700000003],[7429987.6699999999,5549407.7300000004],[7429987.9000000004,5549408.4800000004],[7429991.5,5549420.4000000004],[7429991.2199999997,5549420.5399999991],[7429980.0899999999,5549425.9700000007],[7429966.79,5549432.4600000009],[7429954.9500000002,5549441.1500000004],[7429934.21,5549454.7100000009],[7429922.2199999997,5549458.9199999999],[7429923.3799999999,5549464.4199999999],[7429910.4900000002,5549470.1999999993],[7429890.0899999999,5549478.0600000005],[7429848.0099999998,5549494.2699999996],[7429837.6799999997,5549499.9700000007],[7429831.7800000003,5549503.2200000007],[7429816.6699999999,5549510.4199999999],[7429807.0800000001,5549514.9000000004],[7429797.1200000001,5549519.5299999993],[7429794.7300000004,5549521.4199999999],[7429806.7000000002,5549567.6899999995],[7429808.1900000004,5549573.5500000007],[7429805.0599999996,5549574.6899999995],[7429782.6900000004,5549582.9100000001],[7429761.1500000004,5549590.8200000003],[7429739.5099999998,5549598.7599999998],[7429718.5899999999,5549606.4499999993],[7429697.3799999999,5549614.2300000004],[7429677.21,5549621.6400000006],[7429656.2000000002,5549629.3599999994],[7429633.1900000004,5549637.8100000005],[7429611.3600000003,5549645.8200000003],[7429606.5899999999,5549644.8699999992],[7429597.0700000003,5549651.6999999993],[7429589.1299999999,5549654],[7429584.3399999999,5549658.8699999992],[7429583.7999999998,5549655.9499999993],[7429563.96,5549663.2300000004],[7429560.1600000001,5549642.3000000007],[7429557.3300000001,5549627.2699999996],[7429542.5800000001,5549630.5899999999],[7429530.2300000004,5549633.3800000008],[7429517.9000000004,5549636.1600000001],[7429533.8200000003,5549674.3000000007],[7429541.3499999996,5549692.3499999996],[7429542.3700000001,5549694.8900000006],[7429548.7599999998,5549710.9399999995],[7429556.9900000002,5549735.5299999993],[7429568.5700000003,5549761.0899999999],[7429565.54,5549763.4100000001],[7429562.25,5549765.3699999992],[7429559.5899999999,5549768.2599999998],[7429557.4900000002,5549771.7200000007],[7429555.9199999999,5549776.9399999995],[7429555.6900000004,5549781.5099999998],[7429555.1500000004,5549831.5099999998],[7429555.0899999999,5549887.9100000001],[7429555.96,5549900.6400000006],[7429555.8399999999,5549911.3100000005],[7429559.75,5549931.9199999999],[7429568.8700000001,5549961.2300000004],[7429534.8399999999,5549983.0399999991],[7429513.2800000003,5549994.5800000001],[7429417.9299999997,5550027.6799999997],[7429415.8300000001,5550030.9399999995],[7429414.2699999996,5550031.8000000007],[7429387.8099999996,5550055.5600000005],[7429376.1900000004,5550064.5299999993],[7429354.9400000004,5550075.8200000003],[7429300.9400000004,5550094.9299999997],[7429281.21,5550102.0899999999],[7429311.1900000004,5550185.8900000006],[7429317.7300000004,5550204.1899999995],[7429316.5999999996,5550204.6500000004],[7429318.3899999997,5550208.5199999996],[7429319.5499999998,5550208.6999999993],[7429331.9699999997,5550242.6999999993],[7429349.9800000004,5550291.25],[7429367.8300000001,5550342],[7429373.8600000003,5550361.3900000006],[7429388.9900000002,5550416.6600000001],[7429387.6900000004,5550418.7799999993],[7429358.29,5550426.6500000004],[7429322.7999999998,5550436.5500000007],[7429314.96,5550438.7300000004],[7429298.5899999999,5550443.3000000007],[7429274.4400000004,5550449.7899999991],[7429240.9100000001,5550459.25],[7429214.3099999996,5550466.5500000007],[7429166.21,5550479.4499999993],[7429125.5099999998,5550491.0199999996],[7429087.79,5550501.8699999992],[7429035.8700000001,5550515.2400000002],[7429006.71,5550523.2699999996],[7429000.0800000001,5550525.5099999998],[7428995.4000000004,5550526.9700000007],[7428994.3499999996,5550527.3000000007],[7428988.9400000004,5550529.1999999993],[7428973.8200000003,5550534.7400000002],[7428951.7699999996,5550543.4399999995],[7428946.4400000004,5550545.5999999996],[7428939.0300000003,5550548.8699999992],[7428907.3799999999,5550563.6199999992],[7428902.4299999997,5550565.9399999995],[7428894.0800000001,5550569.8300000001],[7428891.96,5550570.7799999993],[7428881.0199999996,5550575.6999999993],[7428872.8700000001,5550579.3800000008],[7428867.3799999999,5550581.9399999995],[7428832.75,5550598.0800000001],[7428822.5899999999,5550602.8300000001],[7428781.1699999999,5550621.75],[7428750.0800000001,5550636.3300000001],[7428721.1100000003,5550650.2200000007],[7428708.5300000003,5550656],[7428705.5599999996,5550661.6999999993],[7428688.3399999999,5550694.8000000007],[7428672.3700000001,5550691.3300000001],[7428668.2999999998,5550690.5],[7428657.4199999999,5550688.2699999996],[7428640.3300000001,5550685.8399999999],[7428625.6200000001,5550682.7300000004],[7428608.5099999998,5550681.5600000005],[7428588.9199999999,5550679.1099999994],[7428557.8799999999,5550675.2300000004],[7428520.9000000004,5550669.5600000005],[7428521.0700000003,5550672.8800000008],[7428483.5199999996,5550672.5],[7428466.5,5550670.1899999995],[7428404.9000000004,5550668.1799999997],[7428399.0499999998,5550667.9399999995],[7428357.54,5550661.75],[7428352.2199999997,5550661.7300000004],[7428332.5599999996,5550661.6699999999],[7428314.3200000003,5550659.7400000002],[7428301.7699999996,5550657.5099999998],[7428298.4100000001,5550657.3300000001],[7428278.3899999997,5550656.2599999998],[7428223.54,5550652.3300000001],[7428189.7599999998,5550650.9600000009],[7428161.1799999997,5550650.0299999993],[7428137.3799999999,5550648.8699999992],[7428124.46,5550648.8699999992],[7428100.6699999999,5550646.6899999995],[7428076.3600000003,5550645],[7428061.9100000001,5550645.4100000001],[7428053.8300000001,5550645.6300000008],[7428024.6699999999,5550646.4499999993],[7428015.7400000002,5550646.6999999993],[7427987.9800000004,5550654],[7427974.04,5550657.6600000001],[7427945.9100000001,5550665.0500000007],[7427880.9400000004,5550655.6600000001],[7427834.1600000001,5550646.8900000006],[7427822.7599999998,5550644.75],[7427808.71,5550642.1199999992],[7427796.3300000001,5550639.2300000004],[7427789.9800000004,5550637.8399999999],[7427773.4500000002,5550634.7300000004],[7427764.96,5550633.0899999999],[7427755.8600000003,5550631.2799999993],[7427757.2199999997,5550624.8499999996],[7427742.6799999997,5550622.6300000008],[7427715.5199999996,5550618.1999999993],[7427683.0300000003,5550612.9000000004],[7427627.8700000001,5550603.8000000007],[7427627.2300000004,5550591.3699999992],[7427572.5599999996,5550583.3100000005],[7427525.9699999997,5550575.7100000009],[7427505.25,5550572.4399999995],[7427469.2999999998,5550568.1600000001],[7427393.0499999998,5550554.7100000009],[7427365.4100000001,5550549.9900000002],[7427341.3600000003,5550545.9499999993],[7427329.5300000003,5550543.9299999997],[7427292.2599999998,5550537.5899999999],[7427254.9500000002,5550531.0199999996],[7427220.3300000001,5550525.8399999999],[7427172.4199999999,5550517.7100000009],[7427104.3799999999,5550507.9700000007],[7426995.2000000002,5550494.1500000004],[7426990.1299999999,5550493.5],[7426976.0800000001,5550491.7300000004],[7426972.5300000003,5550489.2599999998]]]},"properties":{"objectid":2267742732305,"id_dzielni":14,"nr_dzielni":"XIV","nazwa":"Czyżyny","nazwa_peln":"Dzielnica XIV Czyżyny","opis":"UCHWAŁA NR XCIX/1508/14 RADY MIASTA KRAKOWA","powierzchn":12256767,"data_aktua":1396303200000}},{"type":"Feature","id":2267742732306,"geometry":{"type":"Polygon","coordinates":[[[7426903.4100000001,5550699.8200000003],[7426903.5099999998,5550699.4900000002],[7426908.6900000004,5550680.3499999996],[7426918.8399999999,5550642.8599999994],[7426931.7599999998,5550594.5099999998],[7426933.0300000003,5550589.7699999996],[7426942.04,5550556.0600000005],[7426944.6500000004,5550546.3200000003],[7426959.0700000003,5550492.7400000002],[7426964.8799999999,5550493.6300000008],[7426971.2599999998,5550494.6699999999],[7426972.5300000003,5550489.2599999998],[7426976.0800000001,5550491.7300000004],[7426990.1299999999,5550493.5],[7426995.2000000002,5550494.1500000004],[7427104.3799999999,5550507.9700000007],[7427172.4199999999,5550517.7100000009],[7427220.3300000001,5550525.8399999999],[7427254.9500000002,5550531.0199999996],[7427292.2599999998,5550537.5899999999],[7427329.5300000003,5550543.9299999997],[7427341.3600000003,5550545.9499999993],[7427365.4100000001,5550549.9900000002],[7427393.0499999998,5550554.7100000009],[7427469.2999999998,5550568.1600000001],[7427505.25,5550572.4399999995],[7427525.9699999997,5550575.7100000009],[7427572.5599999996,5550583.3100000005],[7427627.2300000004,5550591.3699999992],[7427627.8700000001,5550603.8000000007],[7427683.0300000003,5550612.9000000004],[7427715.5199999996,5550618.1999999993],[7427742.6799999997,5550622.6300000008],[7427757.2199999997,5550624.8499999996],[7427755.8600000003,5550631.2799999993],[7427764.96,5550633.0899999999],[7427773.4500000002,5550634.7300000004],[7427789.9800000004,5550637.8399999999],[7427796.3300000001,5550639.2300000004],[7427808.71,5550642.1199999992],[7427822.7599999998,5550644.75],[7427834.1600000001,5550646.8900000006],[7427880.9400000004,5550655.6600000001],[7427945.9100000001,5550665.0500000007],[7427974.04,5550657.6600000001],[7427987.9800000004,5550654],[7428015.7400000002,5550646.6999999993],[7428024.6699999999,5550646.4499999993],[7428053.8300000001,5550645.6300000008],[7428061.9100000001,5550645.4100000001],[7428076.3600000003,5550645],[7428100.6699999999,5550646.6899999995],[7428124.46,5550648.8699999992],[7428137.3799999999,5550648.8699999992],[7428161.1799999997,5550650.0299999993],[7428189.7599999998,5550650.9600000009],[7428223.54,5550652.3300000001],[7428278.3899999997,5550656.2599999998],[7428298.4100000001,5550657.3300000001],[7428301.7699999996,5550657.5099999998],[7428314.3200000003,5550659.7400000002],[7428332.5599999996,5550661.6699999999],[7428352.2199999997,5550661.7300000004],[7428357.54,5550661.75],[7428399.0499999998,5550667.9399999995],[7428404.9000000004,5550668.1799999997],[7428466.5,5550670.1899999995],[7428483.5199999996,5550672.5],[7428521.0700000003,5550672.8800000008],[7428520.9000000004,5550669.5600000005],[7428557.8799999999,5550675.2300000004],[7428588.9199999999,5550679.1099999994],[7428608.5099999998,5550681.5600000005],[7428625.6200000001,5550682.7300000004],[7428640.3300000001,5550685.8399999999],[7428657.4199999999,5550688.2699999996],[7428668.2999999998,5550690.5],[7428672.3700000001,5550691.3300000001],[7428688.3399999999,5550694.8000000007],[7428705.2400000002,5550699.5099999998],[7428735.5099999998,5550712.1899999995],[7428736.4199999999,5550712.5899999999],[7428747.4900000002,5550717.4100000001],[7428749.3799999999,5550718.2400000002],[7428757.1200000001,5550722.9100000001],[7428768.4800000004,5550729.2599999998],[7428769.8600000003,5550730.0600000005],[7428777.9199999999,5550736.1699999999],[7428778.9699999997,5550736.9000000004],[7428787.04,5550742.6300000008],[7428792.1200000001,5550747.0500000007],[7428795.0599999996,5550749.5899999999],[7428808.3700000001,5550761.0899999999],[7428810.9400000004,5550763.3200000003],[7428813.6500000004,5550765.6500000004],[7428822.6900000004,5550773.4800000004],[7428831.0499999998,5550780.6899999995],[7428876.0700000003,5550819.5800000001],[7428922.1600000001,5550858.8800000008],[7428938.3799999999,5550872.2799999993],[7428947.5899999999,5550880.0999999996],[7428963.8899999997,5550894.7699999996],[7428979.8799999999,5550909.4800000004],[7428983.1900000004,5550912.5299999993],[7428996.8200000003,5550923.6999999993],[7429004.8300000001,5550930.2699999996],[7429026.4800000004,5550949.1600000001],[7429047.2599999998,5550967.1699999999],[7429068.4299999997,5550986.3699999992],[7429086.4699999997,5551002.3300000001],[7429106.6699999999,5551020.3499999996],[7429145.8700000001,5551054.1699999999],[7429161.9199999999,5551068.9199999999],[7429175.0800000001,5551080.2300000004],[7429187.79,5551090.9299999997],[7429210.9199999999,5551110.5600000005],[7429232.3799999999,5551129.4399999995],[7429280.5499999998,5551171.3699999992],[7429297.4100000001,5551186.0899999999],[7429325.4000000004,5551210.5299999993],[7429334.1399999997,5551217.6500000004],[7429348.7000000002,5551230.0899999999],[7429356.8600000003,5551237.3499999996],[7429366.4500000002,5551247.8200000003],[7429417.2199999997,5551303.1899999995],[7429420.1399999997,5551304.0999999996],[7429422.3899999997,5551305.6099999994],[7429424.5499999998,5551307.5299999993],[7429445.75,5551326.3300000001],[7429447.4699999997,5551327.8499999996],[7429450.4500000002,5551330.5099999998],[7429451.1500000004,5551332.1699999999],[7429451.2800000003,5551333.5800000001],[7429476.46,5551351.6699999999],[7429489.9199999999,5551361.3399999999],[7429534.9299999997,5551393.6699999999],[7429562.1299999999,5551416.6300000008],[7429575.5800000001,5551427.9199999999],[7429586.6799999997,5551437.9199999999],[7429599.6399999997,5551448.5399999991],[7429601.5199999996,5551450.0800000001],[7429621.2400000002,5551461.6099999994],[7429640.9800000004,5551470.2400000002],[7429656.2999999998,5551476.2400000002],[7429667.2000000002,5551480.5999999996],[7429683.6399999997,5551486.4100000001],[7429688.8200000003,5551488.3200000003],[7429701.7300000004,5551492.7799999993],[7429714.6900000004,5551495.5800000001],[7429730.79,5551499.9299999997],[7429737.5499999998,5551501.5199999996],[7429746.7300000004,5551503.6600000001],[7429756.3200000003,5551505.1099999994],[7429760.5800000001,5551505.75],[7429769.1100000003,5551506.4000000004],[7429784.6500000004,5551507.1400000006],[7429800.1600000001,5551507.6199999992],[7429810.1100000003,5551507.6600000001],[7429819.46,5551506.4800000004],[7429826.3600000003,5551505.4000000004],[7429843.5700000003,5551502.6899999995],[7429875.3899999997,5551494.9499999993],[7429881.3099999996,5551492.7400000002],[7429882.9400000004,5551492.1899999995],[7429896.21,5551487.6999999993],[7429912.3600000003,5551481.4600000009],[7429914.6699999999,5551480.6199999992],[7429932.1100000003,5551474.3100000005],[7429945.5099999998,5551465.9600000009],[7429951.7599999998,5551462.8300000001],[7429954.1600000001,5551461.6300000008],[7429986.6799999997,5551446.0299999993],[7429995.3399999999,5551440.7200000007],[7429999.1699999999,5551439.1999999993],[7430008.4299999997,5551435.1600000001],[7430011.8899999997,5551434.1500000004],[7430024.7300000004,5551428.1699999999],[7430025,5551428.0500000007],[7430036.5999999996,5551423.2699999996],[7430037.8200000003,5551422.8300000001],[7430048.2199999997,5551419.0299999993],[7430050.1500000004,5551418.2100000009],[7430061.8200000003,5551413.2699999996],[7430061.8799999999,5551413.2400000002],[7430073.9000000004,5551408.0600000005],[7430097.7599999998,5551396.9199999999],[7430118.0300000003,5551386.9900000002],[7430139.6799999997,5551377.0099999998],[7430144,5551374.9199999999],[7430162.2599999998,5551366.1099999994],[7430169.0899999999,5551362.8200000003],[7430201.4500000002,5551347.1099999994],[7430215.3700000001,5551340.0399999991],[7430230,5551332.5899999999],[7430231.6100000003,5551327.7799999993],[7430237.8399999999,5551324.5899999999],[7430267.7999999998,5551309.2200000007],[7430272.7000000002,5551306.6899999995],[7430275.9199999999,5551305.0199999996],[7430314.8899999997,5551286.4700000007],[7430322.8300000001,5551283.2899999991],[7430327.4199999999,5551282.3100000005],[7430332.6799999997,5551280.2599999998],[7430341.4699999997,5551277.0800000001],[7430350.3499999996,5551274.1199999992],[7430377.8499999996,5551266.4299999997],[7430399.2800000003,5551260.4700000007],[7430444.6600000001,5551252.5299999993],[7430449.0999999996,5551254.9800000004],[7430451.4199999999,5551256.2300000004],[7430475.8399999999,5551257.1799999997],[7430480.0099999998,5551256.8300000001],[7430503.2199999997,5551257.8699999992],[7430520.0599999996,5551257.1899999995],[7430531.4699999997,5551255.6500000004],[7430546.9299999997,5551254.1500000004],[7430547.2699999996,5551247.7300000004],[7430558.3700000001,5551247.5399999991],[7430561.2599999998,5551247.4900000002],[7430567.1799999997,5551252.3000000007],[7430569.0099999998,5551253.8000000007],[7430573.1299999999,5551262],[7430578.0899999999,5551272.5199999996],[7430587.7400000002,5551277.8200000003],[7430612.5099999998,5551281.9800000004],[7430639.5999999996,5551285.8699999992],[7430648.6399999997,5551289.0999999996],[7430654.1600000001,5551293.1600000001],[7430662.29,5551298.0899999999],[7430671.1200000001,5551304.1799999997],[7430679.25,5551311.3900000006],[7430683.7300000004,5551315.4199999999],[7430695.4800000004,5551336.4600000009],[7430703.5999999996,5551346.1999999993],[7430738.3499999996,5551355.1500000004],[7430759.3499999996,5551367.3699999992],[7430780.1399999997,5551383.5299999993],[7430791.4199999999,5551398.8499999996],[7430786.3499999996,5551420.0299999993],[7430777.1299999999,5551447.9399999995],[7430767.4500000002,5551470.7799999993],[7430756.8499999996,5551489.2400000002],[7430751.1200000001,5551499.2100000009],[7430745.4299999997,5551521.4900000002],[7430754.25,5551552.6300000008],[7430754.5300000003,5551560.1199999992],[7430752.25,5551569.6799999997],[7430741.04,5551584.7699999996],[7430730.7999999998,5551595.8699999992],[7430724.0499999998,5551606.7300000004],[7430716.1600000001,5551621.9499999993],[7430713.9900000002,5551628.4199999999],[7430714.2800000003,5551634.6999999993],[7430712.2599999998,5551669.9000000004],[7430703.4199999999,5551686.5199999996],[7430692.2400000002,5551701.3100000005],[7430685.04,5551728.1099999994],[7430681.6299999999,5551735.0399999991],[7430678.6100000003,5551737.3000000007],[7430671.25,5551738.4600000009],[7430651.1500000004,5551741.6199999992],[7430627.5700000003,5551743.9199999999],[7430615.9199999999,5551742.3499999996],[7430609.0800000001,5551752.8599999994],[7430607.1699999999,5551755.8100000005],[7430599.04,5551766.8499999996],[7430589.6799999997,5551779.5899999999],[7430581.0800000001,5551810.3699999992],[7430582.9900000002,5551823.5899999999],[7430593.4000000004,5551859.5],[7430605.9800000004,5551876.3300000001],[7430614.0499999998,5551886.4600000009],[7430623.4500000002,5551895.6699999999],[7430630.1100000003,5551903.4499999993],[7430636.8700000001,5551909.0999999996],[7430641.9400000004,5551915.1999999993],[7430649.1600000001,5551920.3599999994],[7430656.4400000004,5551922.5600000005],[7430658.1600000001,5551923.5299999993],[7430659.54,5551925.1099999994],[7430660.29,5551927.3499999996],[7430662.1900000004,5551929.5600000005],[7430664.7400000002,5551930.9399999995],[7430667.7000000002,5551931.9299999997],[7430669.6200000001,5551932.4700000007],[7430672.8799999999,5551932.4499999993],[7430675.5700000003,5551932.0999999996],[7430680.3899999997,5551931.2100000009],[7430684.04,5551930.3000000007],[7430688.8499999996,5551929.4100000001],[7430707.1399999997,5551928.6799999997],[7430722.7199999997,5551926.5099999998],[7430727.1600000001,5551926.1300000008],[7430729.6600000001,5551926.1300000008],[7430732.4800000004,5551926.0199999996],[7430734.6200000001,5551926.0399999991],[7430737.0700000003,5551926.3100000005],[7430739.46,5551927.0199999996],[7430742.0999999996,5551928.2400000002],[7430745.8200000003,5551930.2899999991],[7430748.5199999996,5551932.3000000007],[7430751.7800000003,5551934.8300000001],[7430754.6399999997,5551937.3000000007],[7430756.9199999999,5551939.6199999992],[7430761.7300000004,5551947.4299999997],[7430765.1399999997,5551953.3599999994],[7430767.4699999997,5551956.75],[7430771.21,5551960.9499999993],[7430775.3499999996,5551965.1099999994],[7430778.3799999999,5551967.9100000001],[7430780.4299999997,5551970.4800000004],[7430782.5199999996,5551973.4600000009],[7430785.5700000003,5551979.0199999996],[7430793.6500000004,5552004.0099999998],[7430797.7300000004,5552010.0500000007],[7430802.7400000002,5552019.8300000001],[7430809.1500000004,5552031.6400000006],[7430815.2800000003,5552042.4000000004],[7430824.6299999999,5552058.3699999992],[7430827.9699999997,5552066.2599999998],[7430829.75,5552071.2899999991],[7430831.2699999996,5552075.0500000007],[7430832.2300000004,5552078.2100000009],[7430836.7599999998,5552093.9199999999],[7430838.1200000001,5552097.3200000003],[7430839.8099999996,5552099.6600000001],[7430841.5899999999,5552101.1500000004],[7430844.04,5552102.8399999999],[7430845.9900000002,5552104.25],[7430847.6500000004,5552106.4100000001],[7430849.2000000002,5552108.2200000007],[7430850.1399999997,5552109.4000000004],[7430854.21,5552112.9499999993],[7430855.2999999998,5552114.9600000009],[7430855.4400000004,5552116.3399999999],[7430855.1600000001,5552117.8499999996],[7430854.5499999998,5552118.5],[7430855.5300000003,5552119.8699999992],[7430855.8899999997,5552120.9600000009],[7430855.8799999999,5552122.7899999991],[7430861.0099999998,5552133.0199999996],[7430865.6399999997,5552144.3599999994],[7430868.3700000001,5552149.2400000002],[7430873.5499999998,5552160.4600000009],[7430877.2199999997,5552162.7799999993],[7430878.4800000004,5552163.7599999998],[7430879.5099999998,5552165.0999999996],[7430880.4199999999,5552167.0999999996],[7430883.1100000003,5552175.4100000001],[7430890.5499999998,5552188.5800000001],[7430892.7300000004,5552197.2899999991],[7430893.5599999996,5552198.1600000001],[7430894.3899999997,5552198.7300000004],[7430895.4500000002,5552198.9900000002],[7430897.29,5552198.6099999994],[7430899.4500000002,5552198.2799999993],[7430902.25,5552198.4700000007],[7430904.8700000001,5552198.9700000007],[7430907.3899999997,5552199.7699999996],[7430909.2000000002,5552200.4199999999],[7430910.4299999997,5552200.9100000001],[7430921.3099999996,5552202.9499999993],[7430927.0300000003,5552211.3399999999],[7430929.7699999996,5552216.0299999993],[7430931.3899999997,5552219.3100000005],[7430933.46,5552224.1199999992],[7430934.4699999997,5552228.1300000008],[7430935.04,5552231.0600000005],[7430936.0599999996,5552235.0199999996],[7430937.1399999997,5552238.4100000001],[7430938.6100000003,5552242.4800000004],[7430927.8099999996,5552258.3399999999],[7430925.3600000003,5552262.0700000003],[7430915.6600000001,5552281.6099999994],[7430910.1100000003,5552296.0500000007],[7430904.4699999997,5552305.0299999993],[7430906.54,5552310.4800000004],[7430898.1100000003,5552328.0700000003],[7430894.0700000003,5552342.4000000004],[7430890.0999999996,5552350.3100000005],[7430886.46,5552362.1899999995],[7430883,5552370.2100000009],[7430879.1100000003,5552376.8000000007],[7430871.5499999998,5552388.5899999999],[7430863.7400000002,5552398.6899999995],[7430859.5300000003,5552411.2899999991],[7430853.7199999997,5552425.7100000009],[7430847.46,5552447.5899999999],[7430846.0199999996,5552454.2400000002],[7430848.6699999999,5552455.0199999996],[7430845.6399999997,5552467.5299999993],[7430845.54,5552467.9299999997],[7430870.3899999997,5552475.2200000007],[7430872.7400000002,5552476.6699999999],[7430928.9100000001,5552490.4100000001],[7430962.5700000003,5552500.5899999999],[7431008.7199999997,5552511.6199999992],[7431049.6699999999,5552522.7599999998],[7431062.5700000003,5552527.3200000003],[7431090.7800000003,5552537.6099999994],[7431104.3099999996,5552544.3000000007],[7431142.3099999996,5552562.8699999992],[7431151.8499999996,5552566.6199999992],[7431153.2800000003,5552568.0800000001],[7431157.4400000004,5552573.9499999993],[7431160.7300000004,5552579.1899999995],[7431164.7800000003,5552587.8599999994],[7431166.4699999997,5552593.2300000004],[7431166.2699999996,5552602.9299999997],[7431161.25,5552613.4399999995],[7431152.54,5552625.6899999995],[7431120.0800000001,5552614.3699999992],[7431099.5599999996,5552626.7200000007],[7431078.7699999996,5552639.75],[7431064.3700000001,5552648.7899999991],[7431011.8099999996,5552639.4900000002],[7431010.8099999996,5552641.0600000005],[7431000.5099999998,5552669.2200000007],[7430989.5199999996,5552694.9900000002],[7430985.5199999996,5552701.8800000008],[7430975.6100000003,5552717.5999999996],[7430973.3300000001,5552725.2699999996],[7430961.7000000002,5552764.6400000006],[7430951.6500000004,5552796.4000000004],[7430942.3300000001,5552831.4700000007],[7430938,5552847.6999999993],[7430921.1399999997,5552898.3699999992],[7430911.7400000002,5552932.1199999992],[7430910.5700000003,5552931.7599999998],[7430906.3799999999,5552961.1799999997],[7430889.4199999999,5552949.0899999999],[7430847.0800000001,5552918.7300000004],[7430842.71,5552915.6099999994],[7430833.8099999996,5552911.5399999991],[7430752.3899999997,5552874.25],[7430749.2300000004,5552872.8000000007],[7430744.3300000001,5552870.5500000007],[7430733.0199999996,5552868.7100000009],[7430666.6600000001,5552742.7799999993],[7430616.54,5552647.6899999995],[7430610.8200000003,5552647.0999999996],[7430605.3499999996,5552646.5299999993],[7430590.7199999997,5552645.3900000006],[7430539.4000000004,5552641.4299999997],[7430537.2199999997,5552641.4299999997],[7430532.6799999997,5552641.4499999993],[7430474.6100000003,5552636.8200000003],[7430471.6699999999,5552636.5800000001],[7430470.8700000001,5552636.5199999996],[7430470.3300000001,5552630.3100000005],[7430470.3300000001,5552626.9600000009],[7430470.3300000001,5552623.2799999993],[7430470.3300000001,5552621.5399999991],[7430470.3300000001,5552617.8699999992],[7430470.3300000001,5552615.3599999994],[7430469.5899999999,5552610.0500000007],[7430468.7199999997,5552603.8599999994],[7430468.1200000001,5552599.6199999992],[7430467.6900000004,5552598.1600000001],[7430461.8600000003,5552578.2100000009],[7430459.3700000001,5552569.6600000001],[7430459.2300000004,5552569.1799999997],[7430456.2300000004,5552558.8200000003],[7430455.0800000001,5552554.8399999999],[7430454.25,5552551.9800000004],[7430452.8499999996,5552547.1500000004],[7430451.6699999999,5552543.0800000001],[7430450.5300000003,5552539.1400000006],[7430447.8799999999,5552528.2400000002],[7430446.4500000002,5552518.3800000008],[7430444.2599999998,5552503.3900000006],[7430443.1500000004,5552490.9299999997],[7430442.7000000002,5552485.8000000007],[7430442.1900000004,5552480.1099999994],[7430434.2000000002,5552480.8399999999],[7430400.2000000002,5552474.6199999992],[7430375.4400000004,5552470.3200000003],[7430348.75,5552465.9700000007],[7430324.6699999999,5552461.1600000001],[7430304.5700000003,5552457.2100000009],[7430283.3899999997,5552451.9600000009],[7430282.71,5552451.7899999991],[7430267.5599999996,5552448.2799999993],[7430253.7699999996,5552445.0999999996],[7430252.5700000003,5552444.8499999996],[7430234.46,5552441.1400000006],[7430233.6699999999,5552441.0500000007],[7430199.1100000003,5552437.1400000006],[7430172.0099999998,5552465.1600000001],[7430168.2999999998,5552468.6400000006],[7430164.5099999998,5552472.2200000007],[7430149.79,5552486.0700000003],[7430135.2300000004,5552499.7699999996],[7430118.5899999999,5552515.4399999995],[7430115.5099999998,5552518.3399999999],[7430102.54,5552530.5399999991],[7430047.4500000002,5552576.8200000003],[7430013.4500000002,5552594.9399999995],[7430008.7000000002,5552596.9800000004],[7429973.9699999997,5552611.9499999993],[7429940.54,5552626.3699999992],[7429892.8600000003,5552650.6300000008],[7429836.9800000004,5552675.7300000004],[7429835.3399999999,5552676.4800000004],[7429816.4900000002,5552684.8399999999],[7429782.2000000002,5552700.0700000003],[7429765.8300000001,5552706.2400000002],[7429755.6900000004,5552710.0500000007],[7429725.3399999999,5552721.4700000007],[7429719.71,5552722.7100000009],[7429706.7999999998,5552725.5600000005],[7429639.6600000001,5552740.4000000004],[7429631.1100000003,5552742.25],[7429608.3899999997,5552743.3399999999],[7429588.9100000001,5552745.1799999997],[7429564.21,5552747.8399999999],[7429537.9199999999,5552749.2400000002],[7429516.2699999996,5552750.5999999996],[7429506.3700000001,5552750.7100000009],[7429501.7699999996,5552750.7599999998],[7429490.1900000004,5552751.6999999993],[7429468.46,5552753.0700000003],[7429445.2300000004,5552754.3000000007],[7429425.9100000001,5552755.6799999997],[7429411.4699999997,5552757.6899999995],[7429405.25,5552759.8900000006],[7429402.5199999996,5552760.4700000007],[7429392.3300000001,5552762.6600000001],[7429380.8399999999,5552763.6600000001],[7429377.75,5552763.9299999997],[7429360.9800000004,5552765.4000000004],[7429305.8600000003,5552770.2300000004],[7429304.6799999997,5552770.3300000001],[7429292.6699999999,5552771.3200000003],[7429248.3200000003,5552774.9800000004],[7429227.3899999997,5552776.6999999993],[7429225,5552776.8900000006],[7429133.8899999997,5552785.6999999993],[7429110.2599999998,5552787.9900000002],[7429091.6799999997,5552789.6099999994],[7429023.2800000003,5552795.5899999999],[7428992.7699999996,5552798.0700000003],[7428974.6399999997,5552799.5399999991],[7428954.3899999997,5552801.1899999995],[7428920.6299999999,5552803.9299999997],[7428902.96,5552805.25],[7428842.4199999999,5552809.7699999996],[7428810.0599999996,5552812.1799999997],[7428798.29,5552813.0500000007],[7428795.1200000001,5552813.9900000002],[7428778.1399999997,5552811.5099999998],[7428731.3700000001,5552807.9299999997],[7428687.0599999996,5552812.1500000004],[7428669.25,5552813.8399999999],[7428634.1600000001,5552817.1799999997],[7428607.6900000004,5552819.9600000009],[7428594.3899999997,5552821.3100000005],[7428576.9800000004,5552822.0299999993],[7428566.1900000004,5552822.4700000007],[7428555.1200000001,5552822.9299999997],[7428536.0700000003,5552823.7200000007],[7428529.7199999997,5552823.9800000004],[7428528.4199999999,5552824.0399999991],[7428524.9199999999,5552824.1999999993],[7428501.8399999999,5552825.2699999996],[7428500.9699999997,5552825.3200000003],[7428492.9699999997,5552825.6799999997],[7428489.7599999998,5552825.8399999999],[7428475.8099999996,5552826.5500000007],[7428461.7999999998,5552827.2599999998],[7428436.7699999996,5552824.9000000004],[7428402.3600000003,5552825.4000000004],[7428374.3099999996,5552825.5399999991],[7428331.7000000002,5552825.3599999994],[7428326.8899999997,5552825.3499999996],[7428322.7000000002,5552825.3300000001],[7428320.9500000002,5552825.2400000002],[7428263.9400000004,5552822.2300000004],[7428219.1600000001,5552821.5099999998],[7428163.4000000004,5552813.25],[7428157.0899999999,5552812.3100000005],[7428139.1299999999,5552808.5500000007],[7428103.9800000004,5552805.0299999993],[7428102.3399999999,5552805.4399999995],[7428099.4800000004,5552806.1799999997],[7428097.7599999998,5552805.8399999999],[7428088.9100000001,5552804.1099999994],[7428069.4699999997,5552800.2899999991],[7428057.4500000002,5552797.9399999995],[7428045.6299999999,5552795.6199999992],[7428015.7599999998,5552788.4399999995],[7427986.1100000003,5552781.3100000005],[7427956.1399999997,5552773.7100000009],[7427937.0199999996,5552766.9299999997],[7427900.1900000004,5552755.0199999996],[7427898.71,5552754.1600000001],[7427895.9400000004,5552752.5600000005],[7427892.4800000004,5552750.5600000005],[7427875.71,5552743.1300000008],[7427852.1500000004,5552732.1999999993],[7427825.6299999999,5552721.2200000007],[7427824.96,5552720.8300000001],[7427806.5899999999,5552710.7300000004],[7427780.8700000001,5552687.6899999995],[7427765.8399999999,5552674.9700000007],[7427760.2999999998,5552670.2799999993],[7427756.7300000004,5552667.2699999996],[7427735.2300000004,5552649.1199999992],[7427716.1699999999,5552627.7300000004],[7427709.3799999999,5552624.4700000007],[7427705.5899999999,5552622.6500000004],[7427683.4900000002,5552612.0299999993],[7427659.9699999997,5552602.4100000001],[7427648.0700000003,5552606.0800000001],[7427630.0800000001,5552619.5800000001],[7427629.4100000001,5552620.0800000001],[7427625.5499999998,5552619.4000000004],[7427605.5899999999,5552615.9100000001],[7427597.0700000003,5552614.4100000001],[7427568.1799999997,5552598.8499999996],[7427566.0700000003,5552597.7100000009],[7427544.0099999998,5552585.8300000001],[7427544.1299999999,5552584.2100000009],[7427544.3899999997,5552580.8200000003],[7427544.4500000002,5552580.1199999992],[7427513.0999999996,5552566.3399999999],[7427562.7699999996,5552550.4499999993],[7427563.3099999996,5552550.2599999998],[7427606.2999999998,5552536.4199999999],[7427622.5800000001,5552531.4900000002],[7427709.7000000002,5552505.0899999999],[7427712.3899999997,5552504.2799999993],[7427714.2800000003,5552503.7200000007],[7427745.7300000004,5552494.3599999994],[7427767.1399999997,5552487.9900000002],[7427814.0300000003,5552474.0199999996],[7427815.3600000003,5552471.7699999996],[7427815.7599999998,5552470.4499999993],[7427822.7699999996,5552463.5800000001],[7427824.3099999996,5552461.8399999999],[7427825.6600000001,5552458.5800000001],[7427824.9100000001,5552451.4800000004],[7427820.7400000002,5552438.1400000006],[7427820.2999999998,5552436.7599999998],[7427817.6100000003,5552428.0299999993],[7427819.29,5552424.9499999993],[7427820.21,5552419.4299999997],[7427820.9199999999,5552417.0500000007],[7427821.8899999997,5552413.1500000004],[7427822.5499999998,5552413.2100000009],[7427824.2199999997,5552413.3499999996],[7427824.6500000004,5552404.6400000006],[7427823.2400000002,5552400.75],[7427823.5300000003,5552398.0500000007],[7427824.3799999999,5552377.2799999993],[7427824.4500000002,5552375.4600000009],[7427824.2800000003,5552363.5600000005],[7427824.2400000002,5552350.3800000008],[7427820.6200000001,5552340.1400000006],[7427819.7800000003,5552331.4499999993],[7427818.6500000004,5552328.0399999991],[7427810.54,5552317.5199999996],[7427809.6900000004,5552316.3499999996],[7427807.9800000004,5552313.6999999993],[7427807.1100000003,5552309.1600000001],[7427807.6100000003,5552300.3900000006],[7427807.7999999998,5552293.2300000004],[7427809.7300000004,5552285.9499999993],[7427811.6299999999,5552278.1300000008],[7427813.29,5552274.75],[7427814.4100000001,5552268.6099999994],[7427814.3600000003,5552265.4900000002],[7427817.5999999996,5552254.4399999995],[7427818.8300000001,5552246.9100000001],[7427816.8600000003,5552243.6899999995],[7427816.6500000004,5552234.2200000007],[7427816.3200000003,5552229.0800000001],[7427804.2599999998,5552213.3599999994],[7427798.8399999999,5552204.3800000008],[7427795.9100000001,5552198.6899999995],[7427793.46,5552192.6600000001],[7427792.5899999999,5552187.9399999995],[7427792.0300000003,5552174.3499999996],[7427791.8300000001,5552164.5299999993],[7427791.04,5552153.5999999996],[7427793.0300000003,5552144.2699999996],[7427797.4000000004,5552134.8399999999],[7427799.0199999996,5552127.4100000001],[7427798.8700000001,5552126.0500000007],[7427798.3899999997,5552121.6699999999],[7427798.2000000002,5552119.4900000002],[7427796.0300000003,5552108.5399999991],[7427794.9900000002,5552100.4600000009],[7427794.6399999997,5552097.75],[7427790.5599999996,5552092.4499999993],[7427786.3700000001,5552086.6899999995],[7427781.5899999999,5552081.8699999992],[7427777.8099999996,5552078.4100000001],[7427775.1500000004,5552075.8200000003],[7427778.79,5552073.3300000001],[7427780.0999999996,5552072.2300000004],[7427786.9500000002,5552043.1099999994],[7427791.7699999996,5552027.5700000003],[7427791.96,5552026.7400000002],[7427793.9500000002,5552024.2799999993],[7427835.8099999996,5552039.2799999993],[7427869.4199999999,5552051.3100000005],[7427890.3300000001,5552058.7599999998],[7427902.9400000004,5552026.6199999992],[7427911.7800000003,5552002.7599999998],[7427920.4500000002,5551979.3100000005],[7427899.8700000001,5551971.2200000007],[7427901.7199999997,5551965.8000000007],[7427868.6200000001,5551954.8499999996],[7427834.3700000001,5551943.5099999998],[7427796.4000000004,5551930.9900000002],[7427779.2800000003,5551925.5],[7427779.0300000003,5551916.2599999998],[7427752.9199999999,5551902.8100000005],[7427739.7699999996,5551894.1300000008],[7427733.6399999997,5551887.7799999993],[7427729.2400000002,5551884.2400000002],[7427725.9199999999,5551881.8399999999],[7427717.7000000002,5551875.8599999994],[7427712.9900000002,5551872.3699999992],[7427694.0999999996,5551858.4299999997],[7427683.7400000002,5551852.5399999991],[7427674.9299999997,5551848.6300000008],[7427671.6500000004,5551844.8100000005],[7427665.3700000001,5551844.6799999997],[7427657.8899999997,5551841.2300000004],[7427646.9199999999,5551837.4700000007],[7427644.0300000003,5551836.2200000007],[7427640.9299999997,5551830.3100000005],[7427633.5800000001,5551829.1799999997],[7427617.5999999996,5551811.2300000004],[7427605.6600000001,5551808.8900000006],[7427596.9500000002,5551804.5500000007],[7427580.4500000002,5551800.0299999993],[7427601.6699999999,5551799.7200000007],[7427601.5,5551798.6899999995],[7427597.5199999996,5551774.7200000007],[7427597.5,5551774.5800000001],[7427597.0499999998,5551771.8300000001],[7427596.1900000004,5551766.6799999997],[7427596.0599999996,5551765.8800000008],[7427595.9100000001,5551764.4900000002],[7427594.4199999999,5551750.6500000004],[7427593.5099999998,5551742.3100000005],[7427584.71,5551660.7899999991],[7427582.3700000001,5551639.0800000001],[7427578.9100000001,5551616.7400000002],[7427575.8700000001,5551597.0899999999],[7427572.5,5551548.0099999998],[7427572.3899999997,5551546.4800000004],[7427578.3899999997,5551511.4199999999],[7427581.5199999996,5551490.9000000004],[7427595.25,5551491.4800000004],[7427598.4800000004,5551467.4000000004],[7427580.2599999998,5551462.3800000008],[7427569.3499999996,5551445.9700000007],[7427568.1100000003,5551443.6300000008],[7427564.5,5551435.4800000004],[7427562.8399999999,5551431.7300000004],[7427561.1900000004,5551427.0700000003],[7427559.3499999996,5551420.8800000008],[7427558.5099999998,5551417.6699999999],[7427556.6799999997,5551410.6600000001],[7427557.0700000003,5551403.3100000005],[7427557.3799999999,5551397.9900000002],[7427557.8099999996,5551390.6199999992],[7427558.5999999996,5551374.3699999992],[7427559.4699999997,5551357.8200000003],[7427560.9299999997,5551331.8200000003],[7427562.1900000004,5551307.9000000004],[7427564.5,5551264.2899999991],[7427565.46,5551246.3100000005],[7427565.8099999996,5551239.6199999992],[7427566.0199999996,5551235.6699999999],[7427571.9000000004,5551124.9399999995],[7427572.6799999997,5551110.1500000004],[7427578.1100000003,5551057.7100000009],[7427580.1500000004,5551039.5],[7427575.3899999997,5551038.5399999991],[7427576.54,5551026.6500000004],[7427576.2800000003,5551026.5700000003],[7427549.9699999997,5551021.8300000001],[7427521.71,5551016.7300000004],[7427506.4800000004,5551014.1300000008],[7427495.4400000004,5551012.25],[7427435.46,5551002.0199999996],[7427375.3300000001,5550991.5600000005],[7427358.5800000001,5550988.6500000004],[7427327.1900000004,5550982.9299999997],[7427326.1600000001,5550982.8900000006],[7427273.7599999998,5550972.0399999991],[7427254.8099999996,5550966.1300000008],[7427225.8300000001,5550957.0899999999],[7427217.5300000003,5550932.2599999998],[7427178.29,5550929.5199999996],[7427147.1600000001,5550924.8200000003],[7427121.1200000001,5550920.4199999999],[7427116.6100000003,5550919.5999999996],[7427099.5599999996,5550916.4800000004],[7427086.9900000002,5550914.3300000001],[7427070.3600000003,5550911.1899999995],[7427046.2300000004,5550906.7799999993],[7427039.5999999996,5550905.5700000003],[7427029.6200000001,5550903.1699999999],[7427021.8399999999,5550901.2899999991],[7427030.1399999997,5550857.0399999991],[7427032.6100000003,5550844],[7427040.1600000001,5550804.0299999993],[7427045.8099999996,5550774.6099999994],[7427048.6399999997,5550759.9100000001],[7427053.1600000001,5550727.9499999993],[7427043.9400000004,5550720.2799999993],[7427013.5499999998,5550715.8100000005],[7426993.4199999999,5550712.9299999997],[7426986.3700000001,5550711.8699999992],[7426943.0999999996,5550705.3800000008],[7426939.4000000004,5550704.8599999994],[7426903.4100000001,5550699.8200000003]]]},"properties":{"objectid":2267742732306,"id_dzielni":15,"nr_dzielni":"XV","nazwa":"Mistrzejowice","nazwa_peln":"Dzielnica XV Mistrzejowice","opis":"UCHWAŁA NR XCIX/1509/14 RADY MIASTA KRAKOWA","powierzchn":5590035,"data_aktua":1396303200000}}]
}